marketDate,oldContractMonth,newContractMonth,contractMatch,oldClose,newClose,closeMatch,oldVolume,newVolume,volumeMatch,oldOpenInterest,newOpenInterest,openInterestMatch
2024-12-06,202412,202412,True,23179.0,23179.0,True,60688.0,60688.0,True,73146.0,73146.0,True
2024-12-09,202412,202412,True,23249.0,23249.0,True,47014.0,47014.0,True,73376.0,73376.0,True
2024-12-10,202412,202412,True,23090.0,23090.0,True,70540.0,70540.0,True,74389.0,74389.0,True
2024-12-11,202412,202412,True,22848.0,22848.0,True,60252.0,60252.0,True,76378.0,76378.0,True
2024-12-12,202412,202412,True,23107.0,23107.0,True,59344.0,59344.0,True,77376.0,77376.0,True
2024-12-13,202412,202412,True,22986.0,22986.0,True,64309.0,64309.0,True,73029.0,73029.0,True
2024-12-16,202412,202412,True,22961.0,22961.0,True,95042.0,95042.0,True,44146.0,44146.0,True
2024-12-17,202412,202412,True,23031.0,23031.0,True,77090.0,77090.0,True,27667.0,27667.0,True
2024-12-18,202412,202412,True,23105.0,23105.0,True,44222.0,44222.0,True,12952.0,12952.0,True
2024-12-19,202501,202501,True,22849.0,22849.0,True,72523.0,72523.0,True,72346.0,72346.0,True
2024-12-20,202501,202501,True,22635.0,22635.0,True,75535.0,75535.0,True,71133.0,71133.0,True
2024-12-23,202501,202501,True,23242.0,23242.0,True,67589.0,67589.0,True,73230.0,73230.0,True
2024-12-24,202501,202501,True,23216.0,23216.0,True,47581.0,47581.0,True,72189.0,72189.0,True
2024-12-25,202501,202501,True,23329.0,23329.0,True,32836.0,32836.0,True,72934.0,72934.0,True
2024-12-26,202501,202501,True,23326.0,23326.0,True,27231.0,27231.0,True,74328.0,74328.0,True
2024-12-27,202501,202501,True,23372.0,23372.0,True,43009.0,43009.0,True,73146.0,73146.0,True
2024-12-30,202501,202501,True,23177.0,23177.0,True,37022.0,37022.0,True,73059.0,73059.0,True
2024-12-31,202501,202501,True,23041.0,23041.0,True,48455.0,48455.0,True,72625.0,72625.0,True
2025-01-02,202501,202501,True,22842.0,22842.0,True,78968.0,78968.0,True,73861.0,73861.0,True
2025-01-03,202501,202501,True,22977.0,22977.0,True,62488.0,62488.0,True,71366.0,71366.0,True
2025-01-06,202501,202501,True,23609.0,23609.0,True,71554.0,71554.0,True,73696.0,73696.0,True
2025-01-07,202501,202501,True,23752.0,23752.0,True,60282.0,60282.0,True,72125.0,72125.0,True
2025-01-08,202501,202501,True,23450.0,23450.0,True,57685.0,57685.0,True,75245.0,75245.0,True
2025-01-09,202501,202501,True,23105.0,23105.0,True,61445.0,61445.0,True,74063.0,74063.0,True
2025-01-10,202501,202501,True,23049.0,23049.0,True,66921.0,66921.0,True,68891.0,68891.0,True
2025-01-13,202501,202501,True,22535.0,22535.0,True,125404.0,125404.0,True,46700.0,46700.0,True
2025-01-14,202501,202501,True,22750.0,22750.0,True,76895.0,76895.0,True,21057.0,21057.0,True
2025-01-15,202502,202502,True,22512.0,22512.0,True,40448.0,40448.0,True,69986.0,69986.0,True
2025-01-16,202502,202502,True,23031.0,23031.0,True,72531.0,72531.0,True,73986.0,73986.0,True
2025-01-17,202502,202502,True,23190.0,23190.0,True,65291.0,65291.0,True,68511.0,68511.0,True
2025-01-20,202502,202502,True,23346.0,23346.0,True,44940.0,44940.0,True,69976.0,69976.0,True
2025-01-21,202502,202502,True,23365.0,23365.0,True,54466.0,54466.0,True,69026.0,69026.0,True
2025-01-22,202502,202502,True,23698.0,23698.0,True,53241.0,53241.0,True,70561.0,70561.0,True
2025-02-03,202502,202502,True,22598.0,22598.0,True,84296.0,84296.0,True,71520.0,71520.0,True
2025-02-04,202502,202502,True,22822.0,22822.0,True,58313.0,58313.0,True,70096.0,70096.0,True
2025-02-05,202502,202502,True,23133.0,23133.0,True,58490.0,58490.0,True,71331.0,71331.0,True
2025-02-06,202502,202502,True,23290.0,23290.0,True,39302.0,39302.0,True,71292.0,71292.0,True
2025-02-07,202502,202502,True,23431.0,23431.0,True,38176.0,38176.0,True,72754.0,72754.0,True
2025-02-10,202502,202502,True,23246.0,23246.0,True,53285.0,53285.0,True,70257.0,70257.0,True
2025-02-11,202502,202502,True,23335.0,23335.0,True,48345.0,48345.0,True,70316.0,70316.0,True
2025-02-12,202502,202502,True,23315.0,23315.0,True,50117.0,50117.0,True,71120.0,71120.0,True
2025-02-13,202502,202502,True,23399.0,23399.0,True,46850.0,46850.0,True,70651.0,70651.0,True
2025-02-14,202502,202502,True,23179.0,23179.0,True,62395.0,62395.0,True,68771.0,68771.0,True
2025-02-17,202502,202502,True,23504.0,23504.0,True,81615.0,81615.0,True,41481.0,41481.0,True
2025-02-18,202502,202502,True,23649.0,23649.0,True,58109.0,58109.0,True,24299.0,24299.0,True
2025-02-19,202503,202503,True,23609.0,23609.0,True,32947.0,32947.0,True,67747.0,67747.0,True
2025-02-20,202503,202503,True,23538.0,23538.0,True,58443.0,58443.0,True,70449.0,70449.0,True
2025-02-21,,202503,False,,23745.0,False,,54437.0,False,,73602.0,False
2025-02-24,,202503,False,,23558.0,False,,48887.0,False,,71659.0,False
2025-02-25,,202503,False,,23299.0,False,,60003.0,False,,72911.0,False
2025-02-26,,202503,False,,23421.0,False,,59018.0,False,,73697.0,False
2025-02-27,,202503,False,,23196.0,False,,68861.0,False,,72728.0,False
2025-03-03,,202503,False,,22718.0,False,,78247.0,False,,78397.0,False
2025-03-04,,202503,False,,22588.0,False,,84542.0,False,,75369.0,False
2025-03-05,,202503,False,,22888.0,False,,67984.0,False,,75373.0,False
2025-03-06,,202503,False,,22763.0,False,,56232.0,False,,73607.0,False
2025-03-07,,202503,False,,22520.0,False,,54464.0,False,,73308.0,False
2025-03-10,,202503,False,,22446.0,False,,65258.0,False,,74605.0,False
2025-03-11,,202503,False,,22031.0,False,,87716.0,False,,74438.0,False
2025-03-12,,202503,False,,22232.0,False,,67700.0,False,,74512.0,False
2025-03-13,,202503,False,,21920.0,False,,76396.0,False,,75560.0,False
2025-03-14,,202503,False,,21961.0,False,,73591.0,False,,73816.0,False
2025-03-17,,202503,False,,22158.0,False,,91180.0,False,,47768.0,False
2025-03-18,,202503,False,,22230.0,False,,73960.0,False,,25606.0,False
2025-03-19,,202504,False,,22034.0,False,,45036.0,False,,72749.0,False
2025-03-20,,202504,False,,22365.0,False,,62082.0,False,,75891.0,False
2025-03-21,,202504,False,,22177.0,False,,59593.0,False,,74124.0,False
2025-03-24,202504,202504,True,22160.0,22160.0,True,53681.0,53681.0,True,73844.0,73844.0,True
2025-03-25,202504,202504,True,22298.0,22298.0,True,64095.0,64095.0,True,72654.0,72654.0,True
2025-03-26,202504,202504,True,22305.0,22305.0,True,53992.0,53992.0,True,73536.0,73536.0,True
2025-03-27,202504,202504,True,21968.0,21968.0,True,60620.0,60620.0,True,77260.0,77260.0,True
2025-03-28,202504,202504,True,21603.0,21603.0,True,79673.0,79673.0,True,78618.0,78618.0,True
2025-03-31,202504,202504,True,20769.0,20769.0,True,103146.0,103146.0,True,77322.0,77322.0,True
2025-04-01,202504,202504,True,21181.0,21181.0,True,81447.0,81447.0,True,75350.0,75350.0,True
2025-04-02,202504,202504,True,21304.0,21304.0,True,66423.0,66423.0,True,73424.0,73424.0,True
2025-04-07,202504,202504,True,19167.0,19167.0,True,2736.0,2736.0,True,72153.0,72153.0,True
2025-04-08,202504,202504,True,18190.0,18190.0,True,152423.0,152423.0,True,74145.0,74145.0,True
2025-04-09,202504,202504,True,17204.0,17204.0,True,176779.0,176779.0,True,75040.0,75040.0,True
2025-04-10,202504,202504,True,18902.0,18902.0,True,2382.0,2382.0,True,73614.0,73614.0,True
2025-04-11,202504,202504,True,19524.0,19524.0,True,132834.0,132834.0,True,68917.0,68917.0,True
2025-04-14,202504,202504,True,19491.0,19491.0,True,129898.0,129898.0,True,42611.0,42611.0,True
2025-04-15,202504,202504,True,19798.0,19798.0,True,83145.0,83145.0,True,23627.0,23627.0,True
2025-04-16,202505,202505,True,19353.0,19353.0,True,52635.0,52635.0,True,72455.0,72455.0,True
2025-04-17,202505,202505,True,19369.0,19369.0,True,79033.0,79033.0,True,75353.0,75353.0,True
2025-04-18,202505,202505,True,19330.0,19330.0,True,43062.0,43062.0,True,75346.0,75346.0,True
2025-04-21,202505,202505,True,19099.0,19099.0,True,60135.0,60135.0,True,77958.0,77958.0,True
2025-04-22,202505,202505,True,18797.0,18797.0,True,69898.0,69898.0,True,77935.0,77935.0,True
2025-04-23,202505,202505,True,19554.0,19554.0,True,76954.0,76954.0,True,80243.0,80243.0,True
2025-04-24,202505,202505,True,19466.0,19466.0,True,58194.0,58194.0,True,76921.0,76921.0,True
2025-04-25,202505,202505,True,19873.0,19873.0,True,66662.0,66662.0,True,76739.0,76739.0,True
2025-04-28,202505,202505,True,19965.0,19965.0,True,44357.0,44357.0,True,75569.0,75569.0,True
2025-04-29,202505,202505,True,20154.0,20154.0,True,57788.0,57788.0,True,77121.0,77121.0,True
2025-04-30,202505,202505,True,20149.0,20149.0,True,58130.0,58130.0,True,75177.0,75177.0,True
2025-05-02,202505,202505,True,20677.0,20677.0,True,61777.0,61777.0,True,78333.0,78333.0,True
2025-05-05,202505,202505,True,20404.0,20404.0,True,97067.0,97067.0,True,78398.0,78398.0,True
2025-05-06,202505,202505,True,20337.0,20337.0,True,69754.0,69754.0,True,82061.0,82061.0,True
2025-05-07,202505,202505,True,20381.0,20381.0,True,73631.0,73631.0,True,83188.0,83188.0,True
2025-05-08,202505,202505,True,20575.0,20575.0,True,63264.0,63264.0,True,85049.0,85049.0,True
2025-05-09,202505,202505,True,20848.0,20848.0,True,67856.0,67856.0,True,87495.0,87495.0,True
2025-05-12,202505,202505,True,21066.0,21066.0,True,58691.0,58691.0,True,89150.0,89150.0,True
2025-05-13,202505,202505,True,21360.0,21360.0,True,61021.0,61021.0,True,88220.0,88220.0,True
2025-05-14,202505,202505,True,21768.0,21768.0,True,59116.0,59116.0,True,89341.0,89341.0,True
2025-05-15,202505,202505,True,21694.0,21694.0,True,45704.0,45704.0,True,87724.0,87724.0,True
2025-05-16,202505,202505,True,21821.0,21821.0,True,55404.0,55404.0,True,81711.0,81711.0,True
2025-05-19,202505,202505,True,21538.0,21538.0,True,98203.0,98203.0,True,47853.0,47853.0,True
2025-05-20,202505,202505,True,21539.0,21539.0,True,81214.0,81214.0,True,25454.0,25454.0,True
2025-05-21,202506,202506,True,21672.0,21672.0,True,44969.0,44969.0,True,91948.0,91948.0,True
2025-05-22,202506,202506,True,21503.0,21503.0,True,48283.0,48283.0,True,94839.0,94839.0,True
2025-05-23,202506,202506,True,21470.0,21470.0,True,51667.0,51667.0,True,94058.0,94058.0,True
2025-05-26,202506,202506,True,21385.0,21385.0,True,56961.0,56961.0,True,96104.0,96104.0,True
2025-05-27,202506,202506,True,21233.0,21233.0,True,61109.0,61109.0,True,98345.0,98345.0,True
2025-05-28,202506,202506,True,21252.0,21252.0,True,69146.0,69146.0,True,98298.0,98298.0,True
2025-05-29,202506,202506,True,21320.0,21320.0,True,76415.0,76415.0,True,98813.0,98813.0,True
2025-06-02,202506,202506,True,20866.0,20866.0,True,66441.0,66441.0,True,99450.0,99450.0,True
2025-06-03,202506,202506,True,20971.0,20971.0,True,64909.0,64909.0,True,94985.0,94985.0,True
2025-06-04,202506,202506,True,21482.0,21482.0,True,61616.0,61616.0,True,96663.0,96663.0,True
2025-06-05,202506,202506,True,21553.0,21553.0,True,46482.0,46482.0,True,95433.0,95433.0,True
2025-06-06,202506,202506,True,21578.0,21578.0,True,37655.0,37655.0,True,93993.0,93993.0,True
2025-06-09,202506,202506,True,21727.0,21727.0,True,43471.0,43471.0,True,93256.0,93256.0,True
2025-06-10,202506,202506,True,22113.0,22113.0,True,70320.0,70320.0,True,95418.0,95418.0,True
2025-06-11,202506,202506,True,22351.0,22351.0,True,53385.0,53385.0,True,92578.0,92578.0,True
2025-06-12,202506,202506,True,22252.0,22252.0,True,43973.0,43973.0,True,89914.0,89914.0,True
2025-06-13,202506,202506,True,21940.0,21940.0,True,87803.0,87803.0,True,82391.0,82391.0,True
2025-06-16,202506,202506,True,22032.0,22032.0,True,95307.0,95307.0,True,43164.0,43164.0,True
2025-06-17,202506,202506,True,22159.0,22159.0,True,88076.0,88076.0,True,18209.0,18209.0,True
2025-06-18,202507,202507,True,21930.0,21930.0,True,40655.0,40655.0,True,94806.0,94806.0,True
2025-06-19,202507,202507,True,21704.0,21704.0,True,52900.0,52900.0,True,94618.0,94618.0,True
2025-06-20,202507,202507,True,21653.0,21653.0,True,67982.0,67982.0,True,94668.0,94668.0,True
2025-06-23,202507,202507,True,21473.0,21473.0,True,72002.0,72002.0,True,95600.0,95600.0,True
2025-06-24,202507,202507,True,21959.0,21959.0,True,69758.0,69758.0,True,96864.0,96864.0,True
2025-06-25,202507,202507,True,22159.0,22159.0,True,49936.0,49936.0,True,98944.0,98944.0,True
2025-06-26,202507,202507,True,22117.0,22117.0,True,59606.0,59606.0,True,103211.0,103211.0,True
2025-06-27,202507,202507,True,22121.0,22121.0,True,60785.0,60785.0,True,104644.0,104644.0,True
2025-06-30,202507,202507,True,22145.0,22145.0,True,50980.0,50980.0,True,105186.0,105186.0,True
2025-07-01,202507,202507,True,22353.0,22353.0,True,86050.0,86050.0,True,107188.0,107188.0,True
2025-07-02,202507,202507,True,22396.0,22396.0,True,47593.0,47593.0,True,105700.0,105700.0,True
2025-07-03,202507,202507,True,22675.0,22675.0,True,53951.0,53951.0,True,105475.0,105475.0,True
2025-07-04,202507,202507,True,22435.0,22435.0,True,56506.0,56506.0,True,103430.0,103430.0,True
2025-07-07,202507,202507,True,22336.0,22336.0,True,61023.0,61023.0,True,103756.0,103756.0,True
2025-07-08,202507,202507,True,22251.0,22251.0,True,63578.0,63578.0,True,102521.0,102521.0,True
2025-07-09,202507,202507,True,22434.0,22434.0,True,57715.0,57715.0,True,102304.0,102304.0,True
2025-07-10,202507,202507,True,22611.0,22611.0,True,58504.0,58504.0,True,99658.0,99658.0,True
2025-07-11,202507,202507,True,22764.0,22764.0,True,62637.0,62637.0,True,94213.0,94213.0,True
2025-07-14,202507,202507,True,22551.0,22551.0,True,90014.0,90014.0,True,56475.0,56475.0,True
2025-07-15,202507,202507,True,22810.0,22810.0,True,102751.0,102751.0,True,21948.0,21948.0,True
2025-07-16,202508,202508,True,22920.0,22920.0,True,42855.0,42855.0,True,99502.0,99502.0,True
2025-07-17,202508,202508,True,23148.0,23148.0,True,60136.0,60136.0,True,101922.0,101922.0,True
2025-07-18,202508,202508,True,23262.0,23262.0,True,51164.0,51164.0,True,97291.0,97291.0,True
2025-07-21,202508,202508,True,23228.0,23228.0,True,40802.0,40802.0,True,94889.0,94889.0,True
2025-07-22,202508,202508,True,22990.0,22990.0,True,77037.0,77037.0,True,95637.0,95637.0,True
2025-07-23,202508,202508,True,23186.0,23186.0,True,63250.0,63250.0,True,96205.0,96205.0,True
2025-07-24,202508,202508,True,23310.0,23310.0,True,46341.0,46341.0,True,95050.0,95050.0,True
2025-07-25,202508,202508,True,23238.0,23238.0,True,43044.0,43044.0,True,95497.0,95497.0,True
2025-07-28,202508,202508,True,23392.0,23392.0,True,55104.0,55104.0,True,94908.0,94908.0,True
2025-07-29,202508,202508,True,23163.0,23163.0,True,73363.0,73363.0,True,91715.0,91715.0,True
2025-07-30,202508,202508,True,23361.0,23361.0,True,72116.0,72116.0,True,91069.0,91069.0,True
2025-07-31,202508,202508,True,23589.0,23589.0,True,66444.0,66444.0,True,91643.0,91643.0,True
2025-08-01,202508,202508,True,23344.0,23344.0,True,69641.0,69641.0,True,87973.0,87973.0,True
2025-08-04,202508,202508,True,23260.0,23260.0,True,55560.0,55560.0,True,88001.0,88001.0,True
2025-08-05,202508,202508,True,23575.0,23575.0,True,52372.0,52372.0,True,89813.0,89813.0,True
2025-08-06,202508,202508,True,23425.0,23425.0,True,45239.0,45239.0,True,86040.0,86040.0,True
2025-08-07,202508,202508,True,23997.0,23997.0,True,71465.0,71465.0,True,88584.0,88584.0,True
2025-08-08,202508,202508,True,23949.0,23949.0,True,42140.0,42140.0,True,85806.0,85806.0,True
2025-08-11,202508,202508,True,24162.0,24162.0,True,62090.0,62090.0,True,84207.0,84207.0,True
2025-08-12,202508,202508,True,24135.0,24135.0,True,53748.0,53748.0,True,82714.0,82714.0,True
2025-08-13,202508,202508,True,24347.0,24347.0,True,71303.0,71303.0,True,82242.0,82242.0,True
2025-08-14,202508,202508,True,24250.0,24250.0,True,46241.0,46241.0,True,80505.0,80505.0,True
2025-08-15,202508,202508,True,24312.0,24312.0,True,64076.0,64076.0,True,71601.0,71601.0,True
2025-08-18,202508,202508,True,24426.0,24426.0,True,86686.0,86686.0,True,45335.0,45335.0,True
2025-08-19,202508,202508,True,24342.0,24342.0,True,70121.0,70121.0,True,25409.0,25409.0,True
2025-08-20,202509,202509,True,23667.0,23667.0,True,64312.0,64312.0,True,77044.0,77044.0,True
2025-08-21,202509,202509,True,23852.0,23852.0,True,63709.0,63709.0,True,78314.0,78314.0,True
2025-08-22,202509,202509,True,23750.0,23750.0,True,56030.0,56030.0,True,79917.0,79917.0,True
2025-08-25,202509,202509,True,24251.0,24251.0,True,63108.0,63108.0,True,79500.0,79500.0,True
2025-08-26,202509,202509,True,24253.0,24253.0,True,53798.0,53798.0,True,78136.0,78136.0,True
2025-08-27,202509,202509,True,24463.0,24463.0,True,51154.0,51154.0,True,79386.0,79386.0,True
2025-08-28,202509,202509,True,24228.0,24228.0,True,62184.0,62184.0,True,77692.0,77692.0,True
2025-08-29,202509,202509,True,24267.0,24267.0,True,56576.0,56576.0,True,76941.0,76941.0,True
2025-09-01,202509,202509,True,24008.0,24008.0,True,82254.0,82254.0,True,77422.0,77422.0,True
2025-09-02,202509,202509,True,23965.0,23965.0,True,78953.0,78953.0,True,77919.0,77919.0,True
2025-09-03,202509,202509,True,23997.0,23997.0,True,57816.0,57816.0,True,78405.0,78405.0,True
2025-09-04,202509,202509,True,24132.0,24132.0,True,78433.0,78433.0,True,77307.0,77307.0,True
2025-09-05,202509,202509,True,24419.0,24419.0,True,55821.0,55821.0,True,77754.0,77754.0,True
2025-09-08,202509,202509,True,24551.0,24551.0,True,58765.0,58765.0,True,77312.0,77312.0,True
2025-09-09,202509,202509,True,24802.0,24802.0,True,56977.0,56977.0,True,79446.0,79446.0,True
2025-09-10,202509,202509,True,25178.0,25178.0,True,70661.0,70661.0,True,81079.0,81079.0,True
2025-09-11,202509,202509,True,25240.0,25240.0,True,73339.0,73339.0,True,80304.0,80304.0,True
2025-09-12,202509,202509,True,25459.0,25459.0,True,55444.0,55444.0,True,73194.0,73194.0,True
2025-09-15,202509,202509,True,25353.0,25353.0,True,89375.0,89375.0,True,40730.0,40730.0,True
2025-09-16,202509,202509,True,25629.0,25629.0,True,76338.0,76338.0,True,20444.0,20444.0,True
2025-09-17,202510,202510,True,25470.0,25470.0,True,33472.0,33472.0,True,67628.0,67628.0,True
2025-09-18,202510,202510,True,25709.0,25709.0,True,60615.0,60615.0,True,71532.0,71532.0,True
2025-09-19,202510,202510,True,25671.0,25671.0,True,59278.0,59278.0,True,71778.0,71778.0,True
2025-09-22,202510,202510,True,25891.0,25891.0,True,57516.0,57516.0,True,72252.0,72252.0,True
2025-09-23,202510,202510,True,26273.0,26273.0,True,77069.0,77069.0,True,73045.0,73045.0,True
2025-09-24,202510,202510,True,26237.0,26237.0,True,71446.0,71446.0,True,70919.0,70919.0,True
2025-09-25,202510,202510,True,26097.0,26097.0,True,55994.0,55994.0,True,69269.0,69269.0,True
2025-09-26,202510,202510,True,25669.0,25669.0,True,95718.0,95718.0,True,68993.0,68993.0,True
2025-09-30,202510,202510,True,25954.0,25954.0,True,58862.0,58862.0,True,68612.0,68612.0,True
2025-10-01,202510,202510,True,26045.0,26045.0,True,77280.0,77280.0,True,68183.0,68183.0,True
2025-10-02,202510,202510,True,26431.0,26431.0,True,57057.0,57057.0,True,69805.0,69805.0,True
2025-10-03,202510,202510,True,26745.0,26745.0,True,68029.0,68029.0,True,71284.0,71284.0,True
2025-10-07,202510,202510,True,27322.0,27322.0,True,70532.0,70532.0,True,71648.0,71648.0,True
2025-10-08,202510,202510,True,27093.0,27093.0,True,58514.0,58514.0,True,69901.0,69901.0,True
2025-10-09,202510,202510,True,27335.0,27335.0,True,71155.0,71155.0,True,67679.0,67679.0,True
2025-10-13,202510,202510,True,26904.0,26904.0,True,112620.0,112620.0,True,41428.0,41428.0,True
2025-10-14,202510,202510,True,26718.0,26718.0,True,122162.0,122162.0,True,19596.0,19596.0,True
2025-10-15,202511,202511,True,27288.0,27288.0,True,50492.0,50492.0,True,61267.0,61267.0,True
2025-10-16,202511,202511,True,27822.0,27822.0,True,93889.0,93889.0,True,64988.0,64988.0,True
2025-10-17,202511,202511,True,27328.0,27328.0,True,70093.0,70093.0,True,65454.0,65454.0,True
2025-10-20,202511,202511,True,27783.0,27783.0,True,75805.0,75805.0,True,66733.0,66733.0,True
2025-10-21,202511,202511,True,27833.0,27833.0,True,73065.0,73065.0,True,67357.0,67357.0,True
2025-10-22,202511,202511,True,27704.0,27704.0,True,77497.0,77497.0,True,64052.0,64052.0,True
2025-10-23,202511,202511,True,27556.0,27556.0,True,58000.0,58000.0,True,63279.0,63279.0,True
2025-10-27,202511,202511,True,28225.0,28225.0,True,60960.0,60960.0,True,64355.0,64355.0,True
2025-10-28,202511,202511,True,28002.0,28002.0,True,58805.0,58805.0,True,64509.0,64509.0,True
2025-10-29,202511,202511,True,28412.0,28412.0,True,59854.0,59854.0,True,66115.0,66115.0,True
2025-10-30,202511,202511,True,28398.0,28398.0,True,79008.0,79008.0,True,65284.0,65284.0,True
2025-10-31,202511,202511,True,28431.0,28431.0,True,66689.0,66689.0,True,66350.0,66350.0,True
2025-11-03,202511,202511,True,28340.0,28340.0,True,71870.0,71870.0,True,67082.0,67082.0,True
2025-11-04,202511,202511,True,28117.0,28117.0,True,87286.0,87286.0,True,67053.0,67053.0,True
2025-11-05,202511,202511,True,27805.0,27805.0,True,112619.0,112619.0,True,68021.0,68021.0,True
2025-11-06,202511,202511,True,28034.0,28034.0,True,69013.0,69013.0,True,67626.0,67626.0,True
2025-11-07,202511,202511,True,27730.0,27730.0,True,78246.0,78246.0,True,67248.0,67248.0,True
2025-11-10,202511,202511,True,28016.0,28016.0,True,70027.0,70027.0,True,67200.0,67200.0,True
2025-11-11,202511,202511,True,27780.0,27780.0,True,68312.0,68312.0,True,66600.0,66600.0,True
2025-11-12,202511,202511,True,28054.0,28054.0,True,59591.0,59591.0,True,67622.0,67622.0,True
2025-11-13,202511,202511,True,27980.0,27980.0,True,69907.0,69907.0,True,65717.0,65717.0,True
2025-11-14,202511,202511,True,27401.0,27401.0,True,75965.0,75965.0,True,66940.0,66940.0,True
2025-11-17,202511,202511,True,27479.0,27479.0,True,105151.0,105151.0,True,38590.0,38590.0,True
2025-11-18,202511,202511,True,26805.0,26805.0,True,105050.0,105050.0,True,19021.0,19021.0,True
2025-11-19,202512,202512,True,26595.0,26595.0,True,51969.0,51969.0,True,66420.0,66420.0,True
2025-11-20,202512,202512,True,27482.0,27482.0,True,86253.0,86253.0,True,67010.0,67010.0,True
2025-11-21,202512,202512,True,26486.0,26486.0,True,94807.0,94807.0,True,72140.0,72140.0,True
2025-11-24,202512,202512,True,26615.0,26615.0,True,64017.0,64017.0,True,72691.0,72691.0,True
2025-11-25,202512,202512,True,26933.0,26933.0,True,65279.0,65279.0,True,71578.0,71578.0,True
2025-11-26,202512,202512,True,27329.0,27329.0,True,65611.0,65611.0,True,75477.0,75477.0,True
2025-11-27,202512,202512,True,27583.0,27583.0,True,61470.0,61470.0,True,73249.0,73249.0,True
2025-11-28,202512,202512,True,27744.0,27744.0,True,59543.0,59543.0,True,73818.0,73818.0,True
2025-12-01,202512,202512,True,27404.0,27404.0,True,64629.0,64629.0,True,71269.0,71269.0,True
2025-12-02,202512,202512,True,27561.0,27561.0,True,56480.0,56480.0,True,70686.0,70686.0,True
2025-12-03,202512,202512,True,27758.0,27758.0,True,54873.0,54873.0,True,71057.0,71057.0,True
2025-12-04,202512,202512,True,27799.0,27799.0,True,49647.0,49647.0,True,71290.0,71290.0,True
2025-12-05,202512,202512,True,28016.0,28016.0,True,57889.0,57889.0,True,73290.0,73290.0,True
2025-12-08,202512,202512,True,28286.0,28286.0,True,46283.0,46283.0,True,74455.0,74455.0,True
2025-12-09,202512,202512,True,28220.0,28220.0,True,41059.0,41059.0,True,73380.0,73380.0,True
2025-12-10,202512,202512,True,28398.0,28398.0,True,52229.0,52229.0,True,74077.0,74077.0,True
2025-12-11,202512,202512,True,28110.0,28110.0,True,76960.0,76960.0,True,73166.0,73166.0,True
2025-12-12,202512,202512,True,28292.0,28292.0,True,55172.0,55172.0,True,69510.0,69510.0,True
2025-12-15,202512,202512,True,27907.0,27907.0,True,78935.0,78935.0,True,46562.0,46562.0,True
2025-12-16,202512,202512,True,27624.0,27624.0,True,92661.0,92661.0,True,20031.0,20031.0,True
2025-12-17,202601,202601,True,27692.0,27692.0,True,43856.0,43856.0,True,66332.0,66332.0,True
2025-12-18,202601,202601,True,27591.0,27591.0,True,66879.0,66879.0,True,70943.0,70943.0,True
2025-12-19,202601,202601,True,27894.0,27894.0,True,64331.0,64331.0,True,71847.0,71847.0,True
2025-12-22,202601,202601,True,28341.0,28341.0,True,52684.0,52684.0,True,73240.0,73240.0,True
2025-12-23,202601,202601,True,28413.0,28413.0,True,38940.0,38940.0,True,72941.0,72941.0,True
2025-12-24,202601,202601,True,28472.0,28472.0,True,37086.0,37086.0,True,74207.0,74207.0,True
2025-12-26,202601,202601,True,28673.0,28673.0,True,44249.0,44249.0,True,75964.0,75964.0,True
2025-12-29,202601,202601,True,28950.0,28950.0,True,49289.0,49289.0,True,77251.0,77251.0,True
2025-12-30,202601,202601,True,28881.0,28881.0,True,45027.0,45027.0,True,75004.0,75004.0,True
2025-12-31,202601,202601,True,29016.0,29016.0,True,53098.0,53098.0,True,72855.0,72855.0,True
2026-01-02,202601,202601,True,29473.0,29473.0,True,64172.0,64172.0,True,75017.0,75017.0,True
2026-01-05,202601,202601,True,30313.0,30313.0,True,95320.0,95320.0,True,75674.0,75674.0,True
2026-01-06,202601,202601,True,30617.0,30617.0,True,59699.0,59699.0,True,75467.0,75467.0,True
2026-01-07,202601,202601,True,30516.0,30516.0,True,57861.0,57861.0,True,74241.0,74241.0,True
2026-01-08,202601,202601,True,30458.0,30458.0,True,63571.0,63571.0,True,72580.0,72580.0,True
2026-01-09,202601,202601,True,30456.0,30456.0,True,83205.0,83205.0,True,72254.0,72254.0,True
2026-01-12,202601,202601,True,30701.0,30701.0,True,57701.0,57701.0,True,71308.0,71308.0,True
2026-01-13,202601,202601,True,30874.0,30874.0,True,76999.0,76999.0,True,72530.0,72530.0,True
2026-01-14,202601,202601,True,30982.0,30982.0,True,54974.0,54974.0,True,75427.0,75427.0,True
2026-01-15,202601,202601,True,31050.0,31050.0,True,58154.0,58154.0,True,75732.0,75732.0,True
2026-01-16,202601,202601,True,31474.0,31474.0,True,72871.0,72871.0,True,70108.0,70108.0,True
2026-01-19,202601,202601,True,31669.0,31669.0,True,89177.0,89177.0,True,46669.0,46669.0,True
2026-01-20,202601,202601,True,31672.0,31672.0,True,81251.0,81251.0,True,22999.0,22999.0,True
2026-01-21,202602,202602,True,31484.0,31484.0,True,59065.0,59065.0,True,65384.0,65384.0,True
2026-01-22,202602,202602,True,31857.0,31857.0,True,72142.0,72142.0,True,66455.0,66455.0,True
2026-01-23,202602,202602,True,32153.0,32153.0,True,68404.0,68404.0,True,67256.0,67256.0,True
2026-01-26,202602,202602,True,32144.0,32144.0,True,57175.0,57175.0,True,66009.0,66009.0,True
2026-01-27,202602,202602,True,32509.0,32509.0,True,62851.0,62851.0,True,67594.0,67594.0,True
2026-01-28,202602,202602,True,32927.0,32927.0,True,60131.0,60131.0,True,68487.0,68487.0,True
2026-01-29,202602,202602,True,32777.0,32777.0,True,78180.0,78180.0,True,70655.0,70655.0,True
2026-01-30,202602,202602,True,32247.0,32247.0,True,84129.0,84129.0,True,69935.0,69935.0,True
2026-02-02,202602,202602,True,31610.0,31610.0,True,104352.0,104352.0,True,72341.0,72341.0,True
2026-02-03,202602,202602,True,32261.0,32261.0,True,79583.0,79583.0,True,71853.0,71853.0,True
2026-02-04,202602,202602,True,32423.0,32423.0,True,67316.0,67316.0,True,71802.0,71802.0,True
2026-02-05,202602,202602,True,31907.0,31907.0,True,79892.0,79892.0,True,72022.0,72022.0,True
2026-02-06,202602,202602,True,31807.0,31807.0,True,98135.0,98135.0,True,67210.0,67210.0,True
2026-02-09,202602,202602,True,32651.0,32651.0,True,66559.0,66559.0,True,63563.0,63563.0,True
2026-02-10,202602,202602,True,33307.0,33307.0,True,97636.0,97636.0,True,43863.0,43863.0,True
2026-02-11,202602,202602,True,33691.0,33691.0,True,84634.0,84634.0,True,22710.0,22710.0,True
2026-02-23,202603,202603,True,33961.0,33961.0,True,58585.0,58585.0,True,71483.0,71483.0,True
2026-02-24,202603,202603,True,34827.0,34827.0,True,78032.0,78032.0,True,79188.0,79188.0,True
2026-02-25,202603,202603,True,35490.0,35490.0,True,86639.0,86639.0,True,81147.0,81147.0,True
2026-02-26,202603,202603,True,35604.0,35604.0,True,71915.0,71915.0,True,82090.0,82090.0,True
2026-03-02,,202603,False,,35232.0,False,,83451.0,False,,81723.0,False
2026-03-03,,202603,False,,34325.0,False,,112098.0,False,,81924.0,False
2026-03-04,,202603,False,,32834.0,False,,153854.0,False,,80836.0,False
2026-03-05,,202603,False,,33639.0,False,,117939.0,False,,77062.0,False
2026-03-06,,202603,False,,33704.0,False,,78813.0,False,,77462.0,False
2026-03-09,,202603,False,,31786.0,False,,117924.0,False,,73763.0,False
2026-03-10,,202603,False,,32696.0,False,,106333.0,False,,72741.0,False
2026-03-11,,202603,False,,33985.0,False,,79384.0,False,,77678.0,False
2026-03-12,,202603,False,,33530.0,False,,78520.0,False,,74241.0,False
2026-03-13,,202603,False,,33315.0,False,,84529.0,False,,70549.0,False
2026-03-16,,202603,False,,33250.0,False,,107940.0,False,,43657.0,False
2026-03-17,,202603,False,,33795.0,False,,77658.0,False,,24545.0,False
2026-03-18,,202604,False,,34551.0,False,,42935.0,False,,67799.0,False
2026-03-19,,202604,False,,33553.0,False,,70707.0,False,,72389.0,False
2026-03-20,,202604,False,,33559.0,False,,78064.0,False,,70587.0,False
2026-03-23,,202604,False,,32532.0,False,,85507.0,False,,71403.0,False
2026-03-24,,202604,False,,32771.0,False,,92474.0,False,,70222.0,False
2026-03-25,,202604,False,,33638.0,False,,65796.0,False,,71475.0,False
2026-03-26,,202604,False,,33440.0,False,,68947.0,False,,71761.0,False
2026-03-27,,202604,False,,33120.0,False,,64049.0,False,,70976.0,False
2026-03-30,,202604,False,,32468.0,False,,70743.0,False,,70619.0,False
2026-03-31,202604,202604,True,31979.0,31979.0,True,93371.0,93371.0,True,71514.0,71514.0,True
2026-04-01,202604,202604,True,33402.0,33402.0,True,65125.0,65125.0,True,74778.0,74778.0,True
2026-04-02,202604,202604,True,32487.0,32487.0,True,85468.0,85468.0,True,71237.0,71237.0,True
2026-04-07,202604,202604,True,33159.0,33159.0,True,51955.0,51955.0,True,71552.0,71552.0,True
2026-04-08,202604,202604,True,34996.0,34996.0,True,74154.0,74154.0,True,74508.0,74508.0,True
2026-04-09,202604,202604,True,34932.0,34932.0,True,53298.0,53298.0,True,72691.0,72691.0,True
2026-04-10,202604,202604,True,35567.0,35567.0,True,55415.0,55415.0,True,71146.0,71146.0,True
2026-04-13,202604,202604,True,35457.0,35457.0,True,83511.0,83511.0,True,38421.0,38421.0,True
2026-04-14,202604,202604,True,36381.0,36381.0,True,71746.0,71746.0,True,16844.0,16844.0,True
2026-04-15,202605,202605,True,36977.0,36977.0,True,42753.0,42753.0,True,73200.0,73200.0,True
2026-04-16,202605,202605,True,37645.0,37645.0,True,56683.0,56683.0,True,77142.0,77142.0,True
2026-04-17,202605,202605,True,37083.0,37083.0,True,51355.0,51355.0,True,78627.0,78627.0,True
2026-04-20,202605,202605,True,37254.0,37254.0,True,52704.0,52704.0,True,79491.0,79491.0,True
2026-04-21,202605,202605,True,38048.0,38048.0,True,63284.0,63284.0,True,82127.0,82127.0,True
2026-04-22,202605,202605,True,38206.0,38206.0,True,54740.0,54740.0,True,81421.0,81421.0,True
2026-04-23,202605,202605,True,37875.0,37875.0,True,111647.0,111647.0,True,78250.0,78250.0,True
2026-04-24,202605,202605,True,39224.0,39224.0,True,87114.0,87114.0,True,79817.0,79817.0,True
2026-04-27,202605,202605,True,39888.0,39888.0,True,80194.0,80194.0,True,79918.0,79918.0,True
2026-04-28,202605,202605,True,39749.0,39749.0,True,63337.0,63337.0,True,79804.0,79804.0,True
2026-04-29,202605,202605,True,39490.0,39490.0,True,59705.0,59705.0,True,79818.0,79818.0,True
2026-04-30,202605,202605,True,39360.0,39360.0,True,70719.0,70719.0,True,79725.0,79725.0,True
2026-05-04,202605,202605,True,41031.0,41031.0,True,63214.0,63214.0,True,82619.0,82619.0,True
2026-05-05,202605,202605,True,41035.0,41035.0,True,41739.0,41739.0,True,83828.0,83828.0,True
2026-05-06,202605,202605,True,41503.0,41503.0,True,83758.0,83758.0,True,84612.0,84612.0,True
2026-05-07,202605,202605,True,42340.0,42340.0,True,59558.0,59558.0,True,86565.0,86565.0,True
2026-05-08,202605,202605,True,41937.0,41937.0,True,66370.0,66370.0,True,89587.0,89587.0,True
2026-05-11,202605,202605,True,41945.0,41945.0,True,46800.0,46800.0,True,89581.0,89581.0,True
2026-05-12,202605,202605,True,41695.0,41695.0,True,72568.0,72568.0,True,87671.0,87671.0,True
2026-05-13,202605,202605,True,41469.0,41469.0,True,73412.0,73412.0,True,86783.0,86783.0,True
2026-05-14,202605,202605,True,41602.0,41602.0,True,73073.0,73073.0,True,83666.0,83666.0,True
2026-05-15,202605,202605,True,41012.0,41012.0,True,100977.0,100977.0,True,75507.0,75507.0,True
2026-05-18,202605,202605,True,40807.0,40807.0,True,99781.0,99781.0,True,42895.0,42895.0,True
2026-05-19,202605,202605,True,40248.0,40248.0,True,86112.0,86112.0,True,17052.0,17052.0,True
2026-05-20,202606,202606,True,40134.0,40134.0,True,46223.0,46223.0,True,80211.0,80211.0,True
2026-05-21,202606,202606,True,41473.0,41473.0,True,54092.0,54092.0,True,81626.0,81626.0,True
2026-05-22,202606,202606,True,42442.0,42442.0,True,57547.0,57547.0,True,82109.0,82109.0,True
2026-05-25,202606,202606,True,43877.0,43877.0,True,58040.0,58040.0,True,86161.0,86161.0,True
2026-05-26,202606,202606,True,43893.0,43893.0,True,57331.0,57331.0,True,87668.0,87668.0,True
2026-05-27,202606,202606,True,44798.0,44798.0,True,83854.0,83854.0,True,88791.0,88791.0,True
2026-05-28,202606,202606,True,43842.0,43842.0,True,98081.0,98081.0,True,92824.0,92824.0,True
2026-05-29,202606,202606,True,45285.0,45285.0,True,66493.0,66493.0,True,91961.0,91961.0,True
2026-06-01,202606,202606,True,46035.0,46035.0,True,75635.0,75635.0,True,94962.0,94962.0,True
2026-06-02,202606,202606,True,46087.0,46087.0,True,73548.0,73548.0,True,96365.0,96365.0,True
2026-06-03,202606,202606,True,46868.0,46868.0,True,56092.0,56092.0,True,96784.0,96784.0,True
2026-06-04,202606,202606,True,46294.0,46294.0,True,59484.0,59484.0,True,98581.0,98581.0,True
2026-06-05,202606,202606,True,45211.0,45211.0,True,97457.0,97457.0,True,96005.0,96005.0,True
2026-06-08,202606,202606,True,43080.0,43080.0,True,108149.0,108149.0,True,91436.0,91436.0,True
2026-06-09,202606,202606,True,44665.0,44665.0,True,73328.0,73328.0,True,86704.0,86704.0,True
2026-06-10,202606,202606,True,43422.0,43422.0,True,94590.0,94590.0,True,82895.0,82895.0,True
2026-06-11,202606,202606,True,43241.0,43241.0,True,103003.0,103003.0,True,77902.0,77902.0,True
2026-06-12,202606,202606,True,44188.0,44188.0,True,80412.0,80412.0,True,71366.0,71366.0,True
2026-06-15,202606,202606,True,45580.0,45580.0,True,93560.0,93560.0,True,44213.0,44213.0,True
2026-06-16,202606,202606,True,45772.0,45772.0,True,78609.0,78609.0,True,21508.0,21508.0,True
2026-06-17,202607,202607,True,46031.0,46031.0,True,40018.0,40018.0,True,90086.0,90086.0,True
2026-06-18,202607,202607,True,46769.0,46769.0,True,60125.0,60125.0,True,92786.0,92786.0,True
2026-06-22,202607,202607,True,48413.0,48413.0,True,58587.0,58587.0,True,97365.0,97365.0,True
2026-06-23,202607,202607,True,47436.0,47436.0,True,78573.0,78573.0,True,100889.0,100889.0,True
2026-06-24,202607,202607,True,46387.0,46387.0,True,96199.0,96199.0,True,104070.0,104070.0,True
2026-06-25,202607,202607,True,46544.0,46544.0,True,70863.0,70863.0,True,101138.0,101138.0,True
2026-06-26,202607,202607,True,44373.0,44373.0,True,102163.0,102163.0,True,101073.0,101073.0,True
2026-06-29,202607,202607,True,45550.0,45550.0,True,73327.0,73327.0,True,100919.0,100919.0,True
2026-06-30,202607,202607,True,46730.0,46730.0,True,65773.0,65773.0,True,104145.0,104145.0,True
2026-07-01,202607,202607,True,47231.0,47231.0,True,58097.0,58097.0,True,105030.0,105030.0,True
2026-07-02,202607,202607,True,46599.0,46599.0,True,66083.0,66083.0,True,104510.0,104510.0,True
2026-07-03,202607,202607,True,46966.0,46966.0,True,58841.0,58841.0,True,103141.0,103141.0,True
2026-07-06,202607,202607,True,46886.0,46886.0,True,59366.0,59366.0,True,100870.0,100870.0,True
2026-07-07,202607,202607,True,45775.0,45775.0,True,86627.0,86627.0,True,100160.0,100160.0,True
2026-07-08,202607,202607,True,45564.0,45564.0,True,75442.0,75442.0,True,96273.0,96273.0,True
2026-07-09,202607,202607,True,45678.0,45678.0,True,73407.0,73407.0,True,91340.0,91340.0,True
2026-07-13,202607,202607,True,45617.0,45617.0,True,115784.0,115784.0,True,53129.0,53129.0,True
2026-07-14,202607,202607,True,44815.0,44815.0,True,126891.0,126891.0,True,20062.0,20062.0,True
2026-07-15,202608,202608,True,46050.0,46050.0,True,45252.0,45252.0,True,101230.0,101230.0,True
2026-07-16,202608,202608,True,45700.0,45700.0,True,70808.0,70808.0,True,106669.0,106669.0,True
2026-07-17,202608,202608,True,42725.0,42725.0,True,103520.0,103520.0,True,110864.0,110864.0,True
2026-07-20,202608,202608,True,42641.0,42641.0,True,85444.0,85444.0,True,107003.0,107003.0,True
2026-07-21,202608,202608,True,44377.0,44377.0,True,61234.0,61234.0,True,106920.0,106920.0,True
2026-07-22,202608,202608,True,44631.0,44631.0,True,66011.0,66011.0,True,103996.0,103996.0,True
2026-07-23,202608,202608,True,44930.0,44930.0,True,54342.0,54342.0,True,103097.0,103097.0,True
2026-07-24,202608,202608,True,43905.0,43905.0,True,69395.0,69395.0,True,102415.0,102415.0,True
2026-07-27,202608,202608,True,43907.0,43907.0,True,66041.0,66041.0,True,103970.0,103970.0,True
2026-07-28,202608,202608,True,41613.0,41613.0,True,81786.0,81786.0,True,104993.0,104993.0,True
2026-07-29,202608,202608,True,40392.0,40392.0,True,124405.0,124405.0,True,108507.0,108507.0,True
2026-07-30,202608,202608,True,40270.0,40270.0,True,103235.0,103235.0,True,108640.0,108640.0,True
2026-07-31,202608,202608,True,43678.0,43678.0,True,91473.0,91473.0,True,111302.0,111302.0,True
2026-08-03,202608,202608,True,43230.0,43230.0,True,69550.0,69550.0,True,109589.0,109589.0,True
2026-08-04,202608,202608,True,43357.0,43357.0,True,73478.0,73478.0,True,106602.0,106602.0,True
2026-08-05,202608,202608,True,44514.0,44514.0,True,67212.0,67212.0,True,106247.0,106247.0,True
2026-08-06,202608,202608,True,44280.0,44280.0,True,55986.0,55986.0,True,106827.0,106827.0,True
2026-08-07,202608,202608,True,44349.0,44349.0,True,56058.0,56058.0,True,102679.0,102679.0,True
2026-08-10,202608,202608,True,44987.0,44987.0,True,49606.0,49606.0,True,101913.0,101913.0,True
2026-08-11,202608,202608,True,45090.0,45090.0,True,50327.0,50327.0,True,99034.0,99034.0,True
2026-08-12,202608,202608,True,45528.0,45528.0,True,48409.0,48409.0,True,95311.0,95311.0,True
2026-08-13,202608,202608,True,46005.0,46005.0,True,43260.0,43260.0,True,92571.0,92571.0,True
2026-08-14,202608,202608,True,45841.0,45841.0,True,57509.0,57509.0,True,84339.0,84339.0,True
2026-08-17,202608,202608,True,45888.0,45888.0,True,79450.0,79450.0,True,51167.0,51167.0,True
2026-08-18,202608,202608,True,45085.0,45085.0,True,83392.0,83392.0,True,20738.0,20738.0,True
2026-08-19,202609,202609,True,44528.0,44528.0,True,42374.0,42374.0,True,100399.0,100399.0,True
2026-08-20,202609,202609,True,44868.0,44868.0,True,53693.0,53693.0,True,102620.0,102620.0,True
2026-08-21,202609,202609,True,45148.0,45148.0,True,51446.0,51446.0,True,102342.0,102342.0,True
2026-08-24,202609,202609,True,44762.0,44762.0,True,43046.0,43046.0,True,102558.0,102558.0,True
2026-08-25,202609,202609,True,45027.0,45027.0,True,55218.0,55218.0,True,102718.0,102718.0,True
2026-08-26,202609,202609,True,46011.0,46011.0,True,57745.0,57745.0,True,106112.0,106112.0,True
2026-08-27,202609,202609,True,46078.0,46078.0,True,50701.0,50701.0,True,104881.0,104881.0,True
2026-08-28,202609,202609,True,46357.0,46357.0,True,41611.0,41611.0,True,105613.0,105613.0,True
2026-08-31,202609,202609,True,45983.0,45983.0,True,53336.0,53336.0,True,104409.0,104409.0,True
2026-09-01,202609,202609,True,47209.0,47209.0,True,57627.0,57627.0,True,104368.0,104368.0,True
2026-09-02,202609,202609,True,46189.0,46189.0,True,46145.0,46145.0,True,105419.0,105419.0,True
2026-09-03,202609,202609,True,45837.0,45837.0,True,53082.0,53082.0,True,103513.0,103513.0,True
2026-09-04,202609,202609,True,46704.0,46704.0,True,50177.0,50177.0,True,104112.0,104112.0,True
2026-09-07,202609,202609,True,47470.0,47470.0,True,43189.0,43189.0,True,103693.0,103693.0,True
2026-09-08,202609,202609,True,46980.0,46980.0,True,44455.0,44455.0,True,102168.0,102168.0,True
2026-09-09,202609,202609,True,47187.0,47187.0,True,49381.0,49381.0,True,98469.0,98469.0,True
2026-09-10,202609,202609,True,46870.0,46870.0,True,48692.0,48692.0,True,94990.0,94990.0,True
2026-09-11,202609,202609,True,46218.0,46218.0,True,58137.0,58137.0,True,88464.0,88464.0,True
2026-09-14,202609,202609,True,45780.0,45780.0,True,94885.0,94885.0,True,47416.0,47416.0,True
2026-09-15,202609,202609,True,45607.0,45607.0,True,75529.0,75529.0,True,18797.0,18797.0,True
2026-09-16,202610,202610,True,46078.0,46078.0,True,36544.0,36544.0,True,95896.0,95896.0,True
2026-09-17,202610,202610,True,46445.0,46445.0,True,50102.0,50102.0,True,99476.0,99476.0,True
2026-09-18,202610,202610,True,47418.0,47418.0,True,44655.0,44655.0,True,101893.0,101893.0,True
2026-09-21,202610,202610,True,48077.0,48077.0,True,37750.0,37750.0,True,101502.0,101502.0,True
2026-09-22,202610,202610,True,48243.0,48243.0,True,41691.0,41691.0,True,102946.0,102946.0,True
2026-09-23,202610,202610,True,48336.0,48336.0,True,32929.0,32929.0,True,103311.0,103311.0,True
2026-09-24,202610,202610,True,48123.0,48123.0,True,37196.0,37196.0,True,101311.0,101311.0,True
2026-09-29,202610,202610,True,47767.0,47767.0,True,43812.0,43812.0,True,102023.0,102023.0,True
2026-09-30,202610,202610,True,48330.0,48330.0,True,42731.0,42731.0,True,105359.0,105359.0,True
2026-10-01,202610,202610,True,48685.0,48685.0,True,34458.0,34458.0,True,107607.0,107607.0,True
