forecastDate,targetDate,researchDirection,probability,naiveProbability,outcome,decisionAlignedReturn,trainingSampleCount,fitCutoff,provenance,replayRevision,rollPolicy
2025-03-05,2025-03-06,RESEARCH_SHORT,0.427237901397509,0.4,1,0.005461377140859813,30,2025-03-04,HISTORICAL_RESEARCH_AS_OF_OOS,V1R1,CONTRACT_ROLL_CLEAN_V1
2025-03-06,2025-03-07,RESEARCH_SHORT,0.3788106586200961,0.3870967741935484,1,0.010675218556429278,31,2025-03-05,HISTORICAL_RESEARCH_AS_OF_OOS,V1R1,CONTRACT_ROLL_CLEAN_V1
2025-03-07,2025-03-10,RESEARCH_SHORT,0.5461217969163854,0.40625,1,0.003285968028419184,32,2025-03-06,HISTORICAL_RESEARCH_AS_OF_OOS,V1R1,CONTRACT_ROLL_CLEAN_V1
2025-03-10,2025-03-11,RESEARCH_SHORT,0.5035704380263989,0.42424242424242425,1,0.018488817606700514,33,2025-03-07,HISTORICAL_RESEARCH_AS_OF_OOS,V1R1,CONTRACT_ROLL_CLEAN_V1
2025-03-11,2025-03-12,RESEARCH_SHORT,0.356426912587323,0.4411764705882353,0,-0.009123507784485563,34,2025-03-10,HISTORICAL_RESEARCH_AS_OF_OOS,V1R1,CONTRACT_ROLL_CLEAN_V1
2025-03-12,2025-03-13,RESEARCH_SHORT,0.543989642802627,0.45714285714285713,1,0.014033825116948506,35,2025-03-11,HISTORICAL_RESEARCH_AS_OF_OOS,V1R1,CONTRACT_ROLL_CLEAN_V1
2025-03-13,2025-03-14,RESEARCH_SHORT,0.21819203834433343,0.4444444444444444,0,-0.0018704379562044515,36,2025-03-12,HISTORICAL_RESEARCH_AS_OF_OOS,V1R1,CONTRACT_ROLL_CLEAN_V1
2025-03-14,2025-03-17,RESEARCH_SHORT,0.5681814522405678,0.4594594594594595,0,-0.008970447611675203,37,2025-03-13,HISTORICAL_RESEARCH_AS_OF_OOS,V1R1,CONTRACT_ROLL_CLEAN_V1
2025-03-17,2025-03-18,RESEARCH_SHORT,0.4019664261893143,0.4473684210526316,0,-0.0032493907392363575,38,2025-03-14,HISTORICAL_RESEARCH_AS_OF_OOS,V1R1,CONTRACT_ROLL_CLEAN_V1
2025-03-26,2025-03-27,RESEARCH_LONG,0.4804205092674995,0.425,0,-0.015108720017933175,40,2025-03-18,HISTORICAL_RESEARCH_AS_OF_OOS,V1R1,CONTRACT_ROLL_CLEAN_V1
2025-03-27,2025-03-28,RESEARCH_SHORT,0.6750720899515343,0.425,1,0.016615076474872592,40,2025-03-18,HISTORICAL_RESEARCH_AS_OF_OOS,V1R1,CONTRACT_ROLL_CLEAN_V1
2025-03-28,2025-03-31,RESEARCH_SHORT,0.4636747018665444,0.4146341463414634,1,0.03860574920149984,41,2025-03-27,HISTORICAL_RESEARCH_AS_OF_OOS,V1R1,CONTRACT_ROLL_CLEAN_V1
2025-03-31,2025-04-01,RESEARCH_SHORT,0.5929522299543344,0.42857142857142855,0,-0.019837257451008616,42,2025-03-28,HISTORICAL_RESEARCH_AS_OF_OOS,V1R1,CONTRACT_ROLL_CLEAN_V1
2025-04-01,2025-04-02,RESEARCH_SHORT,0.49990520043638836,0.4418604651162791,0,-0.005807091261035735,43,2025-03-31,HISTORICAL_RESEARCH_AS_OF_OOS,V1R1,CONTRACT_ROLL_CLEAN_V1
2025-04-02,2025-04-07,RESEARCH_SHORT,0.6995685795182939,0.4318181818181818,1,0.10030980097634246,44,2025-04-01,HISTORICAL_RESEARCH_AS_OF_OOS,V1R1,CONTRACT_ROLL_CLEAN_V1
2025-04-07,2025-04-08,RESEARCH_SHORT,0.9610335793578003,0.4222222222222222,1,0.05097302655605984,45,2025-04-02,HISTORICAL_RESEARCH_AS_OF_OOS,V1R1,CONTRACT_ROLL_CLEAN_V1
2025-04-08,2025-04-09,RESEARCH_SHORT,0.13792446884740886,0.43478260869565216,1,0.0542056074766355,46,2025-04-07,HISTORICAL_RESEARCH_AS_OF_OOS,V1R1,CONTRACT_ROLL_CLEAN_V1
2025-04-09,2025-04-10,RESEARCH_SHORT,0.00386433828249795,0.44680851063829785,0,-0.09869797721460127,47,2025-04-08,HISTORICAL_RESEARCH_AS_OF_OOS,V1R1,CONTRACT_ROLL_CLEAN_V1
2025-04-10,2025-04-11,RESEARCH_SHORT,0.9626739152441287,0.4583333333333333,0,-0.03290657073325565,48,2025-04-09,HISTORICAL_RESEARCH_AS_OF_OOS,V1R1,CONTRACT_ROLL_CLEAN_V1
2025-04-11,2025-04-14,RESEARCH_SHORT,0.032726695017327126,0.4489795918367347,1,0.0016902274124155348,49,2025-04-10,HISTORICAL_RESEARCH_AS_OF_OOS,V1R1,CONTRACT_ROLL_CLEAN_V1
2025-04-14,2025-04-15,RESEARCH_LONG,0.06581580634734374,0.44,1,0.015750859370991632,50,2025-04-11,HISTORICAL_RESEARCH_AS_OF_OOS,V1R1,CONTRACT_ROLL_CLEAN_V1
2025-04-23,2025-04-24,RESEARCH_LONG,0.45175064307773816,0.46153846153846156,0,-0.004500357983021397,52,2025-04-15,HISTORICAL_RESEARCH_AS_OF_OOS,V1R1,CONTRACT_ROLL_CLEAN_V1
2025-04-24,2025-04-25,RESEARCH_LONG,0.4395981416767494,0.46153846153846156,1,0.02090825028254395,52,2025-04-15,HISTORICAL_RESEARCH_AS_OF_OOS,V1R1,CONTRACT_ROLL_CLEAN_V1
2025-04-25,2025-04-28,RESEARCH_LONG,0.42602281765475897,0.4528301886792453,1,0.004629396668847097,53,2025-04-24,HISTORICAL_RESEARCH_AS_OF_OOS,V1R1,CONTRACT_ROLL_CLEAN_V1
2025-04-28,2025-04-29,RESEARCH_LONG,0.42727614636564787,0.46296296296296297,1,0.009466566491359796,54,2025-04-25,HISTORICAL_RESEARCH_AS_OF_OOS,V1R1,CONTRACT_ROLL_CLEAN_V1
2025-04-29,2025-04-30,RESEARCH_LONG,0.4368299071192548,0.4727272727272727,0,-0.0002480897092388412,55,2025-04-28,HISTORICAL_RESEARCH_AS_OF_OOS,V1R1,CONTRACT_ROLL_CLEAN_V1
2025-04-30,2025-05-02,RESEARCH_LONG,0.47895954639649746,0.48214285714285715,1,0.02620477443049274,56,2025-04-29,HISTORICAL_RESEARCH_AS_OF_OOS,V1R1,CONTRACT_ROLL_CLEAN_V1
2025-05-02,2025-05-05,RESEARCH_LONG,0.44331295348473493,0.47368421052631576,0,-0.013203075881414117,57,2025-04-30,HISTORICAL_RESEARCH_AS_OF_OOS,V1R1,CONTRACT_ROLL_CLEAN_V1
2025-05-05,2025-05-06,RESEARCH_LONG,0.43112799703527244,0.4827586206896552,0,-0.0032836698686532495,58,2025-05-02,HISTORICAL_RESEARCH_AS_OF_OOS,V1R1,CONTRACT_ROLL_CLEAN_V1
2025-05-06,2025-05-07,RESEARCH_LONG,0.4612815972230578,0.4745762711864407,1,0.002163544278900531,59,2025-05-05,HISTORICAL_RESEARCH_AS_OF_OOS,V1R1,CONTRACT_ROLL_CLEAN_V1
2025-05-07,2025-05-08,RESEARCH_LONG,0.4477115049913086,0.4666666666666667,1,0.00951866934890333,60,2025-05-06,HISTORICAL_RESEARCH_AS_OF_OOS,V1R1,CONTRACT_ROLL_CLEAN_V1
2025-05-08,2025-05-09,RESEARCH_LONG,0.4697725557933406,0.47540983606557374,1,0.013268529769137283,61,2025-05-07,HISTORICAL_RESEARCH_AS_OF_OOS,V1R1,CONTRACT_ROLL_CLEAN_V1
2025-05-09,2025-05-12,RESEARCH_LONG,0.49386244631244,0.4838709677419355,1,0.010456638526477269,62,2025-05-08,HISTORICAL_RESEARCH_AS_OF_OOS,V1R1,CONTRACT_ROLL_CLEAN_V1
2025-05-12,2025-05-13,RESEARCH_LONG,0.5056208923529493,0.49206349206349204,1,0.013956137852463746,63,2025-05-09,HISTORICAL_RESEARCH_AS_OF_OOS,V1R1,CONTRACT_ROLL_CLEAN_V1
2025-05-13,2025-05-14,RESEARCH_LONG,0.4793372034557801,0.5,1,0.019101123595505642,64,2025-05-12,HISTORICAL_RESEARCH_AS_OF_OOS,V1R1,CONTRACT_ROLL_CLEAN_V1
2025-05-14,2025-05-15,RESEARCH_LONG,0.5040692823391554,0.5076923076923077,0,-0.003399485483278175,65,2025-05-13,HISTORICAL_RESEARCH_AS_OF_OOS,V1R1,CONTRACT_ROLL_CLEAN_V1
2025-05-15,2025-05-16,RESEARCH_LONG,0.5299192570501221,0.5151515151515151,1,0.005854153222089042,66,2025-05-14,HISTORICAL_RESEARCH_AS_OF_OOS,V1R1,CONTRACT_ROLL_CLEAN_V1
2025-05-16,2025-05-19,RESEARCH_LONG,0.4716117886119724,0.5074626865671642,0,-0.012969158150405558,67,2025-05-15,HISTORICAL_RESEARCH_AS_OF_OOS,V1R1,CONTRACT_ROLL_CLEAN_V1
2025-05-19,2025-05-20,RESEARCH_LONG,0.3208139127705896,0.5147058823529411,1,4.6429566347816476e-05,68,2025-05-16,HISTORICAL_RESEARCH_AS_OF_OOS,V1R1,CONTRACT_ROLL_CLEAN_V1
2025-05-28,2025-05-29,RESEARCH_SHORT,0.5163745454578091,0.5142857142857142,0,-0.0031996988518727676,70,2025-05-20,HISTORICAL_RESEARCH_AS_OF_OOS,V1R1,CONTRACT_ROLL_CLEAN_V1
2025-05-29,2025-06-02,RESEARCH_SHORT,0.5166752355640687,0.5142857142857142,1,0.021294559099437116,70,2025-05-20,HISTORICAL_RESEARCH_AS_OF_OOS,V1R1,CONTRACT_ROLL_CLEAN_V1
2025-06-02,2025-06-03,RESEARCH_SHORT,0.5316467969111983,0.5070422535211268,0,-0.005032109652065575,71,2025-05-29,HISTORICAL_RESEARCH_AS_OF_OOS,V1R1,CONTRACT_ROLL_CLEAN_V1
2025-06-03,2025-06-04,RESEARCH_SHORT,0.5209954354494171,0.5138888888888888,0,-0.024366982976491425,72,2025-06-02,HISTORICAL_RESEARCH_AS_OF_OOS,V1R1,CONTRACT_ROLL_CLEAN_V1
2025-06-04,2025-06-05,RESEARCH_LONG,0.5166038963288363,0.5068493150684932,1,0.003305092635695006,73,2025-06-03,HISTORICAL_RESEARCH_AS_OF_OOS,V1R1,CONTRACT_ROLL_CLEAN_V1
2025-06-05,2025-06-06,RESEARCH_LONG,0.5200265015844501,0.5,1,0.001159931332065156,74,2025-06-04,HISTORICAL_RESEARCH_AS_OF_OOS,V1R1,CONTRACT_ROLL_CLEAN_V1
2025-06-06,2025-06-09,RESEARCH_LONG,0.5350893087107926,0.5066666666666667,1,0.006905181203077149,75,2025-06-05,HISTORICAL_RESEARCH_AS_OF_OOS,V1R1,CONTRACT_ROLL_CLEAN_V1
2025-06-09,2025-06-10,RESEARCH_LONG,0.5347669325276627,0.5131578947368421,1,0.017765913379665932,76,2025-06-06,HISTORICAL_RESEARCH_AS_OF_OOS,V1R1,CONTRACT_ROLL_CLEAN_V1
2025-06-10,2025-06-11,RESEARCH_LONG,0.5112990247619426,0.5194805194805194,1,0.01076289965178856,77,2025-06-09,HISTORICAL_RESEARCH_AS_OF_OOS,V1R1,CONTRACT_ROLL_CLEAN_V1
2025-06-11,2025-06-12,RESEARCH_LONG,0.5505147773480782,0.5256410256410257,0,-0.004429332020938648,78,2025-06-10,HISTORICAL_RESEARCH_AS_OF_OOS,V1R1,CONTRACT_ROLL_CLEAN_V1
2025-06-12,2025-06-13,RESEARCH_LONG,0.5690318434345648,0.5316455696202531,0,-0.014021211576487502,79,2025-06-11,HISTORICAL_RESEARCH_AS_OF_OOS,V1R1,CONTRACT_ROLL_CLEAN_V1
2025-06-13,2025-06-16,RESEARCH_LONG,0.5177002196651792,0.525,1,0.004193254329990959,80,2025-06-12,HISTORICAL_RESEARCH_AS_OF_OOS,V1R1,CONTRACT_ROLL_CLEAN_V1
2025-06-16,2025-06-17,RESEARCH_LONG,0.38894617675553816,0.5185185185185185,1,0.005764342774146725,81,2025-06-13,HISTORICAL_RESEARCH_AS_OF_OOS,V1R1,CONTRACT_ROLL_CLEAN_V1
2025-06-25,2025-06-26,RESEARCH_LONG,0.5555094622187848,0.5301204819277109,0,-0.0018953923913533899,83,2025-06-17,HISTORICAL_RESEARCH_AS_OF_OOS,V1R1,CONTRACT_ROLL_CLEAN_V1
2025-06-26,2025-06-27,RESEARCH_LONG,0.5534577267862205,0.5301204819277109,1,0.00018085635484021978,83,2025-06-17,HISTORICAL_RESEARCH_AS_OF_OOS,V1R1,CONTRACT_ROLL_CLEAN_V1
2025-06-27,2025-06-30,RESEARCH_LONG,0.535778066030947,0.5238095238095238,1,0.001084941910401982,84,2025-06-26,HISTORICAL_RESEARCH_AS_OF_OOS,V1R1,CONTRACT_ROLL_CLEAN_V1
2025-06-30,2025-07-01,RESEARCH_LONG,0.5526543266069041,0.5294117647058824,1,0.009392639421991422,85,2025-06-27,HISTORICAL_RESEARCH_AS_OF_OOS,V1R1,CONTRACT_ROLL_CLEAN_V1
2025-07-01,2025-07-02,RESEARCH_LONG,0.5315991860096837,0.5348837209302325,1,0.0019236791482126758,86,2025-06-30,HISTORICAL_RESEARCH_AS_OF_OOS,V1R1,CONTRACT_ROLL_CLEAN_V1
2025-07-02,2025-07-03,RESEARCH_LONG,0.5590599917204351,0.5402298850574713,1,0.012457581711019738,87,2025-07-01,HISTORICAL_RESEARCH_AS_OF_OOS,V1R1,CONTRACT_ROLL_CLEAN_V1
2025-07-03,2025-07-04,RESEARCH_LONG,0.5743021382549429,0.5454545454545454,0,-0.01058434399117969,88,2025-07-02,HISTORICAL_RESEARCH_AS_OF_OOS,V1R1,CONTRACT_ROLL_CLEAN_V1
2025-07-04,2025-07-07,RESEARCH_LONG,0.5557207792596763,0.550561797752809,0,-0.004412747938489003,89,2025-07-03,HISTORICAL_RESEARCH_AS_OF_OOS,V1R1,CONTRACT_ROLL_CLEAN_V1
2025-07-07,2025-07-08,RESEARCH_LONG,0.5560231459574332,0.5444444444444444,0,-0.0038055157593123168,90,2025-07-04,HISTORICAL_RESEARCH_AS_OF_OOS,V1R1,CONTRACT_ROLL_CLEAN_V1
2025-07-08,2025-07-09,RESEARCH_SHORT,0.5442307922547456,0.5384615384615384,0,-0.008224349467439662,91,2025-07-07,HISTORICAL_RESEARCH_AS_OF_OOS,V1R1,CONTRACT_ROLL_CLEAN_V1
2025-07-09,2025-07-10,RESEARCH_LONG,0.5324858282691007,0.532608695652174,1,0.007889810109654949,92,2025-07-08,HISTORICAL_RESEARCH_AS_OF_OOS,V1R1,CONTRACT_ROLL_CLEAN_V1
2025-07-10,2025-07-11,RESEARCH_SHORT,0.5332867824610799,0.5268817204301075,0,-0.0067666180177790025,93,2025-07-09,HISTORICAL_RESEARCH_AS_OF_OOS,V1R1,CONTRACT_ROLL_CLEAN_V1
2025-07-11,2025-07-14,RESEARCH_LONG,0.5350581867217878,0.5319148936170213,0,-0.00935687928307849,94,2025-07-10,HISTORICAL_RESEARCH_AS_OF_OOS,V1R1,CONTRACT_ROLL_CLEAN_V1
2025-07-14,2025-07-15,RESEARCH_LONG,0.5010783268009456,0.5263157894736842,1,0.011485078267039261,95,2025-07-11,HISTORICAL_RESEARCH_AS_OF_OOS,V1R1,CONTRACT_ROLL_CLEAN_V1
2025-07-23,2025-07-24,RESEARCH_LONG,0.5321416196980945,0.5257731958762887,1,0.005348054860691898,97,2025-07-15,HISTORICAL_RESEARCH_AS_OF_OOS,V1R1,CONTRACT_ROLL_CLEAN_V1
2025-07-24,2025-07-25,RESEARCH_LONG,0.5402951137492011,0.5257731958762887,0,-0.003088803088803105,97,2025-07-15,HISTORICAL_RESEARCH_AS_OF_OOS,V1R1,CONTRACT_ROLL_CLEAN_V1
2025-07-25,2025-07-28,RESEARCH_SHORT,0.5498986084328814,0.5306122448979592,0,-0.006627076340476767,98,2025-07-24,HISTORICAL_RESEARCH_AS_OF_OOS,V1R1,CONTRACT_ROLL_CLEAN_V1
2025-07-28,2025-07-29,RESEARCH_LONG,0.5346626011015032,0.5252525252525253,0,-0.009789671682626566,99,2025-07-25,HISTORICAL_RESEARCH_AS_OF_OOS,V1R1,CONTRACT_ROLL_CLEAN_V1
2025-07-29,2025-07-30,RESEARCH_LONG,0.5200398639807365,0.52,1,0.008548115529076528,100,2025-07-28,HISTORICAL_RESEARCH_AS_OF_OOS,V1R1,CONTRACT_ROLL_CLEAN_V1
2025-07-30,2025-07-31,RESEARCH_LONG,0.5209502152678611,0.5148514851485149,1,0.009759856170540537,101,2025-07-29,HISTORICAL_RESEARCH_AS_OF_OOS,V1R1,CONTRACT_ROLL_CLEAN_V1
2025-07-31,2025-08-01,RESEARCH_LONG,0.5245625525929564,0.5196078431372549,0,-0.010386196956208349,102,2025-07-30,HISTORICAL_RESEARCH_AS_OF_OOS,V1R1,CONTRACT_ROLL_CLEAN_V1
2025-08-01,2025-08-04,RESEARCH_LONG,0.5204252837009165,0.5242718446601942,0,-0.0035983550376970097,103,2025-07-31,HISTORICAL_RESEARCH_AS_OF_OOS,V1R1,CONTRACT_ROLL_CLEAN_V1
2025-08-04,2025-08-05,RESEARCH_SHORT,0.5171970669375512,0.5192307692307693,0,-0.01354256233877904,104,2025-08-01,HISTORICAL_RESEARCH_AS_OF_OOS,V1R1,CONTRACT_ROLL_CLEAN_V1
2025-08-05,2025-08-06,RESEARCH_LONG,0.5274162022618021,0.5142857142857142,0,-0.006362672322375418,105,2025-08-04,HISTORICAL_RESEARCH_AS_OF_OOS,V1R1,CONTRACT_ROLL_CLEAN_V1
2025-08-06,2025-08-07,RESEARCH_LONG,0.524818195609803,0.5094339622641509,1,0.024418356456777035,106,2025-08-05,HISTORICAL_RESEARCH_AS_OF_OOS,V1R1,CONTRACT_ROLL_CLEAN_V1
2025-08-07,2025-08-08,RESEARCH_LONG,0.4987596540893006,0.5046728971962616,0,-0.002000250031253925,107,2025-08-06,HISTORICAL_RESEARCH_AS_OF_OOS,V1R1,CONTRACT_ROLL_CLEAN_V1
2025-08-08,2025-08-11,RESEARCH_LONG,0.5278489234160113,0.5092592592592593,1,0.008893899536515093,108,2025-08-07,HISTORICAL_RESEARCH_AS_OF_OOS,V1R1,CONTRACT_ROLL_CLEAN_V1
2025-08-11,2025-08-12,RESEARCH_LONG,0.49944322190411855,0.5045871559633027,0,-0.0011174571641420217,109,2025-08-08,HISTORICAL_RESEARCH_AS_OF_OOS,V1R1,CONTRACT_ROLL_CLEAN_V1
2025-08-12,2025-08-13,RESEARCH_LONG,0.5282024670167825,0.509090909090909,1,0.008783923762171186,110,2025-08-11,HISTORICAL_RESEARCH_AS_OF_OOS,V1R1,CONTRACT_ROLL_CLEAN_V1
2025-08-13,2025-08-14,RESEARCH_LONG,0.5078183338063388,0.5045045045045045,0,-0.003984063745019917,111,2025-08-12,HISTORICAL_RESEARCH_AS_OF_OOS,V1R1,CONTRACT_ROLL_CLEAN_V1
2025-08-14,2025-08-15,RESEARCH_LONG,0.5292153584910182,0.5089285714285714,1,0.002556701030927755,112,2025-08-13,HISTORICAL_RESEARCH_AS_OF_OOS,V1R1,CONTRACT_ROLL_CLEAN_V1
2025-08-15,2025-08-18,RESEARCH_LONG,0.528402888823607,0.504424778761062,1,0.004689042448173808,113,2025-08-14,HISTORICAL_RESEARCH_AS_OF_OOS,V1R1,CONTRACT_ROLL_CLEAN_V1
2025-08-18,2025-08-19,RESEARCH_LONG,0.5493125894975639,0.5087719298245614,0,-0.003438958486858268,114,2025-08-15,HISTORICAL_RESEARCH_AS_OF_OOS,V1R1,CONTRACT_ROLL_CLEAN_V1
2025-08-27,2025-08-28,RESEARCH_LONG,0.5278707063982625,0.5086206896551724,0,-0.0096063442750276,116,2025-08-19,HISTORICAL_RESEARCH_AS_OF_OOS,V1R1,CONTRACT_ROLL_CLEAN_V1
2025-08-28,2025-08-29,RESEARCH_LONG,0.520969092657627,0.5086206896551724,1,0.0016097077761267897,116,2025-08-19,HISTORICAL_RESEARCH_AS_OF_OOS,V1R1,CONTRACT_ROLL_CLEAN_V1
2025-08-29,2025-09-01,RESEARCH_LONG,0.5146663557622518,0.5042735042735043,0,-0.010672930316891205,117,2025-08-28,HISTORICAL_RESEARCH_AS_OF_OOS,V1R1,CONTRACT_ROLL_CLEAN_V1
2025-09-01,2025-09-02,RESEARCH_SHORT,0.4903379239802919,0.5084745762711864,1,0.0017910696434522144,118,2025-08-29,HISTORICAL_RESEARCH_AS_OF_OOS,V1R1,CONTRACT_ROLL_CLEAN_V1
2025-09-02,2025-09-03,RESEARCH_SHORT,0.491698916573993,0.5042016806722689,0,-0.0013352806175672693,119,2025-09-01,HISTORICAL_RESEARCH_AS_OF_OOS,V1R1,CONTRACT_ROLL_CLEAN_V1
2025-09-03,2025-09-04,RESEARCH_SHORT,0.5274054180315796,0.5083333333333333,0,-0.005625703212901678,120,2025-09-02,HISTORICAL_RESEARCH_AS_OF_OOS,V1R1,CONTRACT_ROLL_CLEAN_V1
2025-09-04,2025-09-05,RESEARCH_SHORT,0.5114263355976255,0.5041322314049587,0,-0.011892922260898331,121,2025-09-03,HISTORICAL_RESEARCH_AS_OF_OOS,V1R1,CONTRACT_ROLL_CLEAN_V1
2025-09-05,2025-09-08,RESEARCH_LONG,0.5196986027491178,0.5,1,0.005405626766042726,122,2025-09-04,HISTORICAL_RESEARCH_AS_OF_OOS,V1R1,CONTRACT_ROLL_CLEAN_V1
2025-09-08,2025-09-09,RESEARCH_LONG,0.5127293464177746,0.4959349593495935,1,0.010223616145981884,123,2025-09-05,HISTORICAL_RESEARCH_AS_OF_OOS,V1R1,CONTRACT_ROLL_CLEAN_V1
2025-09-09,2025-09-10,RESEARCH_LONG,0.5130888556551882,0.5,1,0.015160067736472937,124,2025-09-08,HISTORICAL_RESEARCH_AS_OF_OOS,V1R1,CONTRACT_ROLL_CLEAN_V1
2025-09-10,2025-09-11,RESEARCH_LONG,0.5032213103224458,0.504,1,0.002462467233298904,125,2025-09-09,HISTORICAL_RESEARCH_AS_OF_OOS,V1R1,CONTRACT_ROLL_CLEAN_V1
2025-09-11,2025-09-12,RESEARCH_LONG,0.5119025522581462,0.5079365079365079,1,0.008676703645007944,126,2025-09-10,HISTORICAL_RESEARCH_AS_OF_OOS,V1R1,CONTRACT_ROLL_CLEAN_V1
2025-09-12,2025-09-15,RESEARCH_LONG,0.5485821338635443,0.5118110236220472,0,-0.004163557091794612,127,2025-09-11,HISTORICAL_RESEARCH_AS_OF_OOS,V1R1,CONTRACT_ROLL_CLEAN_V1
2025-09-15,2025-09-16,RESEARCH_LONG,0.5413444664647682,0.515625,1,0.010886285646668936,128,2025-09-12,HISTORICAL_RESEARCH_AS_OF_OOS,V1R1,CONTRACT_ROLL_CLEAN_V1
2025-09-24,2025-09-25,RESEARCH_LONG,0.5219830028261466,0.5153846153846153,0,-0.005335975911880175,130,2025-09-16,HISTORICAL_RESEARCH_AS_OF_OOS,V1R1,CONTRACT_ROLL_CLEAN_V1
2025-09-25,2025-09-26,RESEARCH_LONG,0.5328702023763727,0.5153846153846153,0,-0.016400352530942297,130,2025-09-16,HISTORICAL_RESEARCH_AS_OF_OOS,V1R1,CONTRACT_ROLL_CLEAN_V1
2025-09-26,2025-09-30,RESEARCH_SHORT,0.48139013648057494,0.5114503816793893,0,-0.011102886750555152,131,2025-09-25,HISTORICAL_RESEARCH_AS_OF_OOS,V1R1,CONTRACT_ROLL_CLEAN_V1
2025-09-30,2025-10-01,RESEARCH_LONG,0.5121283032236147,0.5075757575757576,1,0.0035062032827308798,132,2025-09-26,HISTORICAL_RESEARCH_AS_OF_OOS,V1R1,CONTRACT_ROLL_CLEAN_V1
2025-10-01,2025-10-02,RESEARCH_SHORT,0.48895102324827,0.5037593984962406,0,-0.01482050297561921,133,2025-09-30,HISTORICAL_RESEARCH_AS_OF_OOS,V1R1,CONTRACT_ROLL_CLEAN_V1
2025-10-02,2025-10-03,RESEARCH_LONG,0.5280405839754514,0.5074626865671642,1,0.0118799894063788,134,2025-10-01,HISTORICAL_RESEARCH_AS_OF_OOS,V1R1,CONTRACT_ROLL_CLEAN_V1
2025-10-03,2025-10-07,RESEARCH_LONG,0.49220924743059097,0.5037037037037037,1,0.02157412600486075,135,2025-10-02,HISTORICAL_RESEARCH_AS_OF_OOS,V1R1,CONTRACT_ROLL_CLEAN_V1
2025-10-07,2025-10-08,RESEARCH_LONG,0.5057611119934698,0.5073529411764706,0,-0.0083815240465559,136,2025-10-03,HISTORICAL_RESEARCH_AS_OF_OOS,V1R1,CONTRACT_ROLL_CLEAN_V1
2025-10-08,2025-10-09,RESEARCH_LONG,0.5360989452091184,0.5109489051094891,1,0.00893219650832311,137,2025-10-07,HISTORICAL_RESEARCH_AS_OF_OOS,V1R1,CONTRACT_ROLL_CLEAN_V1
2025-10-09,2025-10-13,RESEARCH_LONG,0.5321650229326389,0.5072463768115942,0,-0.015767331260288953,138,2025-10-08,HISTORICAL_RESEARCH_AS_OF_OOS,V1R1,CONTRACT_ROLL_CLEAN_V1
2025-10-13,2025-10-14,RESEARCH_LONG,0.49945371663693,0.5107913669064749,0,-0.006913470115967879,139,2025-10-09,HISTORICAL_RESEARCH_AS_OF_OOS,V1R1,CONTRACT_ROLL_CLEAN_V1
2025-10-22,2025-10-23,RESEARCH_LONG,0.5136989340622973,0.5035460992907801,0,-0.0053421888535951645,141,2025-10-14,HISTORICAL_RESEARCH_AS_OF_OOS,V1R1,CONTRACT_ROLL_CLEAN_V1
2025-10-23,2025-10-27,RESEARCH_SHORT,0.5077449654261295,0.5035460992907801,0,-0.024277834228480177,141,2025-10-14,HISTORICAL_RESEARCH_AS_OF_OOS,V1R1,CONTRACT_ROLL_CLEAN_V1
2025-10-27,2025-10-28,RESEARCH_LONG,0.5201012823881045,0.5,0,-0.0079007971656333,142,2025-10-23,HISTORICAL_RESEARCH_AS_OF_OOS,V1R1,CONTRACT_ROLL_CLEAN_V1
2025-10-28,2025-10-29,RESEARCH_LONG,0.5087878432815236,0.4965034965034965,1,0.014641811299192842,143,2025-10-27,HISTORICAL_RESEARCH_AS_OF_OOS,V1R1,CONTRACT_ROLL_CLEAN_V1
2025-10-29,2025-10-30,RESEARCH_LONG,0.506750930375409,0.4930555555555556,0,-0.0004927495424468242,144,2025-10-28,HISTORICAL_RESEARCH_AS_OF_OOS,V1R1,CONTRACT_ROLL_CLEAN_V1
2025-10-30,2025-10-31,RESEARCH_LONG,0.4870710461320355,0.496551724137931,1,0.0011620536657510616,145,2025-10-29,HISTORICAL_RESEARCH_AS_OF_OOS,V1R1,CONTRACT_ROLL_CLEAN_V1
2025-10-31,2025-11-03,RESEARCH_LONG,0.5097765139200486,0.4931506849315068,0,-0.0032007315957933713,146,2025-10-30,HISTORICAL_RESEARCH_AS_OF_OOS,V1R1,CONTRACT_ROLL_CLEAN_V1
2025-11-03,2025-11-04,RESEARCH_LONG,0.49307956713234247,0.4965986394557823,0,-0.007868736767819295,147,2025-10-31,HISTORICAL_RESEARCH_AS_OF_OOS,V1R1,CONTRACT_ROLL_CLEAN_V1
2025-11-04,2025-11-05,RESEARCH_LONG,0.4676074329491118,0.49324324324324326,0,-0.011096489668172227,148,2025-11-03,HISTORICAL_RESEARCH_AS_OF_OOS,V1R1,CONTRACT_ROLL_CLEAN_V1
2025-11-05,2025-11-06,RESEARCH_SHORT,0.47434072795344273,0.4899328859060403,0,-0.008235928789785962,149,2025-11-04,HISTORICAL_RESEARCH_AS_OF_OOS,V1R1,CONTRACT_ROLL_CLEAN_V1
2025-11-06,2025-11-07,RESEARCH_SHORT,0.5060751669451921,0.4866666666666667,1,0.010843975173004172,150,2025-11-05,HISTORICAL_RESEARCH_AS_OF_OOS,V1R1,CONTRACT_ROLL_CLEAN_V1
2025-11-07,2025-11-10,RESEARCH_SHORT,0.5023019918899472,0.48344370860927155,0,-0.010313739632167307,151,2025-11-06,HISTORICAL_RESEARCH_AS_OF_OOS,V1R1,CONTRACT_ROLL_CLEAN_V1
2025-11-10,2025-11-11,RESEARCH_SHORT,0.4907886617241567,0.4868421052631579,1,0.008423757852655589,152,2025-11-07,HISTORICAL_RESEARCH_AS_OF_OOS,V1R1,CONTRACT_ROLL_CLEAN_V1
2025-11-11,2025-11-12,RESEARCH_SHORT,0.4671533682547125,0.48366013071895425,0,-0.009863210943124479,153,2025-11-10,HISTORICAL_RESEARCH_AS_OF_OOS,V1R1,CONTRACT_ROLL_CLEAN_V1
2025-11-12,2025-11-13,RESEARCH_LONG,0.5047732500204215,0.487012987012987,0,-0.002637770014971119,154,2025-11-11,HISTORICAL_RESEARCH_AS_OF_OOS,V1R1,CONTRACT_ROLL_CLEAN_V1
2025-11-13,2025-11-14,RESEARCH_SHORT,0.5015336495004212,0.4838709677419355,1,0.0206933523945676,155,2025-11-12,HISTORICAL_RESEARCH_AS_OF_OOS,V1R1,CONTRACT_ROLL_CLEAN_V1
2025-11-14,2025-11-17,RESEARCH_SHORT,0.49665188560281726,0.4807692307692308,0,-0.0028466114375387264,156,2025-11-13,HISTORICAL_RESEARCH_AS_OF_OOS,V1R1,CONTRACT_ROLL_CLEAN_V1
2025-11-17,2025-11-18,RESEARCH_SHORT,0.5343197306206694,0.4840764331210191,1,0.024527821245314607,157,2025-11-14,HISTORICAL_RESEARCH_AS_OF_OOS,V1R1,CONTRACT_ROLL_CLEAN_V1
2025-11-26,2025-11-27,RESEARCH_LONG,0.47831433231680054,0.48427672955974843,1,0.009294156390647235,159,2025-11-18,HISTORICAL_RESEARCH_AS_OF_OOS,V1R1,CONTRACT_ROLL_CLEAN_V1
2025-11-27,2025-11-28,RESEARCH_LONG,0.5104193541092322,0.48427672955974843,1,0.005836928542943154,159,2025-11-18,HISTORICAL_RESEARCH_AS_OF_OOS,V1R1,CONTRACT_ROLL_CLEAN_V1
2025-11-28,2025-12-01,RESEARCH_LONG,0.4813723242159614,0.4875,0,-0.01225490196078427,160,2025-11-27,HISTORICAL_RESEARCH_AS_OF_OOS,V1R1,CONTRACT_ROLL_CLEAN_V1
2025-12-01,2025-12-02,RESEARCH_LONG,0.49660424599285763,0.4906832298136646,1,0.005729090643701751,161,2025-11-28,HISTORICAL_RESEARCH_AS_OF_OOS,V1R1,CONTRACT_ROLL_CLEAN_V1
2025-12-02,2025-12-03,RESEARCH_LONG,0.4914319389802808,0.4876543209876543,1,0.007147781285149257,162,2025-12-01,HISTORICAL_RESEARCH_AS_OF_OOS,V1R1,CONTRACT_ROLL_CLEAN_V1
2025-12-03,2025-12-04,RESEARCH_LONG,0.5094372622496072,0.49079754601226994,1,0.0014770516607824913,163,2025-12-02,HISTORICAL_RESEARCH_AS_OF_OOS,V1R1,CONTRACT_ROLL_CLEAN_V1
2025-12-04,2025-12-05,RESEARCH_LONG,0.5124826568978329,0.49390243902439024,1,0.007806036188352072,164,2025-12-03,HISTORICAL_RESEARCH_AS_OF_OOS,V1R1,CONTRACT_ROLL_CLEAN_V1
2025-12-05,2025-12-08,RESEARCH_LONG,0.5028568275972379,0.49696969696969695,1,0.009637350085665242,165,2025-12-04,HISTORICAL_RESEARCH_AS_OF_OOS,V1R1,CONTRACT_ROLL_CLEAN_V1
2025-12-08,2025-12-09,RESEARCH_LONG,0.49960507909189233,0.5,0,-0.0023333097645478196,166,2025-12-05,HISTORICAL_RESEARCH_AS_OF_OOS,V1R1,CONTRACT_ROLL_CLEAN_V1
2025-12-09,2025-12-10,RESEARCH_LONG,0.5377725550579137,0.5029940119760479,1,0.006307583274273609,167,2025-12-08,HISTORICAL_RESEARCH_AS_OF_OOS,V1R1,CONTRACT_ROLL_CLEAN_V1
2025-12-10,2025-12-11,RESEARCH_LONG,0.5246299863055238,0.5,0,-0.010141559264736921,168,2025-12-09,HISTORICAL_RESEARCH_AS_OF_OOS,V1R1,CONTRACT_ROLL_CLEAN_V1
2025-12-11,2025-12-12,RESEARCH_LONG,0.4438452891948836,0.5029585798816568,1,0.006474564212024081,169,2025-12-10,HISTORICAL_RESEARCH_AS_OF_OOS,V1R1,CONTRACT_ROLL_CLEAN_V1
2025-12-12,2025-12-15,RESEARCH_LONG,0.5348752415549461,0.5,0,-0.013608087091757426,170,2025-12-11,HISTORICAL_RESEARCH_AS_OF_OOS,V1R1,CONTRACT_ROLL_CLEAN_V1
2025-12-15,2025-12-16,RESEARCH_SHORT,0.5656699496527139,0.5029239766081871,1,0.010140824882645894,171,2025-12-12,HISTORICAL_RESEARCH_AS_OF_OOS,V1R1,CONTRACT_ROLL_CLEAN_V1
2025-12-24,2025-12-26,RESEARCH_LONG,0.5199631072417877,0.5028901734104047,1,0.007059567294183777,173,2025-12-16,HISTORICAL_RESEARCH_AS_OF_OOS,V1R1,CONTRACT_ROLL_CLEAN_V1
2025-12-26,2025-12-29,RESEARCH_LONG,0.5161856755611481,0.5028901734104047,1,0.009660656366616616,173,2025-12-16,HISTORICAL_RESEARCH_AS_OF_OOS,V1R1,CONTRACT_ROLL_CLEAN_V1
2025-12-29,2025-12-30,RESEARCH_LONG,0.5003377414402381,0.5057471264367817,0,-0.0023834196891191484,174,2025-12-26,HISTORICAL_RESEARCH_AS_OF_OOS,V1R1,CONTRACT_ROLL_CLEAN_V1
2025-12-30,2025-12-31,RESEARCH_LONG,0.5268093627423694,0.5085714285714286,1,0.004674353381115548,175,2025-12-29,HISTORICAL_RESEARCH_AS_OF_OOS,V1R1,CONTRACT_ROLL_CLEAN_V1
2025-12-31,2026-01-02,RESEARCH_LONG,0.5150120146498333,0.5056818181818182,1,0.01574993107251177,176,2025-12-30,HISTORICAL_RESEARCH_AS_OF_OOS,V1R1,CONTRACT_ROLL_CLEAN_V1
2026-01-02,2026-01-05,RESEARCH_LONG,0.4599998748552949,0.5084745762711864,1,0.028500661622501866,177,2025-12-31,HISTORICAL_RESEARCH_AS_OF_OOS,V1R1,CONTRACT_ROLL_CLEAN_V1
2026-01-05,2026-01-06,RESEARCH_LONG,0.43037935172776765,0.5112359550561798,1,0.01002870055751659,178,2026-01-02,HISTORICAL_RESEARCH_AS_OF_OOS,V1R1,CONTRACT_ROLL_CLEAN_V1
2026-01-06,2026-01-07,RESEARCH_LONG,0.4784957104688809,0.5139664804469274,0,-0.0032988209164842575,179,2026-01-05,HISTORICAL_RESEARCH_AS_OF_OOS,V1R1,CONTRACT_ROLL_CLEAN_V1
2026-01-07,2026-01-08,RESEARCH_LONG,0.5437561798975212,0.5166666666666667,0,-0.0019006422860139427,180,2026-01-06,HISTORICAL_RESEARCH_AS_OF_OOS,V1R1,CONTRACT_ROLL_CLEAN_V1
2026-01-08,2026-01-09,RESEARCH_LONG,0.520131428824708,0.5138121546961326,0,-6.566419331544004e-05,181,2026-01-07,HISTORICAL_RESEARCH_AS_OF_OOS,V1R1,CONTRACT_ROLL_CLEAN_V1
2026-01-09,2026-01-12,RESEARCH_LONG,0.46137940030415037,0.510989010989011,1,0.008044391909640236,182,2026-01-08,HISTORICAL_RESEARCH_AS_OF_OOS,V1R1,CONTRACT_ROLL_CLEAN_V1
2026-01-12,2026-01-13,RESEARCH_LONG,0.5314698339148494,0.5081967213114754,1,0.005634995602749049,183,2026-01-09,HISTORICAL_RESEARCH_AS_OF_OOS,V1R1,CONTRACT_ROLL_CLEAN_V1
2026-01-13,2026-01-14,RESEARCH_LONG,0.45769897136941834,0.5108695652173914,1,0.003498089006931382,184,2026-01-12,HISTORICAL_RESEARCH_AS_OF_OOS,V1R1,CONTRACT_ROLL_CLEAN_V1
2026-01-14,2026-01-15,RESEARCH_LONG,0.5250586852898634,0.5135135135135135,1,0.002194822800335672,185,2026-01-13,HISTORICAL_RESEARCH_AS_OF_OOS,V1R1,CONTRACT_ROLL_CLEAN_V1
2026-01-15,2026-01-16,RESEARCH_LONG,0.5175584977222188,0.5161290322580645,1,0.013655394524959785,186,2026-01-14,HISTORICAL_RESEARCH_AS_OF_OOS,V1R1,CONTRACT_ROLL_CLEAN_V1
2026-01-16,2026-01-19,RESEARCH_LONG,0.5191498186966303,0.5187165775401069,1,0.00619559001080261,187,2026-01-15,HISTORICAL_RESEARCH_AS_OF_OOS,V1R1,CONTRACT_ROLL_CLEAN_V1
2026-01-19,2026-01-20,RESEARCH_LONG,0.5210091991798155,0.5212765957446809,1,9.472986201020106e-05,188,2026-01-16,HISTORICAL_RESEARCH_AS_OF_OOS,V1R1,CONTRACT_ROLL_CLEAN_V1
2026-01-28,2026-01-29,RESEARCH_LONG,0.537147612981751,0.5263157894736842,0,-0.0045555319342788225,190,2026-01-20,HISTORICAL_RESEARCH_AS_OF_OOS,V1R1,CONTRACT_ROLL_CLEAN_V1
2026-01-29,2026-01-30,RESEARCH_LONG,0.5102727976566488,0.5263157894736842,0,-0.016169875217378005,190,2026-01-20,HISTORICAL_RESEARCH_AS_OF_OOS,V1R1,CONTRACT_ROLL_CLEAN_V1
2026-01-30,2026-02-02,RESEARCH_LONG,0.510437001931226,0.5235602094240838,0,-0.019753775545011898,191,2026-01-29,HISTORICAL_RESEARCH_AS_OF_OOS,V1R1,CONTRACT_ROLL_CLEAN_V1
2026-02-02,2026-02-03,RESEARCH_SHORT,0.47722189482198957,0.5208333333333334,0,-0.020594748497311022,192,2026-01-30,HISTORICAL_RESEARCH_AS_OF_OOS,V1R1,CONTRACT_ROLL_CLEAN_V1
2026-02-03,2026-02-04,RESEARCH_SHORT,0.5029024826592193,0.5181347150259067,0,-0.005021543039583465,193,2026-02-02,HISTORICAL_RESEARCH_AS_OF_OOS,V1R1,CONTRACT_ROLL_CLEAN_V1
2026-02-04,2026-02-05,RESEARCH_SHORT,0.4980629400915772,0.5154639175257731,1,0.015914628504456685,194,2026-02-03,HISTORICAL_RESEARCH_AS_OF_OOS,V1R1,CONTRACT_ROLL_CLEAN_V1
2026-02-05,2026-02-06,RESEARCH_SHORT,0.5037348852418714,0.5128205128205128,1,0.0031341085028363525,195,2026-02-04,HISTORICAL_RESEARCH_AS_OF_OOS,V1R1,CONTRACT_ROLL_CLEAN_V1
2026-02-06,2026-02-09,RESEARCH_SHORT,0.47667432921149916,0.5153061224489796,0,-0.02653503945672342,196,2026-02-05,HISTORICAL_RESEARCH_AS_OF_OOS,V1R1,CONTRACT_ROLL_CLEAN_V1
2026-02-09,2026-02-10,RESEARCH_LONG,0.5289936187684171,0.5177664974619289,1,0.020091268261309025,197,2026-02-06,HISTORICAL_RESEARCH_AS_OF_OOS,V1R1,CONTRACT_ROLL_CLEAN_V1
2026-02-10,2026-02-11,RESEARCH_LONG,0.564266380286324,0.5151515151515151,1,0.011529107995316368,198,2026-02-09,HISTORICAL_RESEARCH_AS_OF_OOS,V1R1,CONTRACT_ROLL_CLEAN_V1
2026-03-03,2026-03-04,RESEARCH_LONG,0.4129915993043969,0.52,0,-0.04343772760378728,200,2026-02-11,HISTORICAL_RESEARCH_AS_OF_OOS,V1R1,CONTRACT_ROLL_CLEAN_V1
2026-03-04,2026-03-05,RESEARCH_SHORT,0.41233975937286604,0.52,0,-0.024517268684899785,200,2026-02-11,HISTORICAL_RESEARCH_AS_OF_OOS,V1R1,CONTRACT_ROLL_CLEAN_V1
2026-03-05,2026-03-06,RESEARCH_SHORT,0.42799735438733083,0.5174129353233831,0,-0.001932280983382384,201,2026-03-04,HISTORICAL_RESEARCH_AS_OF_OOS,V1R1,CONTRACT_ROLL_CLEAN_V1
2026-03-06,2026-03-09,RESEARCH_SHORT,0.462528165769173,0.5148514851485149,1,0.05690719202468553,202,2026-03-05,HISTORICAL_RESEARCH_AS_OF_OOS,V1R1,CONTRACT_ROLL_CLEAN_V1
2026-03-09,2026-03-10,RESEARCH_SHORT,0.3646593732821667,0.5123152709359606,0,-0.028628956144214346,203,2026-03-06,HISTORICAL_RESEARCH_AS_OF_OOS,V1R1,CONTRACT_ROLL_CLEAN_V1
2026-03-10,2026-03-11,RESEARCH_SHORT,0.384378572101493,0.5147058823529411,0,-0.039423782725715784,204,2026-03-09,HISTORICAL_RESEARCH_AS_OF_OOS,V1R1,CONTRACT_ROLL_CLEAN_V1
2026-03-11,2026-03-12,RESEARCH_LONG,0.3707449896660248,0.5121951219512195,0,-0.013388259526261548,205,2026-03-10,HISTORICAL_RESEARCH_AS_OF_OOS,V1R1,CONTRACT_ROLL_CLEAN_V1
2026-03-12,2026-03-13,RESEARCH_SHORT,0.45783855535408235,0.5097087378640777,1,0.006412168207575286,206,2026-03-11,HISTORICAL_RESEARCH_AS_OF_OOS,V1R1,CONTRACT_ROLL_CLEAN_V1
2026-03-13,2026-03-16,RESEARCH_SHORT,0.3865893174556882,0.5072463768115942,1,0.0019510730901995954,207,2026-03-12,HISTORICAL_RESEARCH_AS_OF_OOS,V1R1,CONTRACT_ROLL_CLEAN_V1
2026-03-16,2026-03-17,RESEARCH_LONG,0.5483193738691623,0.5096153846153846,1,0.016390977443609067,208,2026-03-13,HISTORICAL_RESEARCH_AS_OF_OOS,V1R1,CONTRACT_ROLL_CLEAN_V1
2026-03-25,2026-03-26,RESEARCH_SHORT,0.48494690649533867,0.5142857142857142,1,0.005886200130804431,210,2026-03-17,HISTORICAL_RESEARCH_AS_OF_OOS,V1R1,CONTRACT_ROLL_CLEAN_V1
2026-03-26,2026-03-27,RESEARCH_SHORT,0.4379401102196678,0.5142857142857142,1,0.009569377990430672,210,2026-03-17,HISTORICAL_RESEARCH_AS_OF_OOS,V1R1,CONTRACT_ROLL_CLEAN_V1
2026-03-27,2026-03-30,RESEARCH_SHORT,0.463879380248903,0.5165876777251185,1,0.019685990338164205,211,2026-03-26,HISTORICAL_RESEARCH_AS_OF_OOS,V1R1,CONTRACT_ROLL_CLEAN_V1
2026-03-30,2026-03-31,RESEARCH_SHORT,0.4444705819602277,0.5188679245283019,1,0.015060983121843008,212,2026-03-27,HISTORICAL_RESEARCH_AS_OF_OOS,V1R1,CONTRACT_ROLL_CLEAN_V1
2026-03-31,2026-04-01,RESEARCH_SHORT,0.4487440357902435,0.5211267605633803,0,-0.04449795178085614,213,2026-03-30,HISTORICAL_RESEARCH_AS_OF_OOS,V1R1,CONTRACT_ROLL_CLEAN_V1
2026-04-01,2026-04-02,RESEARCH_SHORT,0.47841117619140605,0.5233644859813084,1,0.02739356924735048,214,2026-03-31,HISTORICAL_RESEARCH_AS_OF_OOS,V1R1,CONTRACT_ROLL_CLEAN_V1
2026-04-02,2026-04-07,RESEARCH_SHORT,0.35820262488180277,0.5209302325581395,0,-0.020685197155785318,215,2026-04-01,HISTORICAL_RESEARCH_AS_OF_OOS,V1R1,CONTRACT_ROLL_CLEAN_V1
2026-04-07,2026-04-08,RESEARCH_LONG,0.5088066507808093,0.5231481481481481,1,0.05539974064356579,216,2026-04-02,HISTORICAL_RESEARCH_AS_OF_OOS,V1R1,CONTRACT_ROLL_CLEAN_V1
2026-04-08,2026-04-09,RESEARCH_LONG,0.4707238344325094,0.5207373271889401,0,-0.0018287804320493706,217,2026-04-07,HISTORICAL_RESEARCH_AS_OF_OOS,V1R1,CONTRACT_ROLL_CLEAN_V1
2026-04-09,2026-04-10,RESEARCH_LONG,0.543934410983394,0.5229357798165137,1,0.01817817473949379,218,2026-04-08,HISTORICAL_RESEARCH_AS_OF_OOS,V1R1,CONTRACT_ROLL_CLEAN_V1
2026-04-10,2026-04-13,RESEARCH_LONG,0.5284674588449494,0.5205479452054794,0,-0.003092754519638974,219,2026-04-09,HISTORICAL_RESEARCH_AS_OF_OOS,V1R1,CONTRACT_ROLL_CLEAN_V1
2026-04-13,2026-04-14,RESEARCH_LONG,0.6656991422896973,0.5227272727272727,1,0.026059734326085104,220,2026-04-10,HISTORICAL_RESEARCH_AS_OF_OOS,V1R1,CONTRACT_ROLL_CLEAN_V1
2026-04-22,2026-04-23,RESEARCH_LONG,0.5210970031240991,0.5225225225225225,0,-0.008663560697272699,222,2026-04-14,HISTORICAL_RESEARCH_AS_OF_OOS,V1R1,CONTRACT_ROLL_CLEAN_V1
2026-04-23,2026-04-24,RESEARCH_LONG,0.29090574371509337,0.5225225225225225,1,0.035617161716171575,222,2026-04-14,HISTORICAL_RESEARCH_AS_OF_OOS,V1R1,CONTRACT_ROLL_CLEAN_V1
2026-04-24,2026-04-27,RESEARCH_LONG,0.4029433469661639,0.5201793721973094,1,0.016928411176830416,223,2026-04-23,HISTORICAL_RESEARCH_AS_OF_OOS,V1R1,CONTRACT_ROLL_CLEAN_V1
2026-04-27,2026-04-28,RESEARCH_LONG,0.5028055609517378,0.5223214285714286,0,-0.003484757320497356,224,2026-04-24,HISTORICAL_RESEARCH_AS_OF_OOS,V1R1,CONTRACT_ROLL_CLEAN_V1
2026-04-28,2026-04-29,RESEARCH_LONG,0.5030492239680361,0.5244444444444445,0,-0.006515887192130587,225,2026-04-27,HISTORICAL_RESEARCH_AS_OF_OOS,V1R1,CONTRACT_ROLL_CLEAN_V1
2026-04-29,2026-04-30,RESEARCH_LONG,0.49248999046589204,0.5221238938053098,0,-0.003291972651304098,226,2026-04-28,HISTORICAL_RESEARCH_AS_OF_OOS,V1R1,CONTRACT_ROLL_CLEAN_V1
2026-04-30,2026-05-04,RESEARCH_LONG,0.48636069302528945,0.5198237885462555,1,0.04245426829268295,227,2026-04-29,HISTORICAL_RESEARCH_AS_OF_OOS,V1R1,CONTRACT_ROLL_CLEAN_V1
2026-05-04,2026-05-05,RESEARCH_LONG,0.43702382586207483,0.5175438596491229,1,9.748726572600397e-05,228,2026-04-30,HISTORICAL_RESEARCH_AS_OF_OOS,V1R1,CONTRACT_ROLL_CLEAN_V1
2026-05-05,2026-05-06,RESEARCH_LONG,0.5340998632582423,0.519650655021834,1,0.01140489825758495,229,2026-05-04,HISTORICAL_RESEARCH_AS_OF_OOS,V1R1,CONTRACT_ROLL_CLEAN_V1
2026-05-06,2026-05-07,RESEARCH_LONG,0.4627939195862651,0.5217391304347826,1,0.020167216827699175,230,2026-05-05,HISTORICAL_RESEARCH_AS_OF_OOS,V1R1,CONTRACT_ROLL_CLEAN_V1
2026-05-07,2026-05-08,RESEARCH_LONG,0.5296999196156321,0.5238095238095238,0,-0.009518186112423277,231,2026-05-06,HISTORICAL_RESEARCH_AS_OF_OOS,V1R1,CONTRACT_ROLL_CLEAN_V1
2026-05-08,2026-05-11,RESEARCH_LONG,0.49485976451852537,0.5258620689655172,1,0.00019076233397719022,232,2026-05-07,HISTORICAL_RESEARCH_AS_OF_OOS,V1R1,CONTRACT_ROLL_CLEAN_V1
2026-05-11,2026-05-12,RESEARCH_LONG,0.5244904556935182,0.5236051502145923,0,-0.0059601859578019,233,2026-05-08,HISTORICAL_RESEARCH_AS_OF_OOS,V1R1,CONTRACT_ROLL_CLEAN_V1
2026-05-12,2026-05-13,RESEARCH_LONG,0.5026350472727317,0.5256410256410257,0,-0.005420314186353248,234,2026-05-11,HISTORICAL_RESEARCH_AS_OF_OOS,V1R1,CONTRACT_ROLL_CLEAN_V1
2026-05-13,2026-05-14,RESEARCH_SHORT,0.5036851051984315,0.5234042553191489,0,-0.003207215028093291,235,2026-05-12,HISTORICAL_RESEARCH_AS_OF_OOS,V1R1,CONTRACT_ROLL_CLEAN_V1
2026-05-14,2026-05-15,RESEARCH_SHORT,0.4925784096362606,0.5211864406779662,1,0.01418201048026535,236,2026-05-13,HISTORICAL_RESEARCH_AS_OF_OOS,V1R1,CONTRACT_ROLL_CLEAN_V1
2026-05-15,2026-05-18,RESEARCH_SHORT,0.4298317095930898,0.5189873417721519,1,0.004998537013557014,237,2026-05-14,HISTORICAL_RESEARCH_AS_OF_OOS,V1R1,CONTRACT_ROLL_CLEAN_V1
2026-05-18,2026-05-19,RESEARCH_SHORT,0.6219541262075208,0.5210084033613446,1,0.013698630136986356,238,2026-05-15,HISTORICAL_RESEARCH_AS_OF_OOS,V1R1,CONTRACT_ROLL_CLEAN_V1
2026-05-27,2026-05-28,RESEARCH_LONG,0.506616469938688,0.525,0,-0.02134023840350019,240,2026-05-19,HISTORICAL_RESEARCH_AS_OF_OOS,V1R1,CONTRACT_ROLL_CLEAN_V1
2026-05-28,2026-05-29,RESEARCH_LONG,0.4051361012754527,0.525,1,0.03291364445052691,240,2026-05-19,HISTORICAL_RESEARCH_AS_OF_OOS,V1R1,CONTRACT_ROLL_CLEAN_V1
2026-05-29,2026-06-01,RESEARCH_LONG,0.49597233230767207,0.5228215767634855,1,0.016561775422325287,241,2026-05-28,HISTORICAL_RESEARCH_AS_OF_OOS,V1R1,CONTRACT_ROLL_CLEAN_V1
2026-06-01,2026-06-02,RESEARCH_LONG,0.48258633573650983,0.5247933884297521,1,0.0011295753231237438,242,2026-05-29,HISTORICAL_RESEARCH_AS_OF_OOS,V1R1,CONTRACT_ROLL_CLEAN_V1
2026-06-02,2026-06-03,RESEARCH_LONG,0.5076855547403328,0.5267489711934157,1,0.016946210428103292,243,2026-06-01,HISTORICAL_RESEARCH_AS_OF_OOS,V1R1,CONTRACT_ROLL_CLEAN_V1
2026-06-03,2026-06-04,RESEARCH_LONG,0.537141233665863,0.5286885245901639,0,-0.012247162242894905,244,2026-06-02,HISTORICAL_RESEARCH_AS_OF_OOS,V1R1,CONTRACT_ROLL_CLEAN_V1
2026-06-04,2026-06-05,RESEARCH_LONG,0.5403988510188897,0.5306122448979592,0,-0.02339396034043284,245,2026-06-03,HISTORICAL_RESEARCH_AS_OF_OOS,V1R1,CONTRACT_ROLL_CLEAN_V1
2026-06-05,2026-06-08,RESEARCH_SHORT,0.503260640865023,0.5284552845528455,1,0.047134546902302565,246,2026-06-04,HISTORICAL_RESEARCH_AS_OF_OOS,V1R1,CONTRACT_ROLL_CLEAN_V1
2026-06-08,2026-06-09,RESEARCH_SHORT,0.47401541668934566,0.5263157894736842,0,-0.036792014856081634,247,2026-06-05,HISTORICAL_RESEARCH_AS_OF_OOS,V1R1,CONTRACT_ROLL_CLEAN_V1
2026-06-09,2026-06-10,RESEARCH_SHORT,0.5047797252483166,0.5282258064516129,1,0.027829396619276858,248,2026-06-08,HISTORICAL_RESEARCH_AS_OF_OOS,V1R1,CONTRACT_ROLL_CLEAN_V1
2026-06-10,2026-06-11,RESEARCH_SHORT,0.46343746918154655,0.5261044176706827,1,0.004168393901708867,249,2026-06-09,HISTORICAL_RESEARCH_AS_OF_OOS,V1R1,CONTRACT_ROLL_CLEAN_V1
2026-06-11,2026-06-12,RESEARCH_SHORT,0.48135393962162437,0.528,0,-0.021900511089012697,250,2026-06-10,HISTORICAL_RESEARCH_AS_OF_OOS,V1R1,CONTRACT_ROLL_CLEAN_V1
2026-06-12,2026-06-15,RESEARCH_SHORT,0.5346692475760951,0.5298804780876494,0,-0.03150176518511816,251,2026-06-11,HISTORICAL_RESEARCH_AS_OF_OOS,V1R1,CONTRACT_ROLL_CLEAN_V1
2026-06-15,2026-06-16,RESEARCH_LONG,0.6831820616563153,0.5277777777777778,1,0.004212373848178963,252,2026-06-12,HISTORICAL_RESEARCH_AS_OF_OOS,V1R1,CONTRACT_ROLL_CLEAN_V1
2026-06-25,2026-06-26,RESEARCH_LONG,0.5182727688516878,0.5275590551181102,0,-0.0466440357511172,254,2026-06-16,HISTORICAL_RESEARCH_AS_OF_OOS,V1R1,CONTRACT_ROLL_CLEAN_V1
2026-06-26,2026-06-29,RESEARCH_SHORT,0.45049436677965005,0.5275590551181102,0,-0.026525139161201583,254,2026-06-16,HISTORICAL_RESEARCH_AS_OF_OOS,V1R1,CONTRACT_ROLL_CLEAN_V1
2026-06-29,2026-06-30,RESEARCH_SHORT,0.45650298072931295,0.5254901960784314,0,-0.02590559824368821,255,2026-06-26,HISTORICAL_RESEARCH_AS_OF_OOS,V1R1,CONTRACT_ROLL_CLEAN_V1
2026-06-30,2026-07-01,RESEARCH_SHORT,0.46791241606559175,0.5234375,0,-0.01072116413438895,256,2026-06-29,HISTORICAL_RESEARCH_AS_OF_OOS,V1R1,CONTRACT_ROLL_CLEAN_V1
2026-07-01,2026-07-02,RESEARCH_LONG,0.5009200620067259,0.5214007782101168,0,-0.013381042112172059,257,2026-06-30,HISTORICAL_RESEARCH_AS_OF_OOS,V1R1,CONTRACT_ROLL_CLEAN_V1
2026-07-02,2026-07-03,RESEARCH_LONG,0.47250104605580207,0.5193798449612403,1,0.007875705487242257,258,2026-07-01,HISTORICAL_RESEARCH_AS_OF_OOS,V1R1,CONTRACT_ROLL_CLEAN_V1
2026-07-03,2026-07-06,RESEARCH_LONG,0.4919238092736454,0.5173745173745173,0,-0.001703359877358035,259,2026-07-02,HISTORICAL_RESEARCH_AS_OF_OOS,V1R1,CONTRACT_ROLL_CLEAN_V1
2026-07-06,2026-07-07,RESEARCH_LONG,0.5120115328733742,0.5192307692307693,0,-0.02369577272533374,260,2026-07-03,HISTORICAL_RESEARCH_AS_OF_OOS,V1R1,CONTRACT_ROLL_CLEAN_V1
2026-07-07,2026-07-08,RESEARCH_SHORT,0.4330074668910126,0.5172413793103449,1,0.004609503003823012,261,2026-07-06,HISTORICAL_RESEARCH_AS_OF_OOS,V1R1,CONTRACT_ROLL_CLEAN_V1
2026-07-08,2026-07-09,RESEARCH_SHORT,0.49351699573303354,0.5152671755725191,0,-0.002501975243613286,262,2026-07-07,HISTORICAL_RESEARCH_AS_OF_OOS,V1R1,CONTRACT_ROLL_CLEAN_V1
2026-07-09,2026-07-13,RESEARCH_SHORT,0.5034854348236656,0.5171102661596958,1,0.0013354350015324368,263,2026-07-08,HISTORICAL_RESEARCH_AS_OF_OOS,V1R1,CONTRACT_ROLL_CLEAN_V1
2026-07-13,2026-07-14,RESEARCH_SHORT,0.645242229756497,0.5151515151515151,1,0.01758116491658812,264,2026-07-09,HISTORICAL_RESEARCH_AS_OF_OOS,V1R1,CONTRACT_ROLL_CLEAN_V1
2026-07-22,2026-07-23,RESEARCH_SHORT,0.4921650006543461,0.518796992481203,0,-0.006699379355156632,266,2026-07-14,HISTORICAL_RESEARCH_AS_OF_OOS,V1R1,CONTRACT_ROLL_CLEAN_V1
2026-07-23,2026-07-24,RESEARCH_SHORT,0.4819496497576012,0.518796992481203,1,0.022813265079011824,266,2026-07-14,HISTORICAL_RESEARCH_AS_OF_OOS,V1R1,CONTRACT_ROLL_CLEAN_V1
2026-07-24,2026-07-27,RESEARCH_LONG,0.500545570664342,0.5168539325842697,1,4.555289830321385e-05,267,2026-07-23,HISTORICAL_RESEARCH_AS_OF_OOS,V1R1,CONTRACT_ROLL_CLEAN_V1
2026-07-27,2026-07-28,RESEARCH_LONG,0.4903062466592959,0.5186567164179104,0,-0.052246794360808035,268,2026-07-24,HISTORICAL_RESEARCH_AS_OF_OOS,V1R1,CONTRACT_ROLL_CLEAN_V1
2026-07-28,2026-07-29,RESEARCH_SHORT,0.4390462500551557,0.5204460966542751,1,0.029341792228390173,269,2026-07-27,HISTORICAL_RESEARCH_AS_OF_OOS,V1R1,CONTRACT_ROLL_CLEAN_V1
2026-07-29,2026-07-30,RESEARCH_SHORT,0.3345024898779956,0.5185185185185185,1,0.003020400079223662,270,2026-07-28,HISTORICAL_RESEARCH_AS_OF_OOS,V1R1,CONTRACT_ROLL_CLEAN_V1
2026-07-30,2026-07-31,RESEARCH_SHORT,0.41465444268459384,0.5202952029520295,0,-0.08462875589769059,271,2026-07-29,HISTORICAL_RESEARCH_AS_OF_OOS,V1R1,CONTRACT_ROLL_CLEAN_V1
2026-07-31,2026-08-03,RESEARCH_SHORT,0.4768426225936758,0.5220588235294118,1,0.010256879893768,272,2026-07-30,HISTORICAL_RESEARCH_AS_OF_OOS,V1R1,CONTRACT_ROLL_CLEAN_V1
2026-08-03,2026-08-04,RESEARCH_SHORT,0.49743805618926556,0.5201465201465202,0,-0.0029377746934999838,273,2026-07-31,HISTORICAL_RESEARCH_AS_OF_OOS,V1R1,CONTRACT_ROLL_CLEAN_V1
2026-08-04,2026-08-05,RESEARCH_LONG,0.5314977226585671,0.5218978102189781,1,0.026685425652143824,274,2026-08-03,HISTORICAL_RESEARCH_AS_OF_OOS,V1R1,CONTRACT_ROLL_CLEAN_V1
2026-08-05,2026-08-06,RESEARCH_LONG,0.5516427033979009,0.52,0,-0.005256773150020266,275,2026-08-04,HISTORICAL_RESEARCH_AS_OF_OOS,V1R1,CONTRACT_ROLL_CLEAN_V1
2026-08-06,2026-08-07,RESEARCH_LONG,0.5555820511656567,0.5217391304347826,1,0.0015582655826558156,276,2026-08-05,HISTORICAL_RESEARCH_AS_OF_OOS,V1R1,CONTRACT_ROLL_CLEAN_V1
2026-08-07,2026-08-10,RESEARCH_LONG,0.5252102242302514,0.51985559566787,1,0.014385893706735153,277,2026-08-06,HISTORICAL_RESEARCH_AS_OF_OOS,V1R1,CONTRACT_ROLL_CLEAN_V1
2026-08-10,2026-08-11,RESEARCH_LONG,0.5269619496089194,0.5215827338129496,1,0.0022895503145352603,278,2026-08-07,HISTORICAL_RESEARCH_AS_OF_OOS,V1R1,CONTRACT_ROLL_CLEAN_V1
2026-08-11,2026-08-12,RESEARCH_LONG,0.5387919866871692,0.5232974910394266,1,0.00971390552228879,279,2026-08-10,HISTORICAL_RESEARCH_AS_OF_OOS,V1R1,CONTRACT_ROLL_CLEAN_V1
2026-08-12,2026-08-13,RESEARCH_LONG,0.5357934417851036,0.525,1,0.010477069056404886,280,2026-08-11,HISTORICAL_RESEARCH_AS_OF_OOS,V1R1,CONTRACT_ROLL_CLEAN_V1
2026-08-13,2026-08-14,RESEARCH_LONG,0.5435604455340612,0.5266903914590747,0,-0.003564829909792455,281,2026-08-12,HISTORICAL_RESEARCH_AS_OF_OOS,V1R1,CONTRACT_ROLL_CLEAN_V1
2026-08-14,2026-08-17,RESEARCH_LONG,0.5716243002986201,0.5283687943262412,1,0.0010252830435635296,282,2026-08-13,HISTORICAL_RESEARCH_AS_OF_OOS,V1R1,CONTRACT_ROLL_CLEAN_V1
2026-08-17,2026-08-18,RESEARCH_LONG,0.6969163628279611,0.5265017667844523,0,-0.01749912831241285,283,2026-08-14,HISTORICAL_RESEARCH_AS_OF_OOS,V1R1,CONTRACT_ROLL_CLEAN_V1
2026-08-26,2026-08-27,RESEARCH_LONG,0.5182013208464816,0.5263157894736842,1,0.0014561735237226259,285,2026-08-18,HISTORICAL_RESEARCH_AS_OF_OOS,V1R1,CONTRACT_ROLL_CLEAN_V1
2026-08-27,2026-08-28,RESEARCH_LONG,0.5275892780640179,0.5263157894736842,1,0.006054950301662476,285,2026-08-18,HISTORICAL_RESEARCH_AS_OF_OOS,V1R1,CONTRACT_ROLL_CLEAN_V1
2026-08-28,2026-08-31,RESEARCH_LONG,0.5199080331941446,0.527972027972028,0,-0.008067821472485304,286,2026-08-27,HISTORICAL_RESEARCH_AS_OF_OOS,V1R1,CONTRACT_ROLL_CLEAN_V1
2026-08-31,2026-09-01,RESEARCH_LONG,0.5335100512223506,0.5296167247386759,1,0.026662027270947908,287,2026-08-28,HISTORICAL_RESEARCH_AS_OF_OOS,V1R1,CONTRACT_ROLL_CLEAN_V1
2026-09-01,2026-09-02,RESEARCH_LONG,0.5499921303267727,0.5277777777777778,0,-0.02160604969391433,288,2026-08-31,HISTORICAL_RESEARCH_AS_OF_OOS,V1R1,CONTRACT_ROLL_CLEAN_V1
2026-09-02,2026-09-03,RESEARCH_LONG,0.5076568419343934,0.5294117647058824,0,-0.007620862110026216,289,2026-09-01,HISTORICAL_RESEARCH_AS_OF_OOS,V1R1,CONTRACT_ROLL_CLEAN_V1
2026-09-03,2026-09-04,RESEARCH_SHORT,0.5133215344363392,0.5275862068965518,0,-0.018914850448327858,290,2026-09-02,HISTORICAL_RESEARCH_AS_OF_OOS,V1R1,CONTRACT_ROLL_CLEAN_V1
2026-09-04,2026-09-07,RESEARCH_LONG,0.5090378609624424,0.5257731958762887,1,0.016401164782459787,291,2026-09-03,HISTORICAL_RESEARCH_AS_OF_OOS,V1R1,CONTRACT_ROLL_CLEAN_V1
2026-09-07,2026-09-08,RESEARCH_LONG,0.525458851533296,0.523972602739726,0,-0.010322308826627324,292,2026-09-04,HISTORICAL_RESEARCH_AS_OF_OOS,V1R1,CONTRACT_ROLL_CLEAN_V1
2026-09-08,2026-09-09,RESEARCH_SHORT,0.5090764450082961,0.5255972696245734,0,-0.004406130268199249,293,2026-09-07,HISTORICAL_RESEARCH_AS_OF_OOS,V1R1,CONTRACT_ROLL_CLEAN_V1
2026-09-09,2026-09-10,RESEARCH_LONG,0.5316366984446813,0.5238095238095238,0,-0.006717951978299053,294,2026-09-08,HISTORICAL_RESEARCH_AS_OF_OOS,V1R1,CONTRACT_ROLL_CLEAN_V1
2026-09-10,2026-09-11,RESEARCH_LONG,0.52931551476601,0.5220338983050847,0,-0.013910817153829691,295,2026-09-09,HISTORICAL_RESEARCH_AS_OF_OOS,V1R1,CONTRACT_ROLL_CLEAN_V1
2026-09-11,2026-09-14,RESEARCH_SHORT,0.5214818351439549,0.5202702702702703,1,0.00947682721017784,296,2026-09-10,HISTORICAL_RESEARCH_AS_OF_OOS,V1R1,CONTRACT_ROLL_CLEAN_V1
2026-09-14,2026-09-15,RESEARCH_SHORT,0.6633864953632487,0.5185185185185185,1,0.003778942769768423,297,2026-09-11,HISTORICAL_RESEARCH_AS_OF_OOS,V1R1,CONTRACT_ROLL_CLEAN_V1
2026-09-23,2026-09-24,RESEARCH_LONG,0.5236814249380674,0.5217391304347826,0,-0.00440665342601787,299,2026-09-15,HISTORICAL_RESEARCH_AS_OF_OOS,V1R1,CONTRACT_ROLL_CLEAN_V1
2026-09-24,2026-09-29,RESEARCH_LONG,0.5278619173893516,0.5217391304347826,0,-0.007397710034702687,299,2026-09-15,HISTORICAL_RESEARCH_AS_OF_OOS,V1R1,CONTRACT_ROLL_CLEAN_V1
2026-09-29,2026-09-30,RESEARCH_LONG,0.4983384387490478,0.52,1,0.011786379718215612,300,2026-09-24,HISTORICAL_RESEARCH_AS_OF_OOS,V1R1,CONTRACT_ROLL_CLEAN_V1
2026-09-30,2026-10-01,RESEARCH_LONG,0.48129160105759317,0.5182724252491694,1,0.007345334160976602,301,2026-09-29,HISTORICAL_RESEARCH_AS_OF_OOS,V1R1,CONTRACT_ROLL_CLEAN_V1
