time,contractMonth,open,high,low,close,change,changePct,volume,openInterest,settlement,source
2024-12-06,202412,23321.0,23360.0,23134.0,23179.0,-73.0,-0.31,60688.0,73146.0,23180.0,TAIFEX 期貨每日行情下載
2024-12-09,202412,23193.0,23287.0,23170.0,23249.0,69.0,0.3,47014.0,73376.0,23250.0,TAIFEX 期貨每日行情下載
2024-12-10,202412,23228.0,23337.0,23026.0,23090.0,-160.0,-0.69,70540.0,74389.0,23078.0,TAIFEX 期貨每日行情下載
2024-12-11,202412,22887.0,23055.0,22824.0,22848.0,-230.0,-1.0,60252.0,76378.0,22847.0,TAIFEX 期貨每日行情下載
2024-12-12,202412,23004.0,23211.0,23003.0,23107.0,260.0,1.14,59344.0,77376.0,23107.0,TAIFEX 期貨每日行情下載
2024-12-13,202412,22996.0,23092.0,22888.0,22986.0,-121.0,-0.52,64309.0,73029.0,22984.0,TAIFEX 期貨每日行情下載
2024-12-16,202412,23220.0,23270.0,22946.0,22961.0,-23.0,-0.1,95042.0,44146.0,22966.0,TAIFEX 期貨每日行情下載
2024-12-17,202412,23105.0,23215.0,23024.0,23031.0,65.0,0.28,77090.0,27667.0,23030.0,TAIFEX 期貨每日行情下載
2024-12-18,202412,22937.0,23200.0,22902.0,23105.0,75.0,0.33,44222.0,12952.0,0.0,TAIFEX 期貨每日行情下載
2024-12-19,202501,22747.0,22906.0,22718.0,22849.0,-330.0,-1.42,72523.0,72346.0,22852.0,TAIFEX 期貨每日行情下載
2024-12-20,202501,22767.0,22793.0,22590.0,22635.0,-217.0,-0.95,75535.0,71133.0,22631.0,TAIFEX 期貨每日行情下載
2024-12-23,202501,22904.0,23245.0,22899.0,23242.0,611.0,2.7,67589.0,73230.0,23233.0,TAIFEX 期貨每日行情下載
2024-12-24,202501,23430.0,23459.0,23187.0,23216.0,-17.0,-0.07,47581.0,72189.0,23201.0,TAIFEX 期貨每日行情下載
2024-12-25,202501,23340.0,23349.0,23240.0,23329.0,128.0,0.55,32836.0,72934.0,23326.0,TAIFEX 期貨每日行情下載
2024-12-26,202501,23358.0,23380.0,23285.0,23326.0,0.0,0.0,27231.0,74328.0,23326.0,TAIFEX 期貨每日行情下載
2024-12-27,202501,23194.0,23378.0,23148.0,23372.0,46.0,0.2,43009.0,73146.0,23372.0,TAIFEX 期貨每日行情下載
2024-12-30,202501,23202.0,23324.0,23154.0,23177.0,-195.0,-0.83,37022.0,73059.0,23171.0,TAIFEX 期貨每日行情下載
2024-12-31,202501,22998.0,23110.0,22955.0,23041.0,-130.0,-0.56,48455.0,72625.0,23044.0,TAIFEX 期貨每日行情下載
2025-01-02,202501,22935.0,22995.0,22689.0,22842.0,-202.0,-0.88,78968.0,73861.0,22843.0,TAIFEX 期貨每日行情下載
2025-01-03,202501,22935.0,23108.0,22905.0,22977.0,134.0,0.59,62488.0,71366.0,22977.0,TAIFEX 期貨每日行情下載
2025-01-06,202501,23222.0,23620.0,23218.0,23609.0,632.0,2.75,71554.0,73696.0,23606.0,TAIFEX 期貨每日行情下載
2025-01-07,202501,23965.0,23990.0,23723.0,23752.0,146.0,0.62,60282.0,72125.0,23742.0,TAIFEX 期貨每日行情下載
2025-01-08,202501,23549.0,23649.0,23439.0,23450.0,-292.0,-1.23,57685.0,75245.0,23449.0,TAIFEX 期貨每日行情下載
2025-01-09,202501,23258.0,23410.0,23083.0,23105.0,-344.0,-1.47,61445.0,74063.0,23099.0,TAIFEX 期貨每日行情下載
2025-01-10,202501,23083.0,23141.0,22955.0,23049.0,-50.0,-0.22,66921.0,68891.0,23058.0,TAIFEX 期貨每日行情下載
2025-01-13,202501,22960.0,23008.0,22431.0,22535.0,-523.0,-2.27,125404.0,46700.0,22540.0,TAIFEX 期貨每日行情下載
2025-01-14,202501,22594.0,22767.0,22530.0,22750.0,210.0,0.93,76895.0,21057.0,22754.0,TAIFEX 期貨每日行情下載
2025-01-15,202502,22814.0,22821.0,22512.0,22512.0,-312.0,-1.37,40448.0,69986.0,22515.0,TAIFEX 期貨每日行情下載
2025-01-16,202502,23080.0,23217.0,22990.0,23031.0,516.0,2.29,72531.0,73986.0,23035.0,TAIFEX 期貨每日行情下載
2025-01-17,202502,23277.0,23318.0,22956.0,23190.0,155.0,0.67,65291.0,68511.0,23188.0,TAIFEX 期貨每日行情下載
2025-01-20,202502,23249.0,23417.0,23222.0,23346.0,158.0,0.68,44940.0,69976.0,23343.0,TAIFEX 期貨每日行情下載
2025-01-21,202502,23426.0,23432.0,23203.0,23365.0,22.0,0.09,54466.0,69026.0,23361.0,TAIFEX 期貨每日行情下載
2025-01-22,202502,23600.0,23719.0,23573.0,23698.0,337.0,1.44,53241.0,70561.0,23689.0,TAIFEX 期貨每日行情下載
2025-02-03,202502,22680.0,22817.0,22539.0,22598.0,-1091.0,-4.61,84296.0,71520.0,22596.0,TAIFEX 期貨每日行情下載
2025-02-04,202502,22919.0,22945.0,22708.0,22822.0,226.0,1.0,58313.0,70096.0,22825.0,TAIFEX 期貨每日行情下載
2025-02-05,202502,23077.0,23284.0,23063.0,23133.0,308.0,1.35,58490.0,71331.0,23137.0,TAIFEX 期貨每日行情下載
2025-02-06,202502,23355.0,23379.0,23234.0,23290.0,153.0,0.66,39302.0,71292.0,23295.0,TAIFEX 期貨每日行情下載
2025-02-07,202502,23285.0,23465.0,23278.0,23431.0,136.0,0.58,38176.0,72754.0,23428.0,TAIFEX 期貨每日行情下載
2025-02-10,202502,23324.0,23366.0,23167.0,23246.0,-182.0,-0.78,53285.0,70257.0,23236.0,TAIFEX 期貨每日行情下載
2025-02-11,202502,23391.0,23503.0,23302.0,23335.0,99.0,0.43,48345.0,70316.0,23334.0,TAIFEX 期貨每日行情下載
2025-02-12,202502,23429.0,23536.0,23292.0,23315.0,-19.0,-0.08,50117.0,71120.0,23311.0,TAIFEX 期貨每日行情下載
2025-02-13,202502,23435.0,23460.0,23250.0,23399.0,88.0,0.38,46850.0,70651.0,23401.0,TAIFEX 期貨每日行情下載
2025-02-14,202502,23338.0,23349.0,23116.0,23179.0,-222.0,-0.95,62395.0,68771.0,23180.0,TAIFEX 期貨每日行情下載
2025-02-17,202502,23286.0,23540.0,23283.0,23504.0,324.0,1.4,81615.0,41481.0,23506.0,TAIFEX 期貨每日行情下載
2025-02-18,202502,23570.0,23663.0,23466.0,23649.0,143.0,0.61,58109.0,24299.0,23645.0,TAIFEX 期貨每日行情下載
2025-02-19,202503,23582.0,23695.0,23568.0,23609.0,-43.0,-0.18,32947.0,67747.0,23610.0,TAIFEX 期貨每日行情下載
2025-02-20,202503,23505.0,23564.0,23371.0,23538.0,-72.0,-0.3,58443.0,70449.0,23536.0,TAIFEX 期貨每日行情下載
2025-02-21,202503,23533.0,23761.0,23474.0,23745.0,209.0,0.89,54437.0,73602.0,23743.0,TAIFEX 期貨每日行情下載
2025-02-24,202503,23549.0,23564.0,23444.0,23558.0,-185.0,-0.78,48887.0,71659.0,23556.0,TAIFEX 期貨每日行情下載
2025-02-25,202503,23231.0,23345.0,23138.0,23299.0,-257.0,-1.09,60003.0,72911.0,23295.0,TAIFEX 期貨每日行情下載
2025-02-26,202503,23150.0,23421.0,23104.0,23421.0,126.0,0.54,59018.0,73697.0,23417.0,TAIFEX 期貨每日行情下載
2025-02-27,202503,23374.0,23434.0,23127.0,23196.0,-221.0,-0.94,68861.0,72728.0,23189.0,TAIFEX 期貨每日行情下載
2025-03-03,202503,22650.0,22797.0,22611.0,22718.0,-471.0,-2.03,78247.0,78397.0,22724.0,TAIFEX 期貨每日行情下載
2025-03-04,202503,22242.0,22668.0,22194.0,22588.0,-136.0,-0.6,84542.0,75369.0,22588.0,TAIFEX 期貨每日行情下載
2025-03-05,202503,22659.0,22927.0,22637.0,22888.0,300.0,1.33,67984.0,75373.0,22892.0,TAIFEX 期貨每日行情下載
2025-03-06,202503,22991.0,23017.0,22704.0,22763.0,-129.0,-0.56,56232.0,73607.0,22762.0,TAIFEX 期貨每日行情下載
2025-03-07,202503,22499.0,22685.0,22480.0,22520.0,-242.0,-1.06,54464.0,73308.0,22523.0,TAIFEX 期貨每日行情下載
2025-03-10,202503,22456.0,22547.0,22315.0,22446.0,-77.0,-0.34,65258.0,74605.0,22446.0,TAIFEX 期貨每日行情下載
2025-03-11,202503,21868.0,22085.0,21661.0,22031.0,-415.0,-1.85,87716.0,74438.0,22027.0,TAIFEX 期貨每日行情下載
2025-03-12,202503,22101.0,22345.0,22044.0,22232.0,205.0,0.93,67700.0,74512.0,22234.0,TAIFEX 期貨每日行情下載
2025-03-13,202503,22445.0,22475.0,21917.0,21920.0,-314.0,-1.41,76396.0,75560.0,21923.0,TAIFEX 期貨每日行情下載
2025-03-14,202503,22120.0,22131.0,21874.0,21961.0,38.0,0.17,73591.0,73816.0,21962.0,TAIFEX 期貨每日行情下載
2025-03-17,202503,22161.0,22312.0,22111.0,22158.0,196.0,0.89,91180.0,47768.0,22155.0,TAIFEX 期貨每日行情下載
2025-03-18,202503,22373.0,22385.0,22191.0,22230.0,75.0,0.34,73960.0,25606.0,22227.0,TAIFEX 期貨每日行情下載
2025-03-19,202504,22244.0,22262.0,21977.0,22034.0,-215.0,-0.97,45036.0,72749.0,22018.0,TAIFEX 期貨每日行情下載
2025-03-20,202504,22236.0,22417.0,22202.0,22365.0,347.0,1.58,62082.0,75891.0,22365.0,TAIFEX 期貨每日行情下載
2025-03-21,202504,22323.0,22377.0,22173.0,22177.0,-188.0,-0.84,59593.0,74124.0,22181.0,TAIFEX 期貨每日行情下載
2025-03-24,202504,22302.0,22399.0,22124.0,22160.0,-21.0,-0.09,53681.0,73844.0,22151.0,TAIFEX 期貨每日行情下載
2025-03-25,202504,22330.0,22443.0,22202.0,22298.0,147.0,0.66,64095.0,72654.0,22301.0,TAIFEX 期貨每日行情下載
2025-03-26,202504,22409.0,22429.0,22250.0,22305.0,4.0,0.02,53992.0,73536.0,22304.0,TAIFEX 期貨每日行情下載
2025-03-27,202504,22031.0,22052.0,21891.0,21968.0,-336.0,-1.51,60620.0,77260.0,21971.0,TAIFEX 期貨每日行情下載
2025-03-28,202504,21750.0,21795.0,21485.0,21603.0,-368.0,-1.67,79673.0,78618.0,21599.0,TAIFEX 期貨每日行情下載
2025-03-31,202504,20856.0,21065.0,20724.0,20769.0,-830.0,-3.84,103146.0,77322.0,20764.0,TAIFEX 期貨每日行情下載
2025-04-01,202504,21000.0,21271.0,20888.0,21181.0,417.0,2.01,81447.0,75350.0,21187.0,TAIFEX 期貨每日行情下載
2025-04-02,202504,21273.0,21360.0,21188.0,21304.0,117.0,0.55,66423.0,73424.0,21296.0,TAIFEX 期貨每日行情下載
2025-04-07,202504,19167.0,19167.0,19167.0,19167.0,-2129.0,-10.0,2736.0,72153.0,19167.0,TAIFEX 期貨每日行情下載
2025-04-08,202504,18596.0,18754.0,18004.0,18190.0,-977.0,-5.1,152423.0,74145.0,18169.0,TAIFEX 期貨每日行情下載
2025-04-09,202504,17846.0,18286.0,17139.0,17204.0,-965.0,-5.31,176779.0,75040.0,17184.0,TAIFEX 期貨每日行情下載
2025-04-10,202504,18902.0,18902.0,18902.0,18902.0,1718.0,10.0,2382.0,73614.0,18902.0,TAIFEX 期貨每日行情下載
2025-04-11,202504,18560.0,19566.0,18441.0,19524.0,622.0,3.29,132834.0,68917.0,19543.0,TAIFEX 期貨每日行情下載
2025-04-14,202504,19800.0,19982.0,19450.0,19491.0,-52.0,-0.27,129898.0,42611.0,19497.0,TAIFEX 期貨每日行情下載
2025-04-15,202504,19585.0,19833.0,19517.0,19798.0,301.0,1.54,83145.0,23627.0,19794.0,TAIFEX 期貨每日行情下載
2025-04-16,202505,19539.0,19622.0,19304.0,19353.0,-425.0,-2.15,52635.0,72455.0,19349.0,TAIFEX 期貨每日行情下載
2025-04-17,202505,19243.0,19406.0,19112.0,19369.0,20.0,0.1,79033.0,75353.0,19367.0,TAIFEX 期貨每日行情下載
2025-04-18,202505,19380.0,19432.0,19288.0,19330.0,-37.0,-0.19,43062.0,75346.0,19334.0,TAIFEX 期貨每日行情下載
2025-04-21,202505,19347.0,19368.0,19027.0,19099.0,-235.0,-1.22,60135.0,77958.0,19099.0,TAIFEX 期貨每日行情下載
2025-04-22,202505,18945.0,19035.0,18773.0,18797.0,-302.0,-1.58,69898.0,77935.0,18803.0,TAIFEX 期貨每日行情下載
2025-04-23,202505,19250.0,19596.0,19171.0,19554.0,751.0,3.99,76954.0,80243.0,19558.0,TAIFEX 期貨每日行情下載
2025-04-24,202505,19636.0,19682.0,19413.0,19466.0,-92.0,-0.47,58194.0,76921.0,19460.0,TAIFEX 期貨每日行情下載
2025-04-25,202505,19980.0,20008.0,19848.0,19873.0,413.0,2.12,66662.0,76739.0,19873.0,TAIFEX 期貨每日行情下載
2025-04-28,202505,19965.0,20053.0,19933.0,19965.0,92.0,0.46,44357.0,75569.0,19965.0,TAIFEX 期貨每日行情下載
2025-04-29,202505,19980.0,20207.0,19963.0,20154.0,189.0,0.95,57788.0,77121.0,20155.0,TAIFEX 期貨每日行情下載
2025-04-30,202505,20091.0,20268.0,20065.0,20149.0,-6.0,-0.03,58130.0,75177.0,20154.0,TAIFEX 期貨每日行情下載
2025-05-02,202505,20488.0,20710.0,20469.0,20677.0,523.0,2.6,61777.0,78333.0,20682.0,TAIFEX 期貨每日行情下載
2025-05-05,202505,20757.0,20796.0,20206.0,20404.0,-278.0,-1.34,97067.0,78398.0,20423.0,TAIFEX 期貨每日行情下載
2025-05-06,202505,20150.0,20483.0,20150.0,20337.0,-86.0,-0.42,69754.0,82061.0,20345.0,TAIFEX 期貨每日行情下載
2025-05-07,202505,20440.0,20560.0,20265.0,20381.0,36.0,0.18,73631.0,83188.0,20377.0,TAIFEX 期貨每日行情下載
2025-05-08,202505,20475.0,20695.0,20452.0,20575.0,198.0,0.97,63264.0,85049.0,20578.0,TAIFEX 期貨每日行情下載
2025-05-09,202505,20649.0,20872.0,20596.0,20848.0,270.0,1.31,67856.0,87495.0,20845.0,TAIFEX 期貨每日行情下載
2025-05-12,202505,21015.0,21134.0,20978.0,21066.0,221.0,1.06,58691.0,89150.0,21073.0,TAIFEX 期貨每日行情下載
2025-05-13,202505,21421.0,21520.0,21288.0,21360.0,287.0,1.36,61021.0,88220.0,21355.0,TAIFEX 期貨每日行情下載
2025-05-14,202505,21677.0,21787.0,21579.0,21768.0,413.0,1.93,59116.0,89341.0,21772.0,TAIFEX 期貨每日行情下載
2025-05-15,202505,21776.0,21810.0,21676.0,21694.0,-78.0,-0.36,45704.0,87724.0,21695.0,TAIFEX 期貨每日行情下載
2025-05-16,202505,21775.0,21878.0,21679.0,21821.0,126.0,0.58,55404.0,81711.0,21823.0,TAIFEX 期貨每日行情下載
2025-05-19,202505,21682.0,21748.0,21499.0,21538.0,-285.0,-1.31,98203.0,47853.0,21538.0,TAIFEX 期貨每日行情下載
2025-05-20,202505,21753.0,21772.0,21505.0,21539.0,1.0,0.0,81214.0,25454.0,21543.0,TAIFEX 期貨每日行情下載
2025-05-21,202506,21472.0,21747.0,21472.0,21672.0,213.0,0.99,44969.0,91948.0,21683.0,TAIFEX 期貨每日行情下載
2025-05-22,202506,21465.0,21550.0,21396.0,21503.0,-180.0,-0.83,48283.0,94839.0,21499.0,TAIFEX 期貨每日行情下載
2025-05-23,202506,21558.0,21640.0,21372.0,21470.0,-29.0,-0.13,51667.0,94058.0,21466.0,TAIFEX 期貨每日行情下載
2025-05-26,202506,21450.0,21569.0,21357.0,21385.0,-81.0,-0.38,56961.0,96104.0,21381.0,TAIFEX 期貨每日行情下載
2025-05-27,202506,21403.0,21438.0,21133.0,21233.0,-148.0,-0.69,61109.0,98345.0,21221.0,TAIFEX 期貨每日行情下載
2025-05-28,202506,21420.0,21512.0,21150.0,21252.0,31.0,0.15,69146.0,98298.0,21250.0,TAIFEX 期貨每日行情下載
2025-05-29,202506,21513.0,21616.0,21275.0,21320.0,70.0,0.33,76415.0,98813.0,21317.0,TAIFEX 期貨每日行情下載
2025-06-02,202506,20976.0,21049.0,20790.0,20866.0,-451.0,-2.12,66441.0,99450.0,20870.0,TAIFEX 期貨每日行情下載
2025-06-03,202506,21034.0,21221.0,20955.0,20971.0,101.0,0.48,64909.0,94985.0,20974.0,TAIFEX 期貨每日行情下載
2025-06-04,202506,21280.0,21533.0,21261.0,21482.0,508.0,2.42,61616.0,96663.0,21479.0,TAIFEX 期貨每日行情下載
2025-06-05,202506,21589.0,21677.0,21512.0,21553.0,74.0,0.34,46482.0,95433.0,21554.0,TAIFEX 期貨每日行情下載
2025-06-06,202506,21599.0,21630.0,21513.0,21578.0,24.0,0.11,37655.0,93993.0,21566.0,TAIFEX 期貨每日行情下載
2025-06-09,202506,21663.0,21788.0,21626.0,21727.0,161.0,0.75,43471.0,93256.0,21719.0,TAIFEX 期貨每日行情下載
2025-06-10,202506,21879.0,22236.0,21850.0,22113.0,394.0,1.81,70320.0,95418.0,22116.0,TAIFEX 期貨每日行情下載
2025-06-11,202506,22296.0,22355.0,22190.0,22351.0,235.0,1.06,53385.0,92578.0,22344.0,TAIFEX 期貨每日行情下載
2025-06-12,202506,22315.0,22329.0,22214.0,22252.0,-92.0,-0.41,43973.0,89914.0,22253.0,TAIFEX 期貨每日行情下載
2025-06-13,202506,21954.0,22139.0,21893.0,21940.0,-313.0,-1.41,87803.0,82391.0,21940.0,TAIFEX 期貨每日行情下載
2025-06-16,202506,22030.0,22061.0,21868.0,22032.0,92.0,0.42,95307.0,43164.0,22032.0,TAIFEX 期貨每日行情下載
2025-06-17,202506,22150.0,22260.0,22061.0,22159.0,127.0,0.58,88076.0,18209.0,22163.0,TAIFEX 期貨每日行情下載
2025-06-18,202507,21714.0,21962.0,21694.0,21930.0,139.0,0.64,40655.0,94806.0,21931.0,TAIFEX 期貨每日行情下載
2025-06-19,202507,21820.0,21857.0,21675.0,21704.0,-227.0,-1.04,52900.0,94618.0,21703.0,TAIFEX 期貨每日行情下載
2025-06-20,202507,21635.0,21743.0,21470.0,21653.0,-50.0,-0.23,67982.0,94668.0,21650.0,TAIFEX 期貨每日行情下載
2025-06-23,202507,21350.0,21484.0,21205.0,21473.0,-177.0,-0.82,72002.0,95600.0,21472.0,TAIFEX 期貨每日行情下載
2025-06-24,202507,21770.0,21966.0,21764.0,21959.0,487.0,2.27,69758.0,96864.0,21959.0,TAIFEX 期貨每日行情下載
2025-06-25,202507,22138.0,22168.0,22017.0,22159.0,200.0,0.91,49936.0,98944.0,22163.0,TAIFEX 期貨每日行情下載
2025-06-26,202507,22161.0,22263.0,22078.0,22117.0,-46.0,-0.21,59606.0,103211.0,22115.0,TAIFEX 期貨每日行情下載
2025-06-27,202507,22197.0,22221.0,21989.0,22121.0,6.0,0.03,60785.0,104644.0,22122.0,TAIFEX 期貨每日行情下載
2025-06-30,202507,22239.0,22254.0,22083.0,22145.0,23.0,0.1,50980.0,105186.0,22144.0,TAIFEX 期貨每日行情下載
2025-07-01,202507,22197.0,22593.0,22191.0,22353.0,209.0,0.94,86050.0,107188.0,22352.0,TAIFEX 期貨每日行情下載
2025-07-02,202507,22298.0,22401.0,22208.0,22396.0,44.0,0.2,47593.0,105700.0,22393.0,TAIFEX 期貨每日行情下載
2025-07-03,202507,22568.0,22716.0,22547.0,22675.0,282.0,1.26,53951.0,105475.0,22680.0,TAIFEX 期貨每日行情下載
2025-07-04,202507,22739.0,22762.0,22431.0,22435.0,-245.0,-1.08,56506.0,103430.0,22436.0,TAIFEX 期貨每日行情下載
2025-07-07,202507,22349.0,22506.0,22244.0,22336.0,-100.0,-0.45,61023.0,103756.0,22328.0,TAIFEX 期貨每日行情下載
2025-07-08,202507,22353.0,22397.0,22141.0,22251.0,-77.0,-0.34,63578.0,102521.0,22258.0,TAIFEX 期貨每日行情下載
2025-07-09,202507,22250.0,22473.0,22146.0,22434.0,176.0,0.79,57715.0,102304.0,22434.0,TAIFEX 期貨每日行情下載
2025-07-10,202507,22470.0,22647.0,22410.0,22611.0,177.0,0.79,58504.0,99658.0,22607.0,TAIFEX 期貨每日行情下載
2025-07-11,202507,22519.0,22774.0,22488.0,22764.0,157.0,0.69,62637.0,94213.0,22767.0,TAIFEX 期貨每日行情下載
2025-07-14,202507,22670.0,22695.0,22520.0,22551.0,-216.0,-0.95,90014.0,56475.0,22547.0,TAIFEX 期貨每日行情下載
2025-07-15,202507,22529.0,22882.0,22512.0,22810.0,263.0,1.17,102751.0,21948.0,22804.0,TAIFEX 期貨每日行情下載
2025-07-16,202508,22704.0,22998.0,22701.0,22920.0,251.0,1.11,42855.0,99502.0,22917.0,TAIFEX 期貨每日行情下載
2025-07-17,202508,22958.0,23150.0,22866.0,23148.0,231.0,1.01,60136.0,101922.0,23137.0,TAIFEX 期貨每日行情下載
2025-07-18,202508,23350.0,23399.0,23230.0,23262.0,125.0,0.54,51164.0,97291.0,23260.0,TAIFEX 期貨每日行情下載
2025-07-21,202508,23234.0,23301.0,23172.0,23228.0,-32.0,-0.14,40802.0,94889.0,23220.0,TAIFEX 期貨每日行情下載
2025-07-22,202508,23241.0,23406.0,22977.0,22990.0,-230.0,-0.99,77037.0,95637.0,22996.0,TAIFEX 期貨每日行情下載
2025-07-23,202508,23006.0,23258.0,23000.0,23186.0,190.0,0.83,63250.0,96205.0,23184.0,TAIFEX 期貨每日行情下載
2025-07-24,202508,23400.0,23408.0,23229.0,23310.0,126.0,0.54,46341.0,95050.0,23303.0,TAIFEX 期貨每日行情下載
2025-07-25,202508,23264.0,23328.0,23207.0,23238.0,-65.0,-0.28,43044.0,95497.0,23237.0,TAIFEX 期貨每日行情下載
2025-07-28,202508,23368.0,23483.0,23265.0,23392.0,155.0,0.67,55104.0,94908.0,23385.0,TAIFEX 期貨每日行情下載
2025-07-29,202508,23326.0,23359.0,23027.0,23163.0,-222.0,-0.95,73363.0,91715.0,23151.0,TAIFEX 期貨每日行情下載
2025-07-30,202508,23213.0,23421.0,23198.0,23361.0,210.0,0.91,72116.0,91069.0,23359.0,TAIFEX 期貨每日行情下載
2025-07-31,202508,23497.0,23621.0,23355.0,23589.0,230.0,0.98,66444.0,91643.0,23584.0,TAIFEX 期貨每日行情下載
2025-08-01,202508,23064.0,23442.0,23048.0,23344.0,-240.0,-1.02,69641.0,87973.0,23345.0,TAIFEX 期貨每日行情下載
2025-08-04,202508,23108.0,23300.0,23032.0,23260.0,-85.0,-0.36,55560.0,88001.0,23272.0,TAIFEX 期貨每日行情下載
2025-08-05,202508,23446.0,23584.0,23421.0,23575.0,303.0,1.3,52372.0,89813.0,23577.0,TAIFEX 期貨每日行情下載
2025-08-06,202508,23423.0,23483.0,23381.0,23425.0,-152.0,-0.64,45239.0,86040.0,23417.0,TAIFEX 期貨每日行情下載
2025-08-07,202508,23660.0,24054.0,23653.0,23997.0,580.0,2.48,71465.0,88584.0,23997.0,TAIFEX 期貨每日行情下載
2025-08-08,202508,24091.0,24095.0,23947.0,23949.0,-48.0,-0.2,42140.0,85806.0,23953.0,TAIFEX 期貨每日行情下載
2025-08-11,202508,23973.0,24223.0,23833.0,24162.0,209.0,0.87,62090.0,84207.0,24148.0,TAIFEX 期貨每日行情下載
2025-08-12,202508,24155.0,24241.0,24088.0,24135.0,-13.0,-0.05,53748.0,82714.0,24142.0,TAIFEX 期貨每日行情下載
2025-08-13,202508,24298.0,24412.0,24154.0,24347.0,205.0,0.85,71303.0,82242.0,24343.0,TAIFEX 期貨每日行情下載
2025-08-14,202508,24337.0,24362.0,24207.0,24250.0,-93.0,-0.38,46241.0,80505.0,24252.0,TAIFEX 期貨每日行情下載
2025-08-15,202508,24282.0,24385.0,24188.0,24312.0,60.0,0.25,64076.0,71601.0,24297.0,TAIFEX 期貨每日行情下載
2025-08-18,202508,24199.0,24462.0,24176.0,24426.0,129.0,0.53,86686.0,45335.0,24424.0,TAIFEX 期貨每日行情下載
2025-08-19,202508,24380.0,24447.0,24313.0,24342.0,-82.0,-0.34,70121.0,25409.0,24346.0,TAIFEX 期貨每日行情下載
2025-08-20,202509,24100.0,24140.0,23613.0,23667.0,-621.0,-2.56,64312.0,77044.0,23661.0,TAIFEX 期貨每日行情下載
2025-08-21,202509,23729.0,23943.0,23691.0,23852.0,191.0,0.81,63709.0,78314.0,23852.0,TAIFEX 期貨每日行情下載
2025-08-22,202509,23877.0,23982.0,23732.0,23750.0,-102.0,-0.43,56030.0,79917.0,23750.0,TAIFEX 期貨每日行情下載
2025-08-25,202509,24120.0,24314.0,24070.0,24251.0,501.0,2.11,63108.0,79500.0,24255.0,TAIFEX 期貨每日行情下載
2025-08-26,202509,24143.0,24281.0,24090.0,24253.0,-2.0,-0.01,53798.0,78136.0,24255.0,TAIFEX 期貨每日行情下載
2025-08-27,202509,24350.0,24496.0,24331.0,24463.0,208.0,0.86,51154.0,79386.0,24464.0,TAIFEX 期貨每日行情下載
2025-08-28,202509,24358.0,24420.0,24203.0,24228.0,-236.0,-0.96,62184.0,77692.0,24224.0,TAIFEX 期貨每日行情下載
2025-08-29,202509,24401.0,24453.0,24246.0,24267.0,43.0,0.18,56576.0,76941.0,24268.0,TAIFEX 期貨每日行情下載
2025-09-01,202509,24120.0,24245.0,23847.0,24008.0,-260.0,-1.07,82254.0,77422.0,24007.0,TAIFEX 期貨每日行情下載
2025-09-02,202509,24083.0,24249.0,23879.0,23965.0,-42.0,-0.17,78953.0,77919.0,23972.0,TAIFEX 期貨每日行情下載
2025-09-03,202509,23966.0,24083.0,23888.0,23997.0,25.0,0.1,57816.0,78405.0,23997.0,TAIFEX 期貨每日行情下載
2025-09-04,202509,24195.0,24365.0,24113.0,24132.0,135.0,0.56,78433.0,77307.0,24130.0,TAIFEX 期貨每日行情下載
2025-09-05,202509,24363.0,24429.0,24286.0,24419.0,289.0,1.2,55821.0,77754.0,24424.0,TAIFEX 期貨每日行情下載
2025-09-08,202509,24588.0,24674.0,24518.0,24551.0,127.0,0.52,58765.0,77312.0,24556.0,TAIFEX 期貨每日行情下載
2025-09-09,202509,24725.0,24838.0,24660.0,24802.0,246.0,1.0,56977.0,79446.0,24803.0,TAIFEX 期貨每日行情下載
2025-09-10,202509,24970.0,25244.0,24961.0,25178.0,375.0,1.51,70661.0,81079.0,25176.0,TAIFEX 期貨每日行情下載
2025-09-11,202509,25386.0,25464.0,25176.0,25240.0,64.0,0.25,73339.0,80304.0,25233.0,TAIFEX 期貨每日行情下載
2025-09-12,202509,25418.0,25466.0,25350.0,25459.0,226.0,0.9,55444.0,73194.0,25458.0,TAIFEX 期貨每日行情下載
2025-09-15,202509,25404.0,25450.0,25269.0,25353.0,-105.0,-0.41,89375.0,40730.0,25347.0,TAIFEX 期貨每日行情下載
2025-09-16,202509,25420.0,25663.0,25410.0,25629.0,282.0,1.11,76338.0,20444.0,25625.0,TAIFEX 期貨每日行情下載
2025-09-17,202510,25575.0,25596.0,25441.0,25470.0,-165.0,-0.64,33472.0,67628.0,25473.0,TAIFEX 期貨每日行情下載
2025-09-18,202510,25623.0,25747.0,25490.0,25709.0,236.0,0.93,60615.0,71532.0,25712.0,TAIFEX 期貨每日行情下載
2025-09-19,202510,25850.0,25853.0,25636.0,25671.0,-41.0,-0.16,59278.0,71778.0,25670.0,TAIFEX 期貨每日行情下載
2025-09-22,202510,25756.0,25941.0,25689.0,25891.0,221.0,0.86,57516.0,72252.0,25893.0,TAIFEX 期貨每日行情下載
2025-09-23,202510,26058.0,26328.0,26023.0,26273.0,380.0,1.47,77069.0,73045.0,26263.0,TAIFEX 期貨每日行情下載
2025-09-24,202510,26376.0,26393.0,26072.0,26237.0,-26.0,-0.1,71446.0,70919.0,26234.0,TAIFEX 期貨每日行情下載
2025-09-25,202510,26191.0,26283.0,26087.0,26097.0,-137.0,-0.52,55994.0,69269.0,26095.0,TAIFEX 期貨每日行情下載
2025-09-26,202510,25944.0,25991.0,25500.0,25669.0,-426.0,-1.63,95718.0,68993.0,25660.0,TAIFEX 期貨每日行情下載
2025-09-30,202510,25800.0,26046.0,25797.0,25954.0,294.0,1.15,58862.0,68612.0,25953.0,TAIFEX 期貨每日行情下載
2025-10-01,202510,26094.0,26375.0,26000.0,26045.0,92.0,0.35,77280.0,68183.0,26043.0,TAIFEX 期貨每日行情下載
2025-10-02,202510,26459.0,26527.0,26381.0,26431.0,388.0,1.49,57057.0,69805.0,26424.0,TAIFEX 期貨每日行情下載
2025-10-03,202510,26480.0,26764.0,26388.0,26745.0,321.0,1.21,68029.0,71284.0,26736.0,TAIFEX 期貨每日行情下載
2025-10-07,202510,27202.0,27356.0,26995.0,27322.0,586.0,2.19,70532.0,71648.0,27317.0,TAIFEX 期貨每日行情下載
2025-10-08,202510,27061.0,27127.0,26912.0,27093.0,-224.0,-0.82,58514.0,69901.0,27093.0,TAIFEX 期貨每日行情下載
2025-10-09,202510,27440.0,27455.0,27273.0,27335.0,242.0,0.89,71155.0,67679.0,27338.0,TAIFEX 期貨每日行情下載
2025-10-13,202510,26450.0,26945.0,26390.0,26904.0,-434.0,-1.59,112620.0,41428.0,26915.0,TAIFEX 期貨每日行情下載
2025-10-14,202510,27269.0,27450.0,26716.0,26718.0,-197.0,-0.73,122162.0,19596.0,26725.0,TAIFEX 期貨每日行情下載
2025-10-15,202511,26878.0,27300.0,26821.0,27288.0,518.0,1.94,50492.0,61267.0,27289.0,TAIFEX 期貨每日行情下載
2025-10-16,202511,27545.0,27877.0,27450.0,27822.0,533.0,1.95,93889.0,64988.0,27818.0,TAIFEX 期貨每日行情下載
2025-10-17,202511,27251.0,27545.0,27244.0,27328.0,-490.0,-1.76,70093.0,65454.0,27328.0,TAIFEX 期貨每日行情下載
2025-10-20,202511,27444.0,27824.0,27432.0,27783.0,455.0,1.66,75805.0,66733.0,27780.0,TAIFEX 期貨每日行情下載
2025-10-21,202511,27900.0,28036.0,27798.0,27833.0,53.0,0.19,73065.0,67357.0,27831.0,TAIFEX 期貨每日行情下載
2025-10-22,202511,27690.0,27797.0,27526.0,27704.0,-127.0,-0.46,77497.0,64052.0,27708.0,TAIFEX 期貨每日行情下載
2025-10-23,202511,27385.0,27629.0,27313.0,27556.0,-152.0,-0.55,58000.0,63279.0,27556.0,TAIFEX 期貨每日行情下載
2025-10-27,202511,28284.0,28291.0,28079.0,28225.0,669.0,2.43,60960.0,64355.0,28219.0,TAIFEX 期貨每日行情下載
2025-10-28,202511,28233.0,28250.0,27984.0,28002.0,-217.0,-0.77,58805.0,64509.0,28005.0,TAIFEX 期貨每日行情下載
2025-10-29,202511,28225.0,28446.0,28203.0,28412.0,407.0,1.45,59854.0,66115.0,28414.0,TAIFEX 期貨每日行情下載
2025-10-30,202511,28430.0,28552.0,28181.0,28398.0,-16.0,-0.06,79008.0,65284.0,28399.0,TAIFEX 期貨每日行情下載
2025-10-31,202511,28478.0,28588.0,28378.0,28431.0,32.0,0.11,66689.0,66350.0,28430.0,TAIFEX 期貨每日行情下載
2025-11-03,202511,28380.0,28583.0,28229.0,28340.0,-90.0,-0.32,71870.0,67082.0,28341.0,TAIFEX 期貨每日行情下載
2025-11-04,202511,28410.0,28594.0,28113.0,28117.0,-224.0,-0.79,87286.0,67053.0,28119.0,TAIFEX 期貨每日行情下載
2025-11-05,202511,27710.0,27850.0,27415.0,27805.0,-314.0,-1.12,112619.0,68021.0,27808.0,TAIFEX 期貨每日行情下載
2025-11-06,202511,28010.0,28141.0,27903.0,28034.0,226.0,0.81,69013.0,67626.0,28034.0,TAIFEX 期貨每日行情下載
2025-11-07,202511,27777.0,27838.0,27596.0,27730.0,-304.0,-1.08,78246.0,67248.0,27721.0,TAIFEX 期貨每日行情下載
2025-11-10,202511,27777.0,28039.0,27718.0,28016.0,295.0,1.06,70027.0,67200.0,28016.0,TAIFEX 期貨每日行情下載
2025-11-11,202511,28149.0,28180.0,27762.0,27780.0,-236.0,-0.84,68312.0,66600.0,27780.0,TAIFEX 期貨每日行情下載
2025-11-12,202511,27889.0,28078.0,27858.0,28054.0,274.0,0.99,59591.0,67622.0,28059.0,TAIFEX 期貨每日行情下載
2025-11-13,202511,28038.0,28044.0,27802.0,27980.0,-79.0,-0.28,69907.0,65717.0,27978.0,TAIFEX 期貨每日行情下載
2025-11-14,202511,27510.0,27596.0,27366.0,27401.0,-577.0,-2.06,75965.0,66940.0,27404.0,TAIFEX 期貨每日行情下載
2025-11-17,202511,27570.0,27690.0,27465.0,27479.0,75.0,0.27,105151.0,38590.0,27481.0,TAIFEX 期貨每日行情下載
2025-11-18,202511,27142.0,27298.0,26772.0,26805.0,-676.0,-2.46,105050.0,19021.0,26814.0,TAIFEX 期貨每日行情下載
2025-11-19,202512,26801.0,26919.0,26559.0,26595.0,-227.0,-0.85,51969.0,66420.0,26606.0,TAIFEX 期貨每日行情下載
2025-11-20,202512,27308.0,27492.0,27201.0,27482.0,876.0,3.29,86253.0,67010.0,27484.0,TAIFEX 期貨每日行情下載
2025-11-21,202512,26750.0,26770.0,26397.0,26486.0,-998.0,-3.63,94807.0,72140.0,26476.0,TAIFEX 期貨每日行情下載
2025-11-24,202512,26705.0,26730.0,26536.0,26615.0,139.0,0.53,64017.0,72691.0,26614.0,TAIFEX 期貨每日行情下載
2025-11-25,202512,27055.0,27105.0,26773.0,26933.0,319.0,1.2,65279.0,71578.0,26933.0,TAIFEX 期貨每日行情下載
2025-11-26,202512,27188.0,27384.0,27133.0,27329.0,396.0,1.47,65611.0,75477.0,27339.0,TAIFEX 期貨每日行情下載
2025-11-27,202512,27518.0,27649.0,27461.0,27583.0,244.0,0.89,61470.0,73249.0,27579.0,TAIFEX 期貨每日行情下載
2025-11-28,202512,27590.0,27854.0,27558.0,27744.0,165.0,0.6,59543.0,73818.0,27737.0,TAIFEX 期貨每日行情下載
2025-12-01,202512,27650.0,27674.0,27401.0,27404.0,-333.0,-1.2,64629.0,71269.0,27406.0,TAIFEX 期貨每日行情下載
2025-12-02,202512,27674.0,27789.0,27528.0,27561.0,155.0,0.57,56480.0,70686.0,27559.0,TAIFEX 期貨每日行情下載
2025-12-03,202512,27808.0,27888.0,27690.0,27758.0,199.0,0.72,54873.0,71057.0,27760.0,TAIFEX 期貨每日行情下載
2025-12-04,202512,27841.0,27880.0,27670.0,27799.0,39.0,0.14,49647.0,71290.0,27798.0,TAIFEX 期貨每日行情下載
2025-12-05,202512,27792.0,28019.0,27763.0,28016.0,218.0,0.78,57889.0,73290.0,28010.0,TAIFEX 期貨每日行情下載
2025-12-08,202512,28054.0,28298.0,28019.0,28286.0,276.0,0.99,46283.0,74455.0,28284.0,TAIFEX 期貨每日行情下載
2025-12-09,202512,28350.0,28360.0,28204.0,28220.0,-64.0,-0.23,41059.0,73380.0,28217.0,TAIFEX 期貨每日行情下載
2025-12-10,202512,28279.0,28434.0,28252.0,28398.0,181.0,0.64,52229.0,74077.0,28400.0,TAIFEX 期貨每日行情下載
2025-12-11,202512,28600.0,28602.0,28059.0,28110.0,-290.0,-1.02,76960.0,73166.0,28101.0,TAIFEX 期貨每日行情下載
2025-12-12,202512,28266.0,28342.0,28157.0,28292.0,191.0,0.68,55172.0,69510.0,28290.0,TAIFEX 期貨每日行情下載
2025-12-15,202512,27834.0,27984.0,27755.0,27907.0,-383.0,-1.35,78935.0,46562.0,27910.0,TAIFEX 期貨每日行情下載
2025-12-16,202512,27630.0,27689.0,27411.0,27624.0,-286.0,-1.02,92661.0,20031.0,27635.0,TAIFEX 期貨每日行情下載
2025-12-17,202601,27714.0,27858.0,27591.0,27692.0,-36.0,-0.13,43856.0,66332.0,27689.0,TAIFEX 期貨每日行情下載
2025-12-18,202601,27500.0,27679.0,27457.0,27591.0,-98.0,-0.35,66879.0,70943.0,27598.0,TAIFEX 期貨每日行情下載
2025-12-19,202601,27800.0,27983.0,27795.0,27894.0,296.0,1.07,64331.0,71847.0,27897.0,TAIFEX 期貨每日行情下載
2025-12-22,202601,28256.0,28368.0,28170.0,28341.0,444.0,1.59,52684.0,73240.0,28341.0,TAIFEX 期貨每日行情下載
2025-12-23,202601,28392.0,28455.0,28359.0,28413.0,72.0,0.25,38940.0,72941.0,28415.0,TAIFEX 期貨每日行情下載
2025-12-24,202601,28565.0,28577.0,28400.0,28472.0,57.0,0.2,37086.0,74207.0,28467.0,TAIFEX 期貨每日行情下載
2025-12-26,202601,28595.0,28714.0,28536.0,28673.0,206.0,0.72,44249.0,75964.0,28677.0,TAIFEX 期貨每日行情下載
2025-12-29,202601,28749.0,28998.0,28713.0,28950.0,273.0,0.95,49289.0,77251.0,28940.0,TAIFEX 期貨每日行情下載
2025-12-30,202601,28777.0,28942.0,28705.0,28881.0,-59.0,-0.2,45027.0,75004.0,28875.0,TAIFEX 期貨每日行情下載
2025-12-31,202601,28842.0,29053.0,28782.0,29016.0,141.0,0.49,53098.0,72855.0,29014.0,TAIFEX 期貨每日行情下載
2026-01-02,202601,29047.0,29500.0,29026.0,29473.0,459.0,1.58,64172.0,75017.0,29479.0,TAIFEX 期貨每日行情下載
2026-01-05,202601,29888.0,30487.0,29850.0,30313.0,834.0,2.83,95320.0,75674.0,30309.0,TAIFEX 期貨每日行情下載
2026-01-06,202601,30271.0,30672.0,30183.0,30617.0,308.0,1.02,59699.0,75467.0,30627.0,TAIFEX 期貨每日行情下載
2026-01-07,202601,30609.0,30676.0,30448.0,30516.0,-111.0,-0.36,57861.0,74241.0,30516.0,TAIFEX 期貨每日行情下載
2026-01-08,202601,30362.0,30663.0,30353.0,30458.0,-58.0,-0.19,63571.0,72580.0,30458.0,TAIFEX 期貨每日行情下載
2026-01-09,202601,30450.0,30578.0,30005.0,30456.0,-2.0,-0.01,83205.0,72254.0,30453.0,TAIFEX 期貨每日行情下載
2026-01-12,202601,30717.0,30763.0,30555.0,30701.0,248.0,0.81,57701.0,71308.0,30700.0,TAIFEX 期貨每日行情下載
2026-01-13,202601,31067.0,31252.0,30626.0,30874.0,174.0,0.57,76999.0,72530.0,30870.0,TAIFEX 期貨每日行情下載
2026-01-14,202601,31000.0,31162.0,30937.0,30982.0,112.0,0.36,54974.0,75427.0,30980.0,TAIFEX 期貨每日行情下載
2026-01-15,202601,30831.0,31057.0,30744.0,31050.0,70.0,0.23,58154.0,75732.0,31050.0,TAIFEX 期貨每日行情下載
2026-01-16,202601,31382.0,31536.0,31157.0,31474.0,424.0,1.37,72871.0,70108.0,31476.0,TAIFEX 期貨每日行情下載
2026-01-19,202601,31272.0,31774.0,31208.0,31669.0,193.0,0.61,89177.0,46669.0,31672.0,TAIFEX 期貨每日行情下載
2026-01-20,202601,31481.0,31742.0,31328.0,31672.0,0.0,0.0,81251.0,22999.0,31668.0,TAIFEX 期貨每日行情下載
2026-01-21,202602,31437.0,31802.0,31377.0,31484.0,-310.0,-0.98,59065.0,65384.0,31471.0,TAIFEX 期貨每日行情下載
2026-01-22,202602,31876.0,32057.0,31783.0,31857.0,386.0,1.23,72142.0,66455.0,31863.0,TAIFEX 期貨每日行情下載
2026-01-23,202602,31995.0,32166.0,31873.0,32153.0,290.0,0.91,68404.0,67256.0,32159.0,TAIFEX 期貨每日行情下載
2026-01-26,202602,32128.0,32231.0,32086.0,32144.0,-15.0,-0.05,57175.0,66009.0,32150.0,TAIFEX 期貨每日行情下載
2026-01-27,202602,32313.0,32532.0,32206.0,32509.0,359.0,1.12,62851.0,67594.0,32505.0,TAIFEX 期貨每日行情下載
2026-01-28,202602,32758.0,32938.0,32668.0,32927.0,422.0,1.3,60131.0,68487.0,32925.0,TAIFEX 期貨每日行情下載
2026-01-29,202602,33014.0,33014.0,32587.0,32777.0,-148.0,-0.45,78180.0,70655.0,32774.0,TAIFEX 期貨每日行情下載
2026-01-30,202602,32456.0,32526.0,32092.0,32247.0,-527.0,-1.61,84129.0,69935.0,32252.0,TAIFEX 期貨每日行情下載
2026-02-02,202602,31888.0,31964.0,31392.0,31610.0,-642.0,-1.99,104352.0,72341.0,31616.0,TAIFEX 期貨每日行情下載
2026-02-03,202602,32386.0,32446.0,32004.0,32261.0,645.0,2.04,79583.0,71853.0,32284.0,TAIFEX 期貨每日行情下載
2026-02-04,202602,32110.0,32475.0,32034.0,32423.0,139.0,0.43,67316.0,71802.0,32416.0,TAIFEX 期貨每日行情下載
2026-02-05,202602,31970.0,32166.0,31798.0,31907.0,-509.0,-1.57,79892.0,72022.0,31902.0,TAIFEX 期貨每日行情下載
2026-02-06,202602,31458.0,31883.0,31220.0,31807.0,-95.0,-0.3,98135.0,67210.0,31789.0,TAIFEX 期貨每日行情下載
2026-02-09,202602,32824.0,32836.0,32515.0,32651.0,862.0,2.71,66559.0,63563.0,32650.0,TAIFEX 期貨每日行情下載
2026-02-10,202602,32906.0,33309.0,32879.0,33307.0,657.0,2.01,97636.0,43863.0,33303.0,TAIFEX 期貨每日行情下載
2026-02-11,202602,33349.0,33843.0,33272.0,33691.0,388.0,1.17,84634.0,22710.0,33686.0,TAIFEX 期貨每日行情下載
2026-02-23,202603,34183.0,34507.0,33836.0,33961.0,123.0,0.36,58585.0,71483.0,33971.0,TAIFEX 期貨每日行情下載
2026-02-24,202603,34125.0,34956.0,34100.0,34827.0,856.0,2.52,78032.0,79188.0,34837.0,TAIFEX 期貨每日行情下載
2026-02-25,202603,35243.0,35777.0,35065.0,35490.0,653.0,1.87,86639.0,81147.0,35489.0,TAIFEX 期貨每日行情下載
2026-02-26,202603,35522.0,35755.0,35348.0,35604.0,115.0,0.32,71915.0,82090.0,35611.0,TAIFEX 期貨每日行情下載
2026-03-02,202603,34744.0,35495.0,34722.0,35232.0,-379.0,-1.06,83451.0,81723.0,35238.0,TAIFEX 期貨每日行情下載
2026-03-03,202603,35018.0,35320.0,34314.0,34325.0,-913.0,-2.59,112098.0,81924.0,34331.0,TAIFEX 期貨每日行情下載
2026-03-04,202603,33461.0,33666.0,32679.0,32834.0,-1497.0,-4.36,153854.0,80836.0,32871.0,TAIFEX 期貨每日行情下載
2026-03-05,202603,33911.0,34294.0,33392.0,33639.0,768.0,2.34,117939.0,77062.0,33666.0,TAIFEX 期貨每日行情下載
2026-03-06,202603,33360.0,33888.0,33296.0,33704.0,38.0,0.11,78813.0,77462.0,33703.0,TAIFEX 期貨每日行情下載
2026-03-09,202603,31730.0,32111.0,31124.0,31786.0,-1917.0,-5.69,117924.0,73763.0,31902.0,TAIFEX 期貨每日行情下載
2026-03-10,202603,33242.0,33329.0,32374.0,32696.0,794.0,2.49,106333.0,72741.0,32717.0,TAIFEX 期貨每日行情下載
2026-03-11,202603,33341.0,34185.0,33277.0,33985.0,1268.0,3.88,79384.0,77678.0,34004.0,TAIFEX 期貨每日行情下載
2026-03-12,202603,33678.0,33939.0,33326.0,33530.0,-474.0,-1.39,78520.0,74241.0,33512.0,TAIFEX 期貨每日行情下載
2026-03-13,202603,32664.0,33518.0,32663.0,33315.0,-197.0,-0.59,84529.0,70549.0,33304.0,TAIFEX 期貨每日行情下載
2026-03-16,202603,33460.0,33723.0,33077.0,33250.0,-54.0,-0.16,107940.0,43657.0,33264.0,TAIFEX 期貨每日行情下載
2026-03-17,202603,33616.0,34017.0,33593.0,33795.0,531.0,1.6,77658.0,24545.0,33801.0,TAIFEX 期貨每日行情下載
2026-03-18,202604,34351.0,34580.0,34247.0,34551.0,634.0,1.87,42935.0,67799.0,34558.0,TAIFEX 期貨每日行情下載
2026-03-19,202604,33898.0,34083.0,33537.0,33553.0,-1005.0,-2.91,70707.0,72389.0,33559.0,TAIFEX 期貨每日行情下載
2026-03-20,202604,33809.0,33888.0,33371.0,33559.0,0.0,0.0,78064.0,70587.0,33559.0,TAIFEX 期貨每日行情下載
2026-03-23,202604,32501.0,32890.0,32213.0,32532.0,-1027.0,-3.06,85507.0,71403.0,32559.0,TAIFEX 期貨每日行情下載
2026-03-24,202604,33280.0,33393.0,32342.0,32771.0,212.0,0.65,92474.0,70222.0,32781.0,TAIFEX 期貨每日行情下載
2026-03-25,202604,33786.0,33880.0,33444.0,33638.0,857.0,2.61,65796.0,71475.0,33623.0,TAIFEX 期貨每日行情下載
2026-03-26,202604,33855.0,34024.0,33347.0,33440.0,-183.0,-0.54,68947.0,71761.0,33441.0,TAIFEX 期貨每日行情下載
2026-03-27,202604,32793.0,33243.0,32652.0,33120.0,-321.0,-0.96,64049.0,70976.0,33126.0,TAIFEX 期貨每日行情下載
2026-03-30,202604,32048.0,32712.0,32027.0,32468.0,-658.0,-1.99,70743.0,70619.0,32480.0,TAIFEX 期貨每日行情下載
2026-03-31,202604,32000.0,32451.0,31806.0,31979.0,-501.0,-1.54,93371.0,71514.0,31954.0,TAIFEX 期貨每日行情下載
2026-04-01,202604,33049.0,33411.0,32906.0,33402.0,1448.0,4.53,65125.0,74778.0,33389.0,TAIFEX 期貨每日行情下載
2026-04-02,202604,33676.0,33687.0,32486.0,32487.0,-902.0,-2.7,85468.0,71237.0,32505.0,TAIFEX 期貨每日行情下載
2026-04-07,202604,33192.0,33377.0,32955.0,33159.0,654.0,2.01,51955.0,71552.0,33177.0,TAIFEX 期貨每日行情下載
2026-04-08,202604,34651.0,35060.0,34473.0,34996.0,1819.0,5.48,74154.0,74508.0,35016.0,TAIFEX 期貨每日行情下載
2026-04-09,202604,35032.0,35100.0,34745.0,34932.0,-84.0,-0.24,53298.0,72691.0,34924.0,TAIFEX 期貨每日行情下載
2026-04-10,202604,35249.0,35580.0,35215.0,35567.0,643.0,1.84,55415.0,71146.0,35569.0,TAIFEX 期貨每日行情下載
2026-04-13,202604,35280.0,35652.0,35225.0,35457.0,-112.0,-0.31,83511.0,38421.0,35460.0,TAIFEX 期貨每日行情下載
2026-04-14,202604,36060.0,36430.0,35990.0,36381.0,921.0,2.6,71746.0,16844.0,36377.0,TAIFEX 期貨每日行情下載
2026-04-15,202605,36997.0,37359.0,36909.0,36977.0,328.0,0.89,42753.0,73200.0,36985.0,TAIFEX 期貨每日行情下載
2026-04-16,202605,37321.0,37666.0,37086.0,37645.0,660.0,1.78,56683.0,77142.0,37649.0,TAIFEX 期貨每日行情下載
2026-04-17,202605,37145.0,37388.0,37033.0,37083.0,-566.0,-1.5,51355.0,78627.0,37078.0,TAIFEX 期貨每日行情下載
2026-04-20,202605,37324.0,37704.0,37209.0,37254.0,176.0,0.47,52704.0,79491.0,37240.0,TAIFEX 期貨每日行情下載
2026-04-21,202605,37707.0,38159.0,37647.0,38048.0,808.0,2.17,63284.0,82127.0,38048.0,TAIFEX 期貨每日行情下載
2026-04-22,202605,38150.0,38369.0,37925.0,38206.0,158.0,0.42,54740.0,81421.0,38216.0,TAIFEX 期貨每日行情下載
2026-04-23,202605,38686.0,39087.0,37408.0,37875.0,-341.0,-0.89,111647.0,78250.0,37851.0,TAIFEX 期貨每日行情下載
2026-04-24,202605,38299.0,39244.0,38268.0,39224.0,1373.0,3.63,87114.0,79817.0,39222.0,TAIFEX 期貨每日行情下載
2026-04-27,202605,39999.0,40458.0,39837.0,39888.0,666.0,1.7,80194.0,79918.0,39921.0,TAIFEX 期貨每日行情下載
2026-04-28,202605,39820.0,40347.0,39661.0,39749.0,-172.0,-0.43,63337.0,79804.0,39733.0,TAIFEX 期貨每日行情下載
2026-04-29,202605,39698.0,39790.0,39123.0,39490.0,-243.0,-0.61,59705.0,79818.0,39479.0,TAIFEX 期貨每日行情下載
2026-04-30,202605,39698.0,39937.0,39265.0,39360.0,-119.0,-0.3,70719.0,79725.0,39342.0,TAIFEX 期貨每日行情下載
2026-05-04,202605,40440.0,41074.0,40167.0,41031.0,1689.0,4.29,63214.0,82619.0,41056.0,TAIFEX 期貨每日行情下載
2026-05-05,202605,40936.0,41097.0,40798.0,41035.0,-21.0,-0.05,41739.0,83828.0,41034.0,TAIFEX 期貨每日行情下載
2026-05-06,202605,41650.0,42005.0,41038.0,41503.0,469.0,1.14,83758.0,84612.0,41514.0,TAIFEX 期貨每日行情下載
2026-05-07,202605,42329.0,42468.0,42005.0,42340.0,826.0,1.99,59558.0,86565.0,42352.0,TAIFEX 期貨每日行情下載
2026-05-08,202605,42120.0,42343.0,41539.0,41937.0,-415.0,-0.98,66370.0,89587.0,41931.0,TAIFEX 期貨每日行情下載
2026-05-11,202605,42230.0,42258.0,41802.0,41945.0,14.0,0.03,46800.0,89581.0,41969.0,TAIFEX 期貨每日行情下載
2026-05-12,202605,42200.0,42363.0,41607.0,41695.0,-274.0,-0.65,72568.0,87671.0,41704.0,TAIFEX 期貨每日行情下載
2026-05-13,202605,41238.0,41604.0,40984.0,41469.0,-235.0,-0.56,73412.0,86783.0,41448.0,TAIFEX 期貨每日行情下載
2026-05-14,202605,41948.0,42238.0,41497.0,41602.0,154.0,0.37,73073.0,83666.0,41636.0,TAIFEX 期貨每日行情下載
2026-05-15,202605,42282.0,42454.0,40976.0,41012.0,-624.0,-1.5,100977.0,75507.0,40998.0,TAIFEX 期貨每日行情下載
2026-05-18,202605,40200.0,40990.0,40169.0,40807.0,-191.0,-0.47,99781.0,42895.0,40797.0,TAIFEX 期貨每日行情下載
2026-05-19,202605,40890.0,40931.0,40188.0,40248.0,-549.0,-1.35,86112.0,17052.0,40240.0,TAIFEX 期貨每日行情下載
2026-05-20,202606,40282.0,40544.0,40005.0,40134.0,-265.0,-0.66,46223.0,80211.0,40124.0,TAIFEX 期貨每日行情下載
2026-05-21,202606,40967.0,41666.0,40957.0,41473.0,1349.0,3.36,54092.0,81626.0,41503.0,TAIFEX 期貨每日行情下載
2026-05-22,202606,42196.0,42502.0,41790.0,42442.0,939.0,2.26,57547.0,82109.0,42455.0,TAIFEX 期貨每日行情下載
2026-05-25,202606,43195.0,44050.0,43004.0,43877.0,1422.0,3.35,58040.0,86161.0,43870.0,TAIFEX 期貨每日行情下載
2026-05-26,202606,44274.0,44280.0,43619.0,43893.0,23.0,0.05,57331.0,87668.0,43864.0,TAIFEX 期貨每日行情下載
2026-05-27,202606,44490.0,45299.0,44336.0,44798.0,934.0,2.13,83854.0,88791.0,44794.0,TAIFEX 期貨每日行情下載
2026-05-28,202606,45174.0,45348.0,43458.0,43842.0,-952.0,-2.13,98081.0,92824.0,43839.0,TAIFEX 期貨每日行情下載
2026-05-29,202606,44655.0,45471.0,44655.0,45285.0,1446.0,3.3,66493.0,91961.0,45315.0,TAIFEX 期貨每日行情下載
2026-06-01,202606,45483.0,46465.0,45405.0,46035.0,720.0,1.59,75635.0,94962.0,46041.0,TAIFEX 期貨每日行情下載
2026-06-02,202606,46145.0,46228.0,45333.0,46087.0,46.0,0.1,73548.0,96365.0,46103.0,TAIFEX 期貨每日行情下載
2026-06-03,202606,46718.0,46994.0,46550.0,46868.0,765.0,1.66,56092.0,96784.0,46857.0,TAIFEX 期貨每日行情下載
2026-06-04,202606,46505.0,46587.0,46140.0,46294.0,-563.0,-1.2,59484.0,98581.0,46310.0,TAIFEX 期貨每日行情下載
2026-06-05,202606,45668.0,45785.0,44655.0,45211.0,-1099.0,-2.37,97457.0,96005.0,45226.0,TAIFEX 期貨每日行情下載
2026-06-08,202606,42344.0,43655.0,42225.0,43080.0,-2146.0,-4.75,108149.0,91436.0,43083.0,TAIFEX 期貨每日行情下載
2026-06-09,202606,43661.0,44750.0,43552.0,44665.0,1582.0,3.67,73328.0,86704.0,44677.0,TAIFEX 期貨每日行情下載
2026-06-10,202606,43839.0,44481.0,43126.0,43422.0,-1255.0,-2.81,94590.0,82895.0,43367.0,TAIFEX 期貨每日行情下載
2026-06-11,202606,42643.0,43509.0,42050.0,43241.0,-126.0,-0.29,103003.0,77902.0,43219.0,TAIFEX 期貨每日行情下載
2026-06-12,202606,44929.0,44931.0,44045.0,44188.0,969.0,2.24,80412.0,71366.0,44217.0,TAIFEX 期貨每日行情下載
2026-06-15,202606,45750.0,45905.0,45340.0,45580.0,1363.0,3.08,93560.0,44213.0,45597.0,TAIFEX 期貨每日行情下載
2026-06-16,202606,46124.0,46198.0,45463.0,45772.0,175.0,0.38,78609.0,21508.0,45764.0,TAIFEX 期貨每日行情下載
2026-06-17,202607,45410.0,46065.0,45215.0,46031.0,192.0,0.42,40018.0,90086.0,46011.0,TAIFEX 期貨每日行情下載
2026-06-18,202607,46470.0,46778.0,46260.0,46769.0,758.0,1.65,60125.0,92786.0,46752.0,TAIFEX 期貨每日行情下載
2026-06-22,202607,47460.0,48476.0,47371.0,48413.0,1661.0,3.55,58587.0,97365.0,48428.0,TAIFEX 期貨每日行情下載
2026-06-23,202607,48650.0,48711.0,47404.0,47436.0,-992.0,-2.05,78573.0,100889.0,47437.0,TAIFEX 期貨每日行情下載
2026-06-24,202607,46858.0,47067.0,45898.0,46387.0,-1050.0,-2.21,96199.0,104070.0,46407.0,TAIFEX 期貨每日行情下載
2026-06-25,202607,46993.0,46997.0,46091.0,46544.0,137.0,0.3,70863.0,101138.0,46527.0,TAIFEX 期貨每日行情下載
2026-06-26,202607,45709.0,45922.0,44264.0,44373.0,-2154.0,-4.63,102163.0,101073.0,44452.0,TAIFEX 期貨每日行情下載
2026-06-29,202607,44799.0,45637.0,44373.0,45550.0,1098.0,2.47,73327.0,100919.0,45556.0,TAIFEX 期貨每日行情下載
2026-06-30,202607,46100.0,46883.0,45922.0,46730.0,1174.0,2.58,65773.0,104145.0,46779.0,TAIFEX 期貨每日行情下載
2026-07-01,202607,47516.0,47695.0,46895.0,47231.0,452.0,0.97,58097.0,105030.0,47221.0,TAIFEX 期貨每日行情下載
2026-07-02,202607,46200.0,46987.0,45780.0,46599.0,-622.0,-1.32,66083.0,104510.0,46606.0,TAIFEX 期貨每日行情下載
2026-07-03,202607,45700.0,47084.0,45608.0,46966.0,360.0,0.77,58841.0,103141.0,47000.0,TAIFEX 期貨每日行情下載
2026-07-06,202607,47280.0,47547.0,46581.0,46886.0,-114.0,-0.24,59366.0,100870.0,46874.0,TAIFEX 期貨每日行情下載
2026-07-07,202607,47000.0,47187.0,45599.0,45775.0,-1099.0,-2.34,86627.0,100160.0,45695.0,TAIFEX 期貨每日行情下載
2026-07-08,202607,45606.0,45960.0,45240.0,45564.0,-131.0,-0.29,75442.0,96273.0,45563.0,TAIFEX 期貨每日行情下載
2026-07-09,202607,46008.0,46158.0,45331.0,45678.0,115.0,0.25,73407.0,91340.0,45648.0,TAIFEX 期貨每日行情下載
2026-07-13,202607,46222.0,46378.0,45251.0,45617.0,-31.0,-0.07,115784.0,53129.0,45565.0,TAIFEX 期貨每日行情下載
2026-07-14,202607,45046.0,45464.0,43852.0,44815.0,-750.0,-1.65,126891.0,20062.0,44790.0,TAIFEX 期貨每日行情下載
2026-07-15,202608,45652.0,46169.0,45406.0,46050.0,905.0,2.0,45252.0,101230.0,46066.0,TAIFEX 期貨每日行情下載
2026-07-16,202608,45519.0,46248.0,45191.0,45700.0,-366.0,-0.79,70808.0,106669.0,45691.0,TAIFEX 期貨每日行情下載
2026-07-17,202608,44250.0,44512.0,42527.0,42725.0,-2966.0,-6.49,103520.0,110864.0,42604.0,TAIFEX 期貨每日行情下載
2026-07-20,202608,43500.0,43500.0,42457.0,42641.0,37.0,0.09,85444.0,107003.0,42662.0,TAIFEX 期貨每日行情下載
2026-07-21,202608,43297.0,44404.0,43197.0,44377.0,1715.0,4.02,61234.0,106920.0,44375.0,TAIFEX 期貨每日行情下載
2026-07-22,202608,45000.0,45364.0,44613.0,44631.0,256.0,0.58,66011.0,103996.0,44645.0,TAIFEX 期貨每日行情下載
2026-07-23,202608,45310.0,45339.0,44445.0,44930.0,285.0,0.64,54342.0,103097.0,44912.0,TAIFEX 期貨每日行情下載
2026-07-24,202608,44166.0,44499.0,43640.0,43905.0,-1007.0,-2.24,69395.0,102415.0,43814.0,TAIFEX 期貨每日行情下載
2026-07-27,202608,43888.0,44083.0,43176.0,43907.0,93.0,0.21,66041.0,103970.0,43880.0,TAIFEX 期貨每日行情下載
2026-07-28,202608,42569.0,42627.0,41516.0,41613.0,-2267.0,-5.17,81786.0,104993.0,41573.0,TAIFEX 期貨每日行情下載
2026-07-29,202608,41915.0,42070.0,39442.0,40392.0,-1181.0,-2.84,124405.0,108507.0,40328.0,TAIFEX 期貨每日行情下載
2026-07-30,202608,40007.0,41266.0,39701.0,40270.0,-58.0,-0.14,103235.0,108640.0,40286.0,TAIFEX 期貨每日行情下載
2026-07-31,202608,42331.0,43951.0,42305.0,43678.0,3392.0,8.42,91473.0,111302.0,43727.0,TAIFEX 期貨每日行情下載
2026-08-03,202608,43186.0,43836.0,42989.0,43230.0,-497.0,-1.14,69550.0,109589.0,43219.0,TAIFEX 期貨每日行情下載
2026-08-04,202608,42750.0,43790.0,42553.0,43357.0,138.0,0.32,73478.0,106602.0,43344.0,TAIFEX 期貨每日行情下載
2026-08-05,202608,44653.0,44923.0,44219.0,44514.0,1170.0,2.7,67212.0,106247.0,44537.0,TAIFEX 期貨每日行情下載
2026-08-06,202608,44177.0,44494.0,43843.0,44280.0,-257.0,-0.58,55986.0,106827.0,44258.0,TAIFEX 期貨每日行情下載
2026-08-07,202608,44588.0,44744.0,43923.0,44349.0,91.0,0.21,56058.0,102679.0,44297.0,TAIFEX 期貨每日行情下載
2026-08-10,202608,44985.0,45219.0,44668.0,44987.0,690.0,1.56,49606.0,101913.0,44990.0,TAIFEX 期貨每日行情下載
2026-08-11,202608,44761.0,45200.0,44570.0,45090.0,100.0,0.22,50327.0,99034.0,45085.0,TAIFEX 期貨每日行情下載
2026-08-12,202608,45350.0,45561.0,45156.0,45528.0,443.0,0.98,48409.0,95311.0,45516.0,TAIFEX 期貨每日行情下載
2026-08-13,202608,46120.0,46250.0,45840.0,46005.0,489.0,1.07,43260.0,92571.0,46025.0,TAIFEX 期貨每日行情下載
2026-08-14,202608,46466.0,46470.0,45676.0,45841.0,-184.0,-0.4,57509.0,84339.0,45812.0,TAIFEX 期貨每日行情下載
2026-08-17,202608,45850.0,46140.0,45738.0,45888.0,76.0,0.17,79450.0,51167.0,45867.0,TAIFEX 期貨每日行情下載
2026-08-18,202608,45967.0,45977.0,45070.0,45085.0,-782.0,-1.7,83392.0,20738.0,45088.0,TAIFEX 期貨每日行情下載
2026-08-19,202609,44330.0,44876.0,44300.0,44528.0,-645.0,-1.43,42374.0,100399.0,44500.0,TAIFEX 期貨每日行情下載
2026-08-20,202609,44950.0,45122.0,44448.0,44868.0,368.0,0.83,53693.0,102620.0,44903.0,TAIFEX 期貨每日行情下載
2026-08-21,202609,44887.0,45294.0,44566.0,45148.0,245.0,0.55,51446.0,102342.0,45138.0,TAIFEX 期貨每日行情下載
2026-08-24,202609,45032.0,45292.0,44609.0,44762.0,-376.0,-0.83,43046.0,102558.0,44740.0,TAIFEX 期貨每日行情下載
2026-08-25,202609,44488.0,45095.0,44146.0,45027.0,287.0,0.64,55218.0,102718.0,45032.0,TAIFEX 期貨每日行情下載
2026-08-26,202609,45285.0,46027.0,44865.0,46011.0,979.0,2.17,57745.0,106112.0,46003.0,TAIFEX 期貨每日行情下載
2026-08-27,202609,46175.0,46517.0,46006.0,46078.0,75.0,0.16,50701.0,104881.0,46064.0,TAIFEX 期貨每日行情下載
2026-08-28,202609,46366.0,46580.0,46215.0,46357.0,293.0,0.64,41611.0,105613.0,46357.0,TAIFEX 期貨每日行情下載
2026-08-31,202609,45800.0,46060.0,45415.0,45983.0,-374.0,-0.81,53336.0,104409.0,45977.0,TAIFEX 期貨每日行情下載
2026-09-01,202609,46000.0,47220.0,45987.0,47209.0,1232.0,2.68,57627.0,104368.0,47201.0,TAIFEX 期貨每日行情下載
2026-09-02,202609,46701.0,46746.0,46131.0,46189.0,-1012.0,-2.14,46145.0,105419.0,46165.0,TAIFEX 期貨每日行情下載
2026-09-03,202609,46169.0,46472.0,45714.0,45837.0,-328.0,-0.71,53082.0,103513.0,45819.0,TAIFEX 期貨每日行情下載
2026-09-04,202609,46406.0,46756.0,46057.0,46704.0,885.0,1.93,50177.0,104112.0,46709.0,TAIFEX 期貨每日行情下載
2026-09-07,202609,47280.0,47572.0,47093.0,47470.0,761.0,1.63,43189.0,103693.0,47462.0,TAIFEX 期貨每日行情下載
2026-09-08,202609,47480.0,47593.0,46934.0,46980.0,-482.0,-1.02,44455.0,102168.0,46955.0,TAIFEX 期貨每日行情下載
2026-09-09,202609,47076.0,47592.0,47054.0,47187.0,232.0,0.49,49381.0,98469.0,47178.0,TAIFEX 期貨每日行情下載
2026-09-10,202609,46940.0,46950.0,46506.0,46870.0,-308.0,-0.65,48692.0,94990.0,46869.0,TAIFEX 期貨每日行情下載
2026-09-11,202609,45820.0,46340.0,45780.0,46218.0,-651.0,-1.39,58137.0,88464.0,46187.0,TAIFEX 期貨每日行情下載
2026-09-14,202609,45589.0,46018.0,45302.0,45780.0,-407.0,-0.88,94885.0,47416.0,45777.0,TAIFEX 期貨每日行情下載
2026-09-15,202609,45777.0,45964.0,45512.0,45607.0,-170.0,-0.37,75529.0,18797.0,45592.0,TAIFEX 期貨每日行情下載
2026-09-16,202610,45687.0,46242.0,45678.0,46078.0,351.0,0.77,36544.0,95896.0,46060.0,TAIFEX 期貨每日行情下載
2026-09-17,202610,46495.0,47037.0,46376.0,46445.0,385.0,0.84,50102.0,99476.0,46459.0,TAIFEX 期貨每日行情下載
2026-09-18,202610,47080.0,47464.0,46897.0,47418.0,959.0,2.06,44655.0,101893.0,47428.0,TAIFEX 期貨每日行情下載
2026-09-21,202610,47607.0,48091.0,47496.0,48077.0,649.0,1.37,37750.0,101502.0,48053.0,TAIFEX 期貨每日行情下載
2026-09-22,202610,48888.0,48946.0,48034.0,48243.0,190.0,0.4,41691.0,102946.0,48225.0,TAIFEX 期貨每日行情下載
2026-09-23,202610,48529.0,48623.0,48223.0,48336.0,111.0,0.23,32929.0,103311.0,48312.0,TAIFEX 期貨每日行情下載
2026-09-24,202610,47850.0,48275.0,47797.0,48123.0,-189.0,-0.39,37196.0,101311.0,48125.0,TAIFEX 期貨每日行情下載
2026-09-29,202610,48098.0,48194.0,47630.0,47767.0,-358.0,-0.74,43812.0,102023.0,47781.0,TAIFEX 期貨每日行情下載
2026-09-30,202610,48467.0,48646.0,48230.0,48330.0,549.0,1.15,42731.0,105359.0,48330.0,TAIFEX 期貨每日行情下載
2026-10-01,202610,48398.0,48719.0,48168.0,48685.0,355.0,0.73,34458.0,107607.0,48698.0,TAIFEX 期貨每日行情下載
