forecastDate,targetDate,researchDirection,probability,naiveProbability,trainingSampleCount,trainingPositiveCount,trainingNegativeCount,fitCutoff,provenance,replayRevision,rollPolicy,feature_momentum_5,feature_range_pct_1,feature_open_interest_change_1
2025-03-05,2025-03-06,RESEARCH_SHORT,0.427237901397509,0.4,30,12,18,2025-03-04,HISTORICAL_RESEARCH_AS_OF_OOS,V1R1,CONTRACT_ROLL_CLEAN_V1,-0.0176402420704751,0.012670394966794826,5.307221802075546e-05
2025-03-06,2025-03-07,RESEARCH_SHORT,0.3788106586200961,0.3870967741935484,31,12,19,2025-03-05,HISTORICAL_RESEARCH_AS_OF_OOS,V1R1,CONTRACT_ROLL_CLEAN_V1,-0.028094445156056524,0.013750384395729913,-0.02343014076658756
2025-03-07,2025-03-10,RESEARCH_SHORT,0.5461217969163854,0.40625,32,13,19,2025-03-06,HISTORICAL_RESEARCH_AS_OF_OOS,V1R1,CONTRACT_ROLL_CLEAN_V1,-0.029142955682014193,0.009103019538188277,-0.004062113657668398
2025-03-10,2025-03-11,RESEARCH_SHORT,0.5035704380263989,0.42424242424242425,33,14,19,2025-03-07,HISTORICAL_RESEARCH_AS_OF_OOS,V1R1,CONTRACT_ROLL_CLEAN_V1,-0.011972884937054284,0.0103359173126615,0.017692475582473888
2025-03-11,2025-03-12,RESEARCH_SHORT,0.356426912587323,0.4411764705882353,34,15,19,2025-03-10,HISTORICAL_RESEARCH_AS_OF_OOS,V1R1,CONTRACT_ROLL_CLEAN_V1,-0.02465911103240659,0.019245608460805228,-0.0022384558675692112
2025-03-12,2025-03-13,RESEARCH_SHORT,0.543989642802627,0.45714285714285713,35,16,19,2025-03-11,HISTORICAL_RESEARCH_AS_OF_OOS,V1R1,CONTRACT_ROLL_CLEAN_V1,-0.028661307235232414,0.01353904282115869,0.0009941159085413709
2025-03-13,2025-03-14,RESEARCH_SHORT,0.21819203834433343,0.4444444444444444,36,16,20,2025-03-12,HISTORICAL_RESEARCH_AS_OF_OOS,V1R1,CONTRACT_ROLL_CLEAN_V1,-0.03703378289329173,0.025456204379562045,0.014064848614988135
2025-03-14,2025-03-17,RESEARCH_SHORT,0.5681814522405678,0.4594594594594595,37,17,20,2025-03-13,HISTORICAL_RESEARCH_AS_OF_OOS,V1R1,CONTRACT_ROLL_CLEAN_V1,-0.024822380106571895,0.011702563635535722,-0.023080995235574386
2025-03-17,2025-03-18,RESEARCH_SHORT,0.4019664261893143,0.4473684210526316,38,17,21,2025-03-14,HISTORICAL_RESEARCH_AS_OF_OOS,V1R1,CONTRACT_ROLL_CLEAN_V1,-0.012830793905372895,0.009071215813701598,-0.3528774249485206
2025-03-26,2025-03-27,RESEARCH_LONG,0.4804205092674995,0.425,40,17,23,2025-03-18,HISTORICAL_RESEARCH_AS_OF_OOS,V1R1,CONTRACT_ROLL_CLEAN_V1,0.012299174003812308,0.008025106478368078,0.012139730778759628
2025-03-27,2025-03-28,RESEARCH_SHORT,0.6750720899515343,0.425,40,17,23,2025-03-18,HISTORICAL_RESEARCH_AS_OF_OOS,V1R1,CONTRACT_ROLL_CLEAN_V1,-0.017750950145316358,0.00732884195193008,0.05064186248912095
2025-03-28,2025-03-31,RESEARCH_SHORT,0.4636747018665444,0.4146341463414634,41,17,24,2025-03-27,HISTORICAL_RESEARCH_AS_OF_OOS,V1R1,CONTRACT_ROLL_CLEAN_V1,-0.025882671235965216,0.014349858815905198,0.017577012684442117
2025-03-31,2025-04-01,RESEARCH_SHORT,0.5929522299543344,0.42857142857142855,42,18,24,2025-03-28,HISTORICAL_RESEARCH_AS_OF_OOS,V1R1,CONTRACT_ROLL_CLEAN_V1,-0.06277075812274369,0.01641870094852906,-0.016484774479126885
2025-04-01,2025-04-02,RESEARCH_SHORT,0.49990520043638836,0.4418604651162791,43,19,24,2025-03-31,HISTORICAL_RESEARCH_AS_OF_OOS,V1R1,CONTRACT_ROLL_CLEAN_V1,-0.05009417885012113,0.01808224352013597,-0.025503737616719646
2025-04-02,2025-04-07,RESEARCH_SHORT,0.6995685795182939,0.4318181818181818,44,19,25,2025-04-01,HISTORICAL_RESEARCH_AS_OF_OOS,V1R1,CONTRACT_ROLL_CLEAN_V1,-0.044877830082940995,0.008073601201652273,-0.02556071665560722
2025-04-07,2025-04-08,RESEARCH_SHORT,0.9610335793578003,0.4222222222222222,45,19,26,2025-04-02,HISTORICAL_RESEARCH_AS_OF_OOS,V1R1,CONTRACT_ROLL_CLEAN_V1,-0.12750364166059724,0.0,-0.017310416212682478
2025-04-08,2025-04-09,RESEARCH_SHORT,0.13792446884740886,0.43478260869565216,46,20,26,2025-04-07,HISTORICAL_RESEARCH_AS_OF_OOS,V1R1,CONTRACT_ROLL_CLEAN_V1,-0.15798731657640142,0.04123144584936778,0.027607999667373484
2025-04-09,2025-04-10,RESEARCH_SHORT,0.00386433828249795,0.44680851063829785,47,21,26,2025-04-08,HISTORICAL_RESEARCH_AS_OF_OOS,V1R1,CONTRACT_ROLL_CLEAN_V1,-0.17165005537098565,0.06667054173448035,0.012070942072965218
2025-04-10,2025-04-11,RESEARCH_SHORT,0.9626739152441287,0.4583333333333333,48,22,26,2025-04-09,HISTORICAL_RESEARCH_AS_OF_OOS,V1R1,CONTRACT_ROLL_CLEAN_V1,-0.10759643076342007,0.0,-0.019003198294243018
2025-04-11,2025-04-14,RESEARCH_SHORT,0.032726695017327126,0.4489795918367347,49,22,27,2025-04-10,HISTORICAL_RESEARCH_AS_OF_OOS,V1R1,CONTRACT_ROLL_CLEAN_V1,-0.08355238452872704,0.05762138905961893,-0.06380579781019913
2025-04-14,2025-04-15,RESEARCH_LONG,0.06581580634734374,0.44,50,22,28,2025-04-11,HISTORICAL_RESEARCH_AS_OF_OOS,V1R1,CONTRACT_ROLL_CLEAN_V1,0.01690405384254179,0.02729464881227233,-0.38170552984024264
2025-04-23,2025-04-24,RESEARCH_LONG,0.45175064307773816,0.46153846153846156,52,24,28,2025-04-15,HISTORICAL_RESEARCH_AS_OF_OOS,V1R1,CONTRACT_ROLL_CLEAN_V1,0.010385986668733471,0.02173468344072824,0.029614422274972796
2025-04-24,2025-04-25,RESEARCH_LONG,0.4395981416767494,0.46153846153846156,52,24,28,2025-04-15,HISTORICAL_RESEARCH_AS_OF_OOS,V1R1,CONTRACT_ROLL_CLEAN_V1,0.00500800247818689,0.013818966402959005,-0.04139924977879694
2025-04-25,2025-04-28,RESEARCH_LONG,0.42602281765475897,0.4528301886792453,53,24,29,2025-04-24,HISTORICAL_RESEARCH_AS_OF_OOS,V1R1,CONTRACT_ROLL_CLEAN_V1,0.028091050181065613,0.008051124641473355,-0.002366063883724845
2025-04-28,2025-04-29,RESEARCH_LONG,0.42727614636564787,0.46296296296296297,54,25,29,2025-04-25,HISTORICAL_RESEARCH_AS_OF_OOS,V1R1,CONTRACT_ROLL_CLEAN_V1,0.045342688098853445,0.006010518407212622,-0.015246484838217889
2025-04-29,2025-04-30,RESEARCH_LONG,0.4368299071192548,0.4727272727272727,55,26,29,2025-04-28,HISTORICAL_RESEARCH_AS_OF_OOS,V1R1,CONTRACT_ROLL_CLEAN_V1,0.07219237112305166,0.012106777810856405,0.020537521999761887
2025-04-30,2025-05-02,RESEARCH_LONG,0.47895954639649746,0.48214285714285715,56,27,29,2025-04-29,HISTORICAL_RESEARCH_AS_OF_OOS,V1R1,CONTRACT_ROLL_CLEAN_V1,0.030428556817019503,0.010074941684450842,-0.025207142023573326
2025-05-02,2025-05-05,RESEARCH_LONG,0.44331295348473493,0.47368421052631576,57,27,30,2025-04-30,HISTORICAL_RESEARCH_AS_OF_OOS,V1R1,CONTRACT_ROLL_CLEAN_V1,0.06221103462447353,0.011655462591285002,0.04198092501696005
2025-05-05,2025-05-06,RESEARCH_LONG,0.43112799703527244,0.4827586206896552,58,28,30,2025-05-02,HISTORICAL_RESEARCH_AS_OF_OOS,V1R1,CONTRACT_ROLL_CLEAN_V1,0.02671966990388963,0.028915898843364048,0.0008297907650671732
2025-05-06,2025-05-07,RESEARCH_LONG,0.4612815972230578,0.4745762711864407,59,28,31,2025-05-05,HISTORICAL_RESEARCH_AS_OF_OOS,V1R1,CONTRACT_ROLL_CLEAN_V1,0.01863260706235903,0.016374096474406255,0.04672313069210943
2025-05-07,2025-05-08,RESEARCH_LONG,0.4477115049913086,0.4666666666666667,60,28,32,2025-05-06,HISTORICAL_RESEARCH_AS_OF_OOS,V1R1,CONTRACT_ROLL_CLEAN_V1,0.011263272799444168,0.014474265247043816,0.013733685916574201
2025-05-08,2025-05-09,RESEARCH_LONG,0.4697725557933406,0.47540983606557374,61,29,32,2025-05-07,HISTORICAL_RESEARCH_AS_OF_OOS,V1R1,CONTRACT_ROLL_CLEAN_V1,0.02114248846096589,0.01181044957472661,0.022371015050247633
2025-05-09,2025-05-12,RESEARCH_LONG,0.49386244631244,0.4838709677419355,62,30,32,2025-05-08,HISTORICAL_RESEARCH_AS_OF_OOS,V1R1,CONTRACT_ROLL_CLEAN_V1,0.008270058519127543,0.013238679969301611,0.02875989135674728
2025-05-12,2025-05-13,RESEARCH_LONG,0.5056208923529493,0.49206349206349204,63,31,32,2025-05-09,HISTORICAL_RESEARCH_AS_OF_OOS,V1R1,CONTRACT_ROLL_CLEAN_V1,0.032444618702215156,0.00740529763600114,0.018915366592376692
2025-05-13,2025-05-14,RESEARCH_LONG,0.4793372034557801,0.5,64,32,32,2025-05-12,HISTORICAL_RESEARCH_AS_OF_OOS,V1R1,CONTRACT_ROLL_CLEAN_V1,0.050302404484437124,0.010861423220973783,-0.010431856421761032
2025-05-14,2025-05-15,RESEARCH_LONG,0.5040692823391554,0.5076923076923077,65,33,32,2025-05-13,HISTORICAL_RESEARCH_AS_OF_OOS,V1R1,CONTRACT_ROLL_CLEAN_V1,0.06805357931406708,0.009555310547592797,0.012706869190659775
2025-05-15,2025-05-16,RESEARCH_LONG,0.5299192570501221,0.5151515151515151,66,34,32,2025-05-14,HISTORICAL_RESEARCH_AS_OF_OOS,V1R1,CONTRACT_ROLL_CLEAN_V1,0.054386391251518784,0.0061768230847238864,-0.01809919297970697
2025-05-16,2025-05-19,RESEARCH_LONG,0.4716117886119724,0.5074626865671642,67,34,33,2025-05-15,HISTORICAL_RESEARCH_AS_OF_OOS,V1R1,CONTRACT_ROLL_CLEAN_V1,0.046671143514965374,0.009119655377847029,-0.06854452601340566
2025-05-19,2025-05-20,RESEARCH_LONG,0.3208139127705896,0.5147058823529411,68,35,33,2025-05-16,HISTORICAL_RESEARCH_AS_OF_OOS,V1R1,CONTRACT_ROLL_CLEAN_V1,0.022405772334567642,0.011560962020614728,-0.4143628152880273
2025-05-28,2025-05-29,RESEARCH_SHORT,0.5163745454578091,0.5142857142857142,70,36,34,2025-05-20,HISTORICAL_RESEARCH_AS_OF_OOS,V1R1,CONTRACT_ROLL_CLEAN_V1,-0.019379844961240345,0.017033690946734424,-0.0004779094005795681
2025-05-29,2025-06-02,RESEARCH_SHORT,0.5166752355640687,0.5142857142857142,70,36,34,2025-05-20,HISTORICAL_RESEARCH_AS_OF_OOS,V1R1,CONTRACT_ROLL_CLEAN_V1,-0.008510440403664554,0.01599437148217636,0.005239170685059635
2025-06-02,2025-06-03,RESEARCH_SHORT,0.5316467969111983,0.5070422535211268,71,36,35,2025-05-29,HISTORICAL_RESEARCH_AS_OF_OOS,V1R1,CONTRACT_ROLL_CLEAN_V1,-0.028132277596646493,0.012412537141761718,0.006446520194711258
2025-06-03,2025-06-04,RESEARCH_SHORT,0.5209954354494171,0.5138888888888888,72,37,35,2025-06-02,HISTORICAL_RESEARCH_AS_OF_OOS,V1R1,CONTRACT_ROLL_CLEAN_V1,-0.0193593640402151,0.012684182919269467,-0.0448969331322272
2025-06-04,2025-06-05,RESEARCH_LONG,0.5166038963288363,0.5068493150684932,73,37,36,2025-06-03,HISTORICAL_RESEARCH_AS_OF_OOS,V1R1,CONTRACT_ROLL_CLEAN_V1,0.011727028681769003,0.012661763336747045,0.017665947254829728
2025-06-05,2025-06-06,RESEARCH_LONG,0.5200265015844501,0.5,74,37,37,2025-06-04,HISTORICAL_RESEARCH_AS_OF_OOS,V1R1,CONTRACT_ROLL_CLEAN_V1,0.014163372859025136,0.007655546791629935,-0.012724620589056879
2025-06-06,2025-06-09,RESEARCH_LONG,0.5350893087107926,0.5066666666666667,75,38,37,2025-06-05,HISTORICAL_RESEARCH_AS_OF_OOS,V1R1,CONTRACT_ROLL_CLEAN_V1,0.012101313320825424,0.005422189266845861,-0.015089120115683308
2025-06-09,2025-06-10,RESEARCH_LONG,0.5347669325276627,0.5131578947368421,76,39,37,2025-06-06,HISTORICAL_RESEARCH_AS_OF_OOS,V1R1,CONTRACT_ROLL_CLEAN_V1,0.04126329914693749,0.00745616053757997,-0.007841009436872937
2025-06-10,2025-06-11,RESEARCH_LONG,0.5112990247619426,0.5194805194805194,77,40,37,2025-06-09,HISTORICAL_RESEARCH_AS_OF_OOS,V1R1,CONTRACT_ROLL_CLEAN_V1,0.05445615373611168,0.01745579523357301,0.023183494895770762
2025-06-11,2025-06-12,RESEARCH_LONG,0.5505147773480782,0.5256410256410257,78,41,37,2025-06-10,HISTORICAL_RESEARCH_AS_OF_OOS,V1R1,CONTRACT_ROLL_CLEAN_V1,0.040452471836886605,0.007382220034897767,-0.029763776226707783
2025-06-12,2025-06-13,RESEARCH_LONG,0.5690318434345648,0.5316455696202531,79,42,37,2025-06-11,HISTORICAL_RESEARCH_AS_OF_OOS,V1R1,CONTRACT_ROLL_CLEAN_V1,0.032431680044541444,0.005168074779795075,-0.028775735055844853
2025-06-13,2025-06-16,RESEARCH_LONG,0.5177002196651792,0.525,80,42,38,2025-06-12,HISTORICAL_RESEARCH_AS_OF_OOS,V1R1,CONTRACT_ROLL_CLEAN_V1,0.016776346278617016,0.011212397447584321,-0.0836688391129301
2025-06-16,2025-06-17,RESEARCH_LONG,0.38894617675553816,0.5185185185185185,81,42,39,2025-06-13,HISTORICAL_RESEARCH_AS_OF_OOS,V1R1,CONTRACT_ROLL_CLEAN_V1,0.014037833110875919,0.00875998547567175,-0.47610782731123547
2025-06-25,2025-06-26,RESEARCH_LONG,0.5555094622187848,0.5301204819277109,83,44,39,2025-06-17,HISTORICAL_RESEARCH_AS_OF_OOS,V1R1,CONTRACT_ROLL_CLEAN_V1,0.010442316461468204,0.006814386930818178,0.021473406012553653
2025-06-26,2025-06-27,RESEARCH_LONG,0.5534577267862205,0.5301204819277109,83,44,39,2025-06-17,HISTORICAL_RESEARCH_AS_OF_OOS,V1R1,CONTRACT_ROLL_CLEAN_V1,0.01902875046074448,0.00836460641135778,0.0431254042690814
2025-06-27,2025-06-30,RESEARCH_LONG,0.535778066030947,0.5238095238095238,84,44,40,2025-06-26,HISTORICAL_RESEARCH_AS_OF_OOS,V1R1,CONTRACT_ROLL_CLEAN_V1,0.021613633214796923,0.010487771800551512,0.013884179011927067
2025-06-30,2025-07-01,RESEARCH_LONG,0.5526543266069041,0.5294117647058824,85,45,40,2025-06-27,HISTORICAL_RESEARCH_AS_OF_OOS,V1R1,CONTRACT_ROLL_CLEAN_V1,0.03129511479532443,0.007721833370964101,0.005179465616757861
2025-07-01,2025-07-02,RESEARCH_LONG,0.5315991860096837,0.5348837209302325,86,46,40,2025-06-30,HISTORICAL_RESEARCH_AS_OF_OOS,V1R1,CONTRACT_ROLL_CLEAN_V1,0.017942529259073803,0.017984163199570528,0.019032951153195254
2025-07-02,2025-07-03,RESEARCH_LONG,0.5590599917204351,0.5402298850574713,87,47,40,2025-07-01,HISTORICAL_RESEARCH_AS_OF_OOS,V1R1,CONTRACT_ROLL_CLEAN_V1,0.010695428494065684,0.008617610287551349,-0.013882150987050812
2025-07-03,2025-07-04,RESEARCH_LONG,0.5743021382549429,0.5454545454545454,88,48,40,2025-07-02,HISTORICAL_RESEARCH_AS_OF_OOS,V1R1,CONTRACT_ROLL_CLEAN_V1,0.025229461500203554,0.007453142227122381,-0.0021286660359508547
2025-07-04,2025-07-07,RESEARCH_LONG,0.5557207792596763,0.550561797752809,89,49,40,2025-07-03,HISTORICAL_RESEARCH_AS_OF_OOS,V1R1,CONTRACT_ROLL_CLEAN_V1,0.01419465666109132,0.014753733006463116,-0.01938848068262622
2025-07-07,2025-07-08,RESEARCH_LONG,0.5560231459574332,0.5444444444444444,90,49,41,2025-07-04,HISTORICAL_RESEARCH_AS_OF_OOS,V1R1,CONTRACT_ROLL_CLEAN_V1,0.008624971776924895,0.011729942693409743,0.0031518901672629163
2025-07-08,2025-07-09,RESEARCH_SHORT,0.5442307922547456,0.5384615384615384,91,49,42,2025-07-07,HISTORICAL_RESEARCH_AS_OF_OOS,V1R1,CONTRACT_ROLL_CLEAN_V1,-0.004563145886458231,0.011505100894341827,-0.011902926095840205
2025-07-09,2025-07-10,RESEARCH_LONG,0.5324858282691007,0.532608695652174,92,49,43,2025-07-08,HISTORICAL_RESEARCH_AS_OF_OOS,V1R1,CONTRACT_ROLL_CLEAN_V1,0.0016967315592069099,0.014576089863599893,-0.0021166395177573127
2025-07-10,2025-07-11,RESEARCH_SHORT,0.5332867824610799,0.5268817204301075,93,49,44,2025-07-09,HISTORICAL_RESEARCH_AS_OF_OOS,V1R1,CONTRACT_ROLL_CLEAN_V1,-0.002822491730981258,0.010481623988324267,-0.02586409133562717
2025-07-11,2025-07-14,RESEARCH_LONG,0.5350581867217878,0.5319148936170213,94,50,44,2025-07-10,HISTORICAL_RESEARCH_AS_OF_OOS,V1R1,CONTRACT_ROLL_CLEAN_V1,0.014664586583463368,0.012563697065542084,-0.054636858054546544
2025-07-14,2025-07-15,RESEARCH_LONG,0.5010783268009456,0.5263157894736842,95,50,45,2025-07-11,HISTORICAL_RESEARCH_AS_OF_OOS,V1R1,CONTRACT_ROLL_CLEAN_V1,0.009625716332378298,0.0077601880182696995,-0.4005604322121151
2025-07-23,2025-07-24,RESEARCH_LONG,0.5321416196980945,0.5257731958762887,97,51,46,2025-07-15,HISTORICAL_RESEARCH_AS_OF_OOS,V1R1,CONTRACT_ROLL_CLEAN_V1,0.011605584642233824,0.011127404468213578,0.005939123979213035
2025-07-24,2025-07-25,RESEARCH_LONG,0.5402951137492011,0.5257731958762887,97,51,46,2025-07-15,HISTORICAL_RESEARCH_AS_OF_OOS,V1R1,CONTRACT_ROLL_CLEAN_V1,0.006998444790046632,0.007679107679107679,-0.012005613013876593
2025-07-25,2025-07-28,RESEARCH_SHORT,0.5498986084328814,0.5306122448979592,98,52,46,2025-07-24,HISTORICAL_RESEARCH_AS_OF_OOS,V1R1,CONTRACT_ROLL_CLEAN_V1,-0.0010317255610007292,0.0052069885532317756,0.004702788006312408
2025-07-28,2025-07-29,RESEARCH_LONG,0.5346626011015032,0.5252525252525253,99,52,47,2025-07-25,HISTORICAL_RESEARCH_AS_OF_OOS,V1R1,CONTRACT_ROLL_CLEAN_V1,0.007060444291372425,0.009319425444596444,-0.006167733017791166
2025-07-29,2025-07-30,RESEARCH_LONG,0.5200398639807365,0.52,100,52,48,2025-07-28,HISTORICAL_RESEARCH_AS_OF_OOS,V1R1,CONTRACT_ROLL_CLEAN_V1,0.0075250108742932476,0.014333203816431378,-0.033643107008892836
2025-07-30,2025-07-31,RESEARCH_LONG,0.5209502152678611,0.5148514851485149,101,52,49,2025-07-29,HISTORICAL_RESEARCH_AS_OF_OOS,V1R1,CONTRACT_ROLL_CLEAN_V1,0.007547658069524621,0.009545824236976157,-0.007043558850787779
2025-07-31,2025-08-01,RESEARCH_LONG,0.5245625525929564,0.5196078431372549,102,53,49,2025-07-30,HISTORICAL_RESEARCH_AS_OF_OOS,V1R1,CONTRACT_ROLL_CLEAN_V1,0.011969111969111879,0.011276442409597694,0.0063029131757239565
2025-08-01,2025-08-04,RESEARCH_LONG,0.5204252837009165,0.5242718446601942,103,54,49,2025-07-31,HISTORICAL_RESEARCH_AS_OF_OOS,V1R1,CONTRACT_ROLL_CLEAN_V1,0.004561494104484032,0.01687799862919808,-0.04004670296694779
2025-08-04,2025-08-05,RESEARCH_SHORT,0.5171970669375512,0.5192307692307693,104,54,50,2025-08-01,HISTORICAL_RESEARCH_AS_OF_OOS,V1R1,CONTRACT_ROLL_CLEAN_V1,-0.0056429548563611265,0.011521926053310405,0.0003182794721108273
2025-08-05,2025-08-06,RESEARCH_LONG,0.5274162022618021,0.5142857142857142,105,54,51,2025-08-04,HISTORICAL_RESEARCH_AS_OF_OOS,V1R1,CONTRACT_ROLL_CLEAN_V1,0.01778698786858346,0.006914103923647932,0.020590675105964795
2025-08-06,2025-08-07,RESEARCH_LONG,0.524818195609803,0.5094339622641509,106,54,52,2025-08-05,HISTORICAL_RESEARCH_AS_OF_OOS,V1R1,CONTRACT_ROLL_CLEAN_V1,0.0027396087496254218,0.004354322305229455,-0.04200950864574171
2025-08-07,2025-08-08,RESEARCH_LONG,0.4987596540893006,0.5046728971962616,107,54,53,2025-08-06,HISTORICAL_RESEARCH_AS_OF_OOS,V1R1,CONTRACT_ROLL_CLEAN_V1,0.01729619738013488,0.016710422136100345,0.029567642956764395
2025-08-08,2025-08-11,RESEARCH_LONG,0.5278489234160113,0.5092592592592593,108,55,53,2025-08-07,HISTORICAL_RESEARCH_AS_OF_OOS,V1R1,CONTRACT_ROLL_CLEAN_V1,0.025916723783413254,0.006179798738987014,-0.031360065023029016
2025-08-11,2025-08-12,RESEARCH_LONG,0.49944322190411855,0.5045871559633027,109,55,54,2025-08-08,HISTORICAL_RESEARCH_AS_OF_OOS,V1R1,CONTRACT_ROLL_CLEAN_V1,0.03877901977644016,0.01614104792649615,-0.01863506048528074
2025-08-12,2025-08-13,RESEARCH_LONG,0.5282024670167825,0.509090909090909,110,56,54,2025-08-11,HISTORICAL_RESEARCH_AS_OF_OOS,V1R1,CONTRACT_ROLL_CLEAN_V1,0.023753976670201515,0.006339341205717837,-0.017730117448668148
2025-08-13,2025-08-14,RESEARCH_LONG,0.5078183338063388,0.5045045045045045,111,56,55,2025-08-12,HISTORICAL_RESEARCH_AS_OF_OOS,V1R1,CONTRACT_ROLL_CLEAN_V1,0.03935965848452505,0.010596788105310716,-0.005706410039412968
2025-08-14,2025-08-15,RESEARCH_LONG,0.5292153584910182,0.5089285714285714,112,57,55,2025-08-13,HISTORICAL_RESEARCH_AS_OF_OOS,V1R1,CONTRACT_ROLL_CLEAN_V1,0.010542984539734235,0.006391752577319588,-0.02112059531626176
2025-08-15,2025-08-18,RESEARCH_LONG,0.528402888823607,0.504424778761062,113,57,56,2025-08-14,HISTORICAL_RESEARCH_AS_OF_OOS,V1R1,CONTRACT_ROLL_CLEAN_V1,0.015157209069272204,0.008102994406054623,-0.11060182597354207
2025-08-18,2025-08-19,RESEARCH_LONG,0.5493125894975639,0.5087719298245614,114,58,56,2025-08-15,HISTORICAL_RESEARCH_AS_OF_OOS,V1R1,CONTRACT_ROLL_CLEAN_V1,0.010926247827166558,0.011708834848112666,-0.36683845197692766
2025-08-27,2025-08-28,RESEARCH_LONG,0.5278707063982625,0.5086206896551724,116,59,57,2025-08-19,HISTORICAL_RESEARCH_AS_OF_OOS,V1R1,CONTRACT_ROLL_CLEAN_V1,0.03363332910804062,0.006744880022891714,0.015997747517149552
2025-08-28,2025-08-29,RESEARCH_LONG,0.520969092657627,0.5086206896551724,116,59,57,2025-08-19,HISTORICAL_RESEARCH_AS_OF_OOS,V1R1,CONTRACT_ROLL_CLEAN_V1,0.015763877242998436,0.008956579164602938,-0.021338775098883933
2025-08-29,2025-09-01,RESEARCH_LONG,0.5146663557622518,0.5042735042735043,117,59,58,2025-08-28,HISTORICAL_RESEARCH_AS_OF_OOS,V1R1,CONTRACT_ROLL_CLEAN_V1,0.02176842105263166,0.008530102608480652,-0.009666374916336262
2025-09-01,2025-09-02,RESEARCH_SHORT,0.4903379239802919,0.5084745762711864,118,60,58,2025-08-29,HISTORICAL_RESEARCH_AS_OF_OOS,V1R1,CONTRACT_ROLL_CLEAN_V1,-0.010020205352356593,0.016577807397534155,0.006251543390390024
2025-09-02,2025-09-03,RESEARCH_SHORT,0.491698916573993,0.5042016806722689,119,60,59,2025-09-01,HISTORICAL_RESEARCH_AS_OF_OOS,V1R1,CONTRACT_ROLL_CLEAN_V1,-0.011874819609945186,0.015439182140621741,0.006419364005063155
2025-09-03,2025-09-04,RESEARCH_SHORT,0.5274054180315796,0.5083333333333333,120,61,59,2025-09-02,HISTORICAL_RESEARCH_AS_OF_OOS,V1R1,CONTRACT_ROLL_CLEAN_V1,-0.019049176307076032,0.008126015751968996,0.006237246371231686
2025-09-04,2025-09-05,RESEARCH_SHORT,0.5114263355976255,0.5041322314049587,121,61,60,2025-09-03,HISTORICAL_RESEARCH_AS_OF_OOS,V1R1,CONTRACT_ROLL_CLEAN_V1,-0.003962357602773636,0.0104425658876181,-0.014004208915247784
2025-09-05,2025-09-08,RESEARCH_LONG,0.5196986027491178,0.5,122,61,61,2025-09-04,HISTORICAL_RESEARCH_AS_OF_OOS,V1R1,CONTRACT_ROLL_CLEAN_V1,0.006263650224584749,0.005856095663213072,0.005782141332608903
2025-09-08,2025-09-09,RESEARCH_LONG,0.5127293464177746,0.4959349593495935,123,61,62,2025-09-05,HISTORICAL_RESEARCH_AS_OF_OOS,V1R1,CONTRACT_ROLL_CLEAN_V1,0.022617460846384496,0.006354119995112216,-0.005684595004758597
2025-09-09,2025-09-10,RESEARCH_LONG,0.5130888556551882,0.5,124,62,62,2025-09-08,HISTORICAL_RESEARCH_AS_OF_OOS,V1R1,CONTRACT_ROLL_CLEAN_V1,0.03492593365324437,0.007176840577372792,0.027602442052980125
2025-09-10,2025-09-11,RESEARCH_LONG,0.5032213103224458,0.504,125,63,62,2025-09-09,HISTORICAL_RESEARCH_AS_OF_OOS,V1R1,CONTRACT_ROLL_CLEAN_V1,0.049214485143976416,0.011239971403606323,0.02055484228280835
2025-09-11,2025-09-12,RESEARCH_LONG,0.5119025522581462,0.5079365079365079,126,64,62,2025-09-10,HISTORICAL_RESEARCH_AS_OF_OOS,V1R1,CONTRACT_ROLL_CLEAN_V1,0.045914138902701795,0.011410459587955626,-0.009558578670185836
2025-09-12,2025-09-15,RESEARCH_LONG,0.5485821338635443,0.5118110236220472,127,65,62,2025-09-11,HISTORICAL_RESEARCH_AS_OF_OOS,V1R1,CONTRACT_ROLL_CLEAN_V1,0.042589786641549665,0.004556345496680938,-0.08853855349671247
2025-09-15,2025-09-16,RESEARCH_LONG,0.5413444664647682,0.515625,128,66,62,2025-09-12,HISTORICAL_RESEARCH_AS_OF_OOS,V1R1,CONTRACT_ROLL_CLEAN_V1,0.032666693821025605,0.007139194572634402,-0.4435336229745608
2025-09-24,2025-09-25,RESEARCH_LONG,0.5219830028261466,0.5153846153846153,130,67,63,2025-09-16,HISTORICAL_RESEARCH_AS_OF_OOS,V1R1,CONTRACT_ROLL_CLEAN_V1,0.03011385944248146,0.012234630483668102,-0.029105346019576928
2025-09-25,2025-09-26,RESEARCH_LONG,0.5328702023763727,0.5153846153846153,130,67,63,2025-09-16,HISTORICAL_RESEARCH_AS_OF_OOS,V1R1,CONTRACT_ROLL_CLEAN_V1,0.015091991131510385,0.0075104418132352375,-0.0232659794977369
2025-09-26,2025-09-30,RESEARCH_SHORT,0.48139013648057494,0.5114503816793893,131,67,64,2025-09-25,HISTORICAL_RESEARCH_AS_OF_OOS,V1R1,CONTRACT_ROLL_CLEAN_V1,-7.790892446735143e-05,0.019128131208851144,-0.003984466355801297
2025-09-30,2025-10-01,RESEARCH_LONG,0.5121283032236147,0.5075757575757576,132,67,65,2025-09-26,HISTORICAL_RESEARCH_AS_OF_OOS,V1R1,CONTRACT_ROLL_CLEAN_V1,0.002433277973040715,0.009593896894505663,-0.00552229936370352
2025-10-01,2025-10-02,RESEARCH_SHORT,0.48895102324827,0.5037593984962406,133,67,66,2025-09-30,HISTORICAL_RESEARCH_AS_OF_OOS,V1R1,CONTRACT_ROLL_CLEAN_V1,-0.0086781106078484,0.014398157035899405,-0.006252550574243565
2025-10-02,2025-10-03,RESEARCH_LONG,0.5280405839754514,0.5074626865671642,134,68,66,2025-10-01,HISTORICAL_RESEARCH_AS_OF_OOS,V1R1,CONTRACT_ROLL_CLEAN_V1,0.007394138049319654,0.005523816730354508,0.02378892099203611
2025-10-03,2025-10-07,RESEARCH_LONG,0.49220924743059097,0.5037037037037037,135,68,67,2025-10-02,HISTORICAL_RESEARCH_AS_OF_OOS,V1R1,CONTRACT_ROLL_CLEAN_V1,0.024830440280491972,0.014058702561226398,0.021187594011890187
2025-10-07,2025-10-08,RESEARCH_LONG,0.5057611119934698,0.5073529411764706,136,69,67,2025-10-03,HISTORICAL_RESEARCH_AS_OF_OOS,V1R1,CONTRACT_ROLL_CLEAN_V1,0.06439674315321975,0.01321279554937413,0.005106335222490266
2025-10-08,2025-10-09,RESEARCH_LONG,0.5360989452091184,0.5109489051094891,137,70,67,2025-10-07,HISTORICAL_RESEARCH_AS_OF_OOS,V1R1,CONTRACT_ROLL_CLEAN_V1,0.04388533559374275,0.00793562912929539,-0.024383095131755295
2025-10-09,2025-10-13,RESEARCH_LONG,0.5321650229326389,0.5072463768115942,138,70,68,2025-10-08,HISTORICAL_RESEARCH_AS_OF_OOS,V1R1,CONTRACT_ROLL_CLEAN_V1,0.04952966020349403,0.006658130601792573,-0.03178781419436061
2025-10-13,2025-10-14,RESEARCH_LONG,0.49945371663693,0.5107913669064749,139,71,68,2025-10-09,HISTORICAL_RESEARCH_AS_OF_OOS,V1R1,CONTRACT_ROLL_CLEAN_V1,0.017895652831901865,0.020628902765388046,-0.38787511635810223
2025-10-22,2025-10-23,RESEARCH_LONG,0.5136989340622973,0.5035460992907801,141,71,70,2025-10-14,HISTORICAL_RESEARCH_AS_OF_OOS,V1R1,CONTRACT_ROLL_CLEAN_V1,0.015244796247434689,0.009781980941380306,-0.04906691212494618
2025-10-23,2025-10-27,RESEARCH_SHORT,0.5077449654261295,0.5035460992907801,141,71,70,2025-10-14,HISTORICAL_RESEARCH_AS_OF_OOS,V1R1,CONTRACT_ROLL_CLEAN_V1,-0.009560779239450756,0.011467556974887503,-0.012068319490414092
2025-10-27,2025-10-28,RESEARCH_LONG,0.5201012823881045,0.5,142,71,71,2025-10-23,HISTORICAL_RESEARCH_AS_OF_OOS,V1R1,CONTRACT_ROLL_CLEAN_V1,0.032823477751756425,0.0075110717449069974,0.01700406137897259
2025-10-28,2025-10-29,RESEARCH_LONG,0.5087878432815236,0.4965034965034965,143,71,72,2025-10-27,HISTORICAL_RESEARCH_AS_OF_OOS,V1R1,CONTRACT_ROLL_CLEAN_V1,0.007882518086599788,0.009499321477037354,0.00239297645870562
2025-10-29,2025-10-30,RESEARCH_LONG,0.506750930375409,0.4930555555555556,144,71,73,2025-10-28,HISTORICAL_RESEARCH_AS_OF_OOS,V1R1,CONTRACT_ROLL_CLEAN_V1,0.020802644343046017,0.008552724201041813,0.024895750980483244
2025-10-30,2025-10-31,RESEARCH_LONG,0.4870710461320355,0.496551724137931,145,72,73,2025-10-29,HISTORICAL_RESEARCH_AS_OF_OOS,V1R1,CONTRACT_ROLL_CLEAN_V1,0.025050534218885367,0.013064300302838228,-0.012569008545715743
2025-10-31,2025-11-03,RESEARCH_LONG,0.5097765139200486,0.4931506849315068,146,72,74,2025-10-30,HISTORICAL_RESEARCH_AS_OF_OOS,V1R1,CONTRACT_ROLL_CLEAN_V1,0.03175352010451449,0.007386303682599979,0.016328656332332603
2025-11-03,2025-11-04,RESEARCH_LONG,0.49307956713234247,0.4965986394557823,147,73,74,2025-10-31,HISTORICAL_RESEARCH_AS_OF_OOS,V1R1,CONTRACT_ROLL_CLEAN_V1,0.004074402125775034,0.012491178546224418,0.011032403918613376
2025-11-04,2025-11-05,RESEARCH_LONG,0.4676074329491118,0.49324324324324326,148,73,75,2025-11-03,HISTORICAL_RESEARCH_AS_OF_OOS,V1R1,CONTRACT_ROLL_CLEAN_V1,0.004106849510749244,0.017107088238432266,-0.00043230672907779155
2025-11-05,2025-11-06,RESEARCH_SHORT,0.47434072795344273,0.4899328859060403,149,73,76,2025-11-04,HISTORICAL_RESEARCH_AS_OF_OOS,V1R1,CONTRACT_ROLL_CLEAN_V1,-0.021364212304660013,0.015644668225139362,0.01443634140157779
2025-11-06,2025-11-07,RESEARCH_SHORT,0.5060751669451921,0.4866666666666667,150,73,77,2025-11-05,HISTORICAL_RESEARCH_AS_OF_OOS,V1R1,CONTRACT_ROLL_CLEAN_V1,-0.012817804070709204,0.008489691089391453,-0.005807030181855577
2025-11-07,2025-11-10,RESEARCH_SHORT,0.5023019918899472,0.48344370860927155,151,73,78,2025-11-06,HISTORICAL_RESEARCH_AS_OF_OOS,V1R1,CONTRACT_ROLL_CLEAN_V1,-0.024656185150012333,0.008727010457987738,-0.005589566143199387
2025-11-10,2025-11-11,RESEARCH_SHORT,0.4907886617241567,0.4868421052631579,152,74,78,2025-11-07,HISTORICAL_RESEARCH_AS_OF_OOS,V1R1,CONTRACT_ROLL_CLEAN_V1,-0.011432604093154497,0.011457738435179898,-0.0007137758743754885
2025-11-11,2025-11-12,RESEARCH_SHORT,0.4671533682547125,0.48366013071895425,153,74,79,2025-11-10,HISTORICAL_RESEARCH_AS_OF_OOS,V1R1,CONTRACT_ROLL_CLEAN_V1,-0.011985631468506619,0.015046796256299497,-0.008928571428571397
2025-11-12,2025-11-13,RESEARCH_LONG,0.5047732500204215,0.487012987012987,154,75,79,2025-11-11,HISTORICAL_RESEARCH_AS_OF_OOS,V1R1,CONTRACT_ROLL_CLEAN_V1,0.008955223880596996,0.007842018963427675,0.015345345345345374
2025-11-13,2025-11-14,RESEARCH_SHORT,0.5015336495004212,0.4838709677419355,155,75,80,2025-11-12,HISTORICAL_RESEARCH_AS_OF_OOS,V1R1,CONTRACT_ROLL_CLEAN_V1,-0.001926232432046815,0.008649035025017869,-0.028171305196533658
2025-11-14,2025-11-17,RESEARCH_SHORT,0.49665188560281726,0.4807692307692308,156,75,81,2025-11-13,HISTORICAL_RESEARCH_AS_OF_OOS,V1R1,CONTRACT_ROLL_CLEAN_V1,-0.011864406779661052,0.008393854238896391,0.018610100887137326
2025-11-17,2025-11-18,RESEARCH_SHORT,0.5343197306206694,0.4840764331210191,157,76,81,2025-11-14,HISTORICAL_RESEARCH_AS_OF_OOS,V1R1,CONTRACT_ROLL_CLEAN_V1,-0.01916761850371218,0.008188070890498198,-0.42351359426351953
2025-11-26,2025-11-27,RESEARCH_LONG,0.47831433231680054,0.48427672955974843,159,77,82,2025-11-18,HISTORICAL_RESEARCH_AS_OF_OOS,V1R1,CONTRACT_ROLL_CLEAN_V1,0.027599172776837655,0.009184382889970361,0.05447204448294163
2025-11-27,2025-11-28,RESEARCH_LONG,0.5104193541092322,0.48427672955974843,159,77,82,2025-11-18,HISTORICAL_RESEARCH_AS_OF_OOS,V1R1,CONTRACT_ROLL_CLEAN_V1,0.0036751328142057282,0.006815792335859044,-0.02951892629542774
2025-11-28,2025-12-01,RESEARCH_LONG,0.4813723242159614,0.4875,160,78,82,2025-11-27,HISTORICAL_RESEARCH_AS_OF_OOS,V1R1,CONTRACT_ROLL_CLEAN_V1,0.047496790757381335,0.010668973471741637,0.007768024136848295
2025-12-01,2025-12-02,RESEARCH_LONG,0.49660424599285763,0.4906832298136646,161,79,82,2025-11-28,HISTORICAL_RESEARCH_AS_OF_OOS,V1R1,CONTRACT_ROLL_CLEAN_V1,0.02964493706556448,0.009962049335863378,-0.03453087322875181
2025-12-02,2025-12-03,RESEARCH_LONG,0.4914319389802808,0.4876543209876543,162,79,83,2025-12-01,HISTORICAL_RESEARCH_AS_OF_OOS,V1R1,CONTRACT_ROLL_CLEAN_V1,0.023317120261389324,0.009469903123979537,-0.008180274733755155
2025-12-03,2025-12-04,RESEARCH_LONG,0.5094372622496072,0.49079754601226994,163,80,83,2025-12-02,HISTORICAL_RESEARCH_AS_OF_OOS,V1R1,CONTRACT_ROLL_CLEAN_V1,0.01569761059680186,0.007133078752071475,0.005248564072093398
2025-12-04,2025-12-05,RESEARCH_LONG,0.5124826568978329,0.49390243902439024,164,81,83,2025-12-03,HISTORICAL_RESEARCH_AS_OF_OOS,V1R1,CONTRACT_ROLL_CLEAN_V1,0.00783091034332739,0.007554228569372999,0.0032790576579366792
2025-12-05,2025-12-08,RESEARCH_LONG,0.5028568275972379,0.49696969696969695,165,82,83,2025-12-04,HISTORICAL_RESEARCH_AS_OF_OOS,V1R1,CONTRACT_ROLL_CLEAN_V1,0.009803921568627416,0.009137635636778984,0.02805442558563609
2025-12-08,2025-12-09,RESEARCH_LONG,0.49960507909189233,0.5,166,83,83,2025-12-05,HISTORICAL_RESEARCH_AS_OF_OOS,V1R1,CONTRACT_ROLL_CLEAN_V1,0.03218508246971252,0.009863536731952203,0.015895756583435672
2025-12-09,2025-12-10,RESEARCH_LONG,0.5377725550579137,0.5029940119760479,167,84,83,2025-12-08,HISTORICAL_RESEARCH_AS_OF_OOS,V1R1,CONTRACT_ROLL_CLEAN_V1,0.023910598309204945,0.005527994330262225,-0.014438251292727133
2025-12-10,2025-12-11,RESEARCH_LONG,0.5246299863055238,0.5,168,84,84,2025-12-09,HISTORICAL_RESEARCH_AS_OF_OOS,V1R1,CONTRACT_ROLL_CLEAN_V1,0.023056416168311777,0.006408902035354602,0.009498500953938338
2025-12-11,2025-12-12,RESEARCH_LONG,0.4438452891948836,0.5029585798816568,169,85,84,2025-12-10,HISTORICAL_RESEARCH_AS_OF_OOS,V1R1,CONTRACT_ROLL_CLEAN_V1,0.011187452786071361,0.019316969050160084,-0.012298014228438015
2025-12-12,2025-12-15,RESEARCH_LONG,0.5348752415549461,0.5,170,85,85,2025-12-11,HISTORICAL_RESEARCH_AS_OF_OOS,V1R1,CONTRACT_ROLL_CLEAN_V1,0.009851513420902291,0.006538950940195108,-0.04996856463384636
2025-12-15,2025-12-16,RESEARCH_SHORT,0.5656699496527139,0.5029239766081871,171,86,85,2025-12-12,HISTORICAL_RESEARCH_AS_OF_OOS,V1R1,CONTRACT_ROLL_CLEAN_V1,-0.01339885455702472,0.008205826495144588,-0.33013954826643643
2025-12-24,2025-12-26,RESEARCH_LONG,0.5199631072417877,0.5028901734104047,173,87,86,2025-12-16,HISTORICAL_RESEARCH_AS_OF_OOS,V1R1,CONTRACT_ROLL_CLEAN_V1,0.028166979633106992,0.006216633885923012,0.01735649360441993
2025-12-26,2025-12-29,RESEARCH_LONG,0.5161856755611481,0.5028901734104047,173,87,86,2025-12-16,HISTORICAL_RESEARCH_AS_OF_OOS,V1R1,CONTRACT_ROLL_CLEAN_V1,0.03921568627450989,0.006207930805984725,0.023677011602678988
2025-12-29,2025-12-30,RESEARCH_LONG,0.5003377414402381,0.5057471264367817,174,88,86,2025-12-26,HISTORICAL_RESEARCH_AS_OF_OOS,V1R1,CONTRACT_ROLL_CLEAN_V1,0.03785760378576031,0.009844559585492229,0.01694223579590326
2025-12-30,2025-12-31,RESEARCH_LONG,0.5268093627423694,0.5085714285714286,175,89,86,2025-12-29,HISTORICAL_RESEARCH_AS_OF_OOS,V1R1,CONTRACT_ROLL_CLEAN_V1,0.019053667831057552,0.008206087046847409,-0.029087002110005034
2025-12-31,2026-01-02,RESEARCH_LONG,0.5150120146498333,0.5056818181818182,176,89,87,2025-12-30,HISTORICAL_RESEARCH_AS_OF_OOS,V1R1,CONTRACT_ROLL_CLEAN_V1,0.021222679759265173,0.009339674662255307,-0.028651805237054018
2026-01-02,2026-01-05,RESEARCH_LONG,0.4599998748552949,0.5084745762711864,177,90,87,2025-12-31,HISTORICAL_RESEARCH_AS_OF_OOS,V1R1,CONTRACT_ROLL_CLEAN_V1,0.03515734756954192,0.016082516201268958,0.029675382609292367
2026-01-05,2026-01-06,RESEARCH_LONG,0.43037935172776765,0.5112359550561798,178,91,87,2026-01-02,HISTORICAL_RESEARCH_AS_OF_OOS,V1R1,CONTRACT_ROLL_CLEAN_V1,0.05719666585289307,0.021014086365585723,0.0087580148499673
2026-01-06,2026-01-07,RESEARCH_LONG,0.4784957104688809,0.5139664804469274,179,92,87,2026-01-05,HISTORICAL_RESEARCH_AS_OF_OOS,V1R1,CONTRACT_ROLL_CLEAN_V1,0.05758203799654571,0.015971519090701245,-0.00273541771282082
2026-01-07,2026-01-08,RESEARCH_LONG,0.5437561798975212,0.5166666666666667,180,93,87,2026-01-06,HISTORICAL_RESEARCH_AS_OF_OOS,V1R1,CONTRACT_ROLL_CLEAN_V1,0.056611613171289044,0.007471490365709791,-0.016245511283077385
2026-01-08,2026-01-09,RESEARCH_LONG,0.520131428824708,0.5138121546961326,181,93,88,2026-01-07,HISTORICAL_RESEARCH_AS_OF_OOS,V1R1,CONTRACT_ROLL_CLEAN_V1,0.049696719051557814,0.010177949963884693,-0.02237308225912904
2026-01-09,2026-01-12,RESEARCH_LONG,0.46137940030415037,0.510989010989011,182,93,89,2026-01-08,HISTORICAL_RESEARCH_AS_OF_OOS,V1R1,CONTRACT_ROLL_CLEAN_V1,0.03335255997014208,0.018814026792750196,-0.004491595480848765
2026-01-12,2026-01-13,RESEARCH_LONG,0.5314698339148494,0.5081967213114754,183,93,90,2026-01-09,HISTORICAL_RESEARCH_AS_OF_OOS,V1R1,CONTRACT_ROLL_CLEAN_V1,0.012799788869461981,0.006775023614865965,-0.01309270075013147
2026-01-13,2026-01-14,RESEARCH_LONG,0.45769897136941834,0.5108695652173914,184,94,90,2026-01-12,HISTORICAL_RESEARCH_AS_OF_OOS,V1R1,CONTRACT_ROLL_CLEAN_V1,0.00839402946075718,0.020275960354991254,0.017136927133000412
2026-01-14,2026-01-15,RESEARCH_LONG,0.5250586852898634,0.5135135135135135,185,95,90,2026-01-13,HISTORICAL_RESEARCH_AS_OF_OOS,V1R1,CONTRACT_ROLL_CLEAN_V1,0.015270677677283961,0.007262281324640114,0.03994209292706463
2026-01-15,2026-01-16,RESEARCH_LONG,0.5175584977222188,0.5161290322580645,186,96,90,2026-01-14,HISTORICAL_RESEARCH_AS_OF_OOS,V1R1,CONTRACT_ROLL_CLEAN_V1,0.019436601221354044,0.010080515297906602,0.004043644848661598
2026-01-16,2026-01-19,RESEARCH_LONG,0.5191498186966303,0.5187165775401069,187,97,90,2026-01-15,HISTORICAL_RESEARCH_AS_OF_OOS,V1R1,CONTRACT_ROLL_CLEAN_V1,0.03342526924087208,0.012041685200482937,-0.07426187080758462
2026-01-19,2026-01-20,RESEARCH_LONG,0.5210091991798155,0.5212765957446809,188,98,90,2026-01-16,HISTORICAL_RESEARCH_AS_OF_OOS,V1R1,CONTRACT_ROLL_CLEAN_V1,0.03152991759226076,0.017872367299251634,-0.33432703828379073
2026-01-28,2026-01-29,RESEARCH_LONG,0.537147612981751,0.5263157894736842,190,100,90,2026-01-20,HISTORICAL_RESEARCH_AS_OF_OOS,V1R1,CONTRACT_ROLL_CLEAN_V1,0.0458328039639182,0.008199957481701946,0.013211231766133036
2026-01-29,2026-01-30,RESEARCH_LONG,0.5102727976566488,0.5263157894736842,190,100,90,2026-01-20,HISTORICAL_RESEARCH_AS_OF_OOS,V1R1,CONTRACT_ROLL_CLEAN_V1,0.028879053269297073,0.013027427769472496,0.03165564267671228
2026-01-30,2026-02-02,RESEARCH_LONG,0.510437001931226,0.5235602094240838,191,100,91,2026-01-29,HISTORICAL_RESEARCH_AS_OF_OOS,V1R1,CONTRACT_ROLL_CLEAN_V1,0.0029235219108636468,0.013458616305392749,-0.0101903616163046
2026-02-02,2026-02-03,RESEARCH_SHORT,0.47722189482198957,0.5208333333333334,192,100,92,2026-01-30,HISTORICAL_RESEARCH_AS_OF_OOS,V1R1,CONTRACT_ROLL_CLEAN_V1,-0.016612742658038804,0.01809553938627017,0.0344033745620933
2026-02-03,2026-02-04,RESEARCH_SHORT,0.5029024826592193,0.5181347150259067,193,100,93,2026-02-02,HISTORICAL_RESEARCH_AS_OF_OOS,V1R1,CONTRACT_ROLL_CLEAN_V1,-0.007628656679688706,0.013700753231455937,-0.006745828783124352
2026-02-04,2026-02-05,RESEARCH_SHORT,0.4980629400915772,0.5154639175257731,194,100,94,2026-02-03,HISTORICAL_RESEARCH_AS_OF_OOS,V1R1,CONTRACT_ROLL_CLEAN_V1,-0.015306587299176999,0.013601455756715912,-0.0007097824725481594
2026-02-05,2026-02-06,RESEARCH_SHORT,0.5037348852418714,0.5128205128205128,195,100,95,2026-02-04,HISTORICAL_RESEARCH_AS_OF_OOS,V1R1,CONTRACT_ROLL_CLEAN_V1,-0.02654300271531862,0.011533519290437834,0.003063981504693558
2026-02-06,2026-02-09,RESEARCH_SHORT,0.47667432921149916,0.5153061224489796,196,101,95,2026-02-05,HISTORICAL_RESEARCH_AS_OF_OOS,V1R1,CONTRACT_ROLL_CLEAN_V1,-0.01364468012528297,0.02084446819882416,-0.06681291827497149
2026-02-09,2026-02-10,RESEARCH_LONG,0.5289936187684171,0.5177664974619289,197,102,95,2026-02-06,HISTORICAL_RESEARCH_AS_OF_OOS,V1R1,CONTRACT_ROLL_CLEAN_V1,0.032932616260676895,0.009831245597378335,-0.054262758518077714
2026-02-10,2026-02-11,RESEARCH_LONG,0.564266380286324,0.5151515151515151,198,102,96,2026-02-09,HISTORICAL_RESEARCH_AS_OF_OOS,V1R1,CONTRACT_ROLL_CLEAN_V1,0.032423049502495305,0.012910199057255232,-0.3099287321240344
2026-03-03,2026-03-04,RESEARCH_LONG,0.4129915993043969,0.52,200,104,96,2026-02-11,HISTORICAL_RESEARCH_AS_OF_OOS,V1R1,CONTRACT_ROLL_CLEAN_V1,0.010718176732133822,0.029308084486525856,0.0024595279174772777
2026-03-04,2026-03-05,RESEARCH_SHORT,0.41233975937286604,0.52,200,104,96,2026-02-11,HISTORICAL_RESEARCH_AS_OF_OOS,V1R1,CONTRACT_ROLL_CLEAN_V1,-0.05722571568036294,0.030060303344094538,-0.013280601533128267
2026-03-05,2026-03-06,RESEARCH_SHORT,0.42799735438733083,0.5174129353233831,201,104,97,2026-03-04,HISTORICAL_RESEARCH_AS_OF_OOS,V1R1,CONTRACT_ROLL_CLEAN_V1,-0.05215553677092144,0.026814114569398615,-0.04668711960017813
2026-03-06,2026-03-09,RESEARCH_SHORT,0.462528165769173,0.5148514851485149,202,104,98,2026-03-05,HISTORICAL_RESEARCH_AS_OF_OOS,V1R1,CONTRACT_ROLL_CLEAN_V1,-0.053364790472980594,0.01756468075005934,0.005190625729931675
2026-03-09,2026-03-10,RESEARCH_SHORT,0.3646593732821667,0.5123152709359606,203,104,99,2026-03-06,HISTORICAL_RESEARCH_AS_OF_OOS,V1R1,CONTRACT_ROLL_CLEAN_V1,-0.09780881017257037,0.031051406279494115,-0.04775244636079623
2026-03-10,2026-03-11,RESEARCH_SHORT,0.384378572101493,0.5147058823529411,204,105,99,2026-03-09,HISTORICAL_RESEARCH_AS_OF_OOS,V1R1,CONTRACT_ROLL_CLEAN_V1,-0.04745812090313184,0.02920846586738439,-0.013855184848772462
2026-03-11,2026-03-12,RESEARCH_LONG,0.3707449896660248,0.5121951219512195,205,105,100,2026-03-10,HISTORICAL_RESEARCH_AS_OF_OOS,V1R1,CONTRACT_ROLL_CLEAN_V1,0.035055125784247965,0.026717669560100046,0.06787093936019573
2026-03-12,2026-03-13,RESEARCH_SHORT,0.45783855535408235,0.5097087378640777,206,105,101,2026-03-11,HISTORICAL_RESEARCH_AS_OF_OOS,V1R1,CONTRACT_ROLL_CLEAN_V1,-0.0032402865721334884,0.018282135401133312,-0.04424676227503288
2026-03-13,2026-03-16,RESEARCH_SHORT,0.3865893174556882,0.5072463768115942,207,105,102,2026-03-12,HISTORICAL_RESEARCH_AS_OF_OOS,V1R1,CONTRACT_ROLL_CLEAN_V1,-0.01154165677664376,0.025664115263394866,-0.049729933594644504
2026-03-16,2026-03-17,RESEARCH_LONG,0.5483193738691623,0.5096153846153846,208,106,102,2026-03-13,HISTORICAL_RESEARCH_AS_OF_OOS,V1R1,CONTRACT_ROLL_CLEAN_V1,0.046058012961681216,0.019428571428571427,-0.38118187359140454
2026-03-25,2026-03-26,RESEARCH_SHORT,0.48494690649533867,0.5142857142857142,210,108,102,2026-03-17,HISTORICAL_RESEARCH_AS_OF_OOS,V1R1,CONTRACT_ROLL_CLEAN_V1,-0.026424705507800073,0.012961531601165348,0.017843410896869916
2026-03-26,2026-03-27,RESEARCH_SHORT,0.4379401102196678,0.5142857142857142,210,108,102,2026-03-17,HISTORICAL_RESEARCH_AS_OF_OOS,V1R1,CONTRACT_ROLL_CLEAN_V1,-0.0033678061574226037,0.020245215311004785,0.004001399090591162
2026-03-27,2026-03-30,RESEARCH_SHORT,0.463879380248903,0.5165876777251185,211,109,102,2026-03-26,HISTORICAL_RESEARCH_AS_OF_OOS,V1R1,CONTRACT_ROLL_CLEAN_V1,-0.013081438660270006,0.017844202898550723,-0.010939089477571384
2026-03-30,2026-03-31,RESEARCH_SHORT,0.4444705819602277,0.5188679245283019,212,110,102,2026-03-27,HISTORICAL_RESEARCH_AS_OF_OOS,V1R1,CONTRACT_ROLL_CLEAN_V1,-0.001967293741546805,0.02109769619317482,-0.005029869251578001
2026-03-31,2026-04-01,RESEARCH_SHORT,0.4487440357902435,0.5211267605633803,213,111,102,2026-03-30,HISTORICAL_RESEARCH_AS_OF_OOS,V1R1,CONTRACT_ROLL_CLEAN_V1,-0.024167709255134118,0.020169486225335376,0.012673643070561846
2026-04-01,2026-04-02,RESEARCH_SHORT,0.47841117619140605,0.5233644859813084,214,112,102,2026-03-31,HISTORICAL_RESEARCH_AS_OF_OOS,V1R1,CONTRACT_ROLL_CLEAN_V1,-0.007015874903383068,0.01511885515837375,0.045641412870207176
2026-04-02,2026-04-07,RESEARCH_SHORT,0.35820262488180277,0.5209302325581395,215,112,103,2026-04-01,HISTORICAL_RESEARCH_AS_OF_OOS,V1R1,CONTRACT_ROLL_CLEAN_V1,-0.028498803827751162,0.03696863360728907,-0.04735349969242286
2026-04-07,2026-04-08,RESEARCH_LONG,0.5088066507808093,0.5231481481481481,216,113,103,2026-04-02,HISTORICAL_RESEARCH_AS_OF_OOS,V1R1,CONTRACT_ROLL_CLEAN_V1,0.001177536231883991,0.012726559908320516,0.0044218594269831435
2026-04-08,2026-04-09,RESEARCH_LONG,0.4707238344325094,0.5207373271889401,217,113,104,2026-04-07,HISTORICAL_RESEARCH_AS_OF_OOS,V1R1,CONTRACT_ROLL_CLEAN_V1,0.07786127879758542,0.01677334552520288,0.041312611806797905
2026-04-09,2026-04-10,RESEARCH_LONG,0.543934410983394,0.5229357798165137,218,114,104,2026-04-08,HISTORICAL_RESEARCH_AS_OF_OOS,V1R1,CONTRACT_ROLL_CLEAN_V1,0.09234184933862855,0.01016260162601626,-0.024386643045042122
2026-04-10,2026-04-13,RESEARCH_LONG,0.5284674588449494,0.5205479452054794,219,114,105,2026-04-09,HISTORICAL_RESEARCH_AS_OF_OOS,V1R1,CONTRACT_ROLL_CLEAN_V1,0.0648164780552063,0.010262321815165744,-0.02125435060736547
2026-04-13,2026-04-14,RESEARCH_LONG,0.6656991422896973,0.5227272727272727,220,115,105,2026-04-10,HISTORICAL_RESEARCH_AS_OF_OOS,V1R1,CONTRACT_ROLL_CLEAN_V1,0.09142118385815867,0.012042756014327213,-0.4599696398954263
2026-04-22,2026-04-23,RESEARCH_LONG,0.5210970031240991,0.5225225225225225,222,116,106,2026-04-14,HISTORICAL_RESEARCH_AS_OF_OOS,V1R1,CONTRACT_ROLL_CLEAN_V1,0.0332368769775806,0.011621211328063655,-0.008596442095778478
2026-04-23,2026-04-24,RESEARCH_LONG,0.29090574371509337,0.5225225225225225,222,116,106,2026-04-14,HISTORICAL_RESEARCH_AS_OF_OOS,V1R1,CONTRACT_ROLL_CLEAN_V1,0.006109709124717755,0.04433003300330033,-0.038945726532467084
2026-04-24,2026-04-27,RESEARCH_LONG,0.4029433469661639,0.5201793721973094,223,116,107,2026-04-23,HISTORICAL_RESEARCH_AS_OF_OOS,V1R1,CONTRACT_ROLL_CLEAN_V1,0.05773535043011613,0.024882724862329186,0.020025559105431245
2026-04-27,2026-04-28,RESEARCH_LONG,0.5028055609517378,0.5223214285714286,224,117,107,2026-04-24,HISTORICAL_RESEARCH_AS_OF_OOS,V1R1,CONTRACT_ROLL_CLEAN_V1,0.0707038170397809,0.015568592057761732,0.0012653945901248687
2026-04-28,2026-04-29,RESEARCH_LONG,0.5030492239680361,0.5244444444444445,225,118,107,2026-04-27,HISTORICAL_RESEARCH_AS_OF_OOS,V1R1,CONTRACT_ROLL_CLEAN_V1,0.04470668629100083,0.017258295806183804,-0.0014264621236768082
2026-04-29,2026-04-30,RESEARCH_LONG,0.49248999046589204,0.5221238938053098,226,118,108,2026-04-28,HISTORICAL_RESEARCH_AS_OF_OOS,V1R1,CONTRACT_ROLL_CLEAN_V1,0.03360728681358949,0.016890351987845022,0.00017542980301743505
2026-04-30,2026-05-04,RESEARCH_LONG,0.48636069302528945,0.5198237885462555,227,118,109,2026-04-29,HISTORICAL_RESEARCH_AS_OF_OOS,V1R1,CONTRACT_ROLL_CLEAN_V1,0.03920792079207924,0.01707317073170732,-0.0011651507178831455
2026-05-04,2026-05-05,RESEARCH_LONG,0.43702382586207483,0.5175438596491229,228,118,110,2026-04-30,HISTORICAL_RESEARCH_AS_OF_OOS,V1R1,CONTRACT_ROLL_CLEAN_V1,0.04606873342851325,0.022105237503351124,0.036299780495453016
2026-05-05,2026-05-06,RESEARCH_LONG,0.5340998632582423,0.519650655021834,229,119,110,2026-05-04,HISTORICAL_RESEARCH_AS_OF_OOS,V1R1,CONTRACT_ROLL_CLEAN_V1,0.028755515443241064,0.007286462775679298,0.014633437829070894
2026-05-06,2026-05-07,RESEARCH_LONG,0.4627939195862651,0.5217391304347826,230,120,110,2026-05-05,HISTORICAL_RESEARCH_AS_OF_OOS,V1R1,CONTRACT_ROLL_CLEAN_V1,0.04412689627412014,0.02329952051658916,0.009352483657012023
2026-05-07,2026-05-08,RESEARCH_LONG,0.5296999196156321,0.5238095238095238,231,121,110,2026-05-06,HISTORICAL_RESEARCH_AS_OF_OOS,V1R1,CONTRACT_ROLL_CLEAN_V1,0.07217016966320577,0.01093528578176665,0.02308183236420369
2026-05-08,2026-05-11,RESEARCH_LONG,0.49485976451852537,0.5258620689655172,232,122,110,2026-05-07,HISTORICAL_RESEARCH_AS_OF_OOS,V1R1,CONTRACT_ROLL_CLEAN_V1,0.06547256097560972,0.0191716145647042,0.03491018309940497
2026-05-11,2026-05-12,RESEARCH_LONG,0.5244904556935182,0.5236051502145923,233,122,111,2026-05-08,HISTORICAL_RESEARCH_AS_OF_OOS,V1R1,CONTRACT_ROLL_CLEAN_V1,0.022275840218371368,0.010871379187030634,-6.697400292454692e-05
2026-05-12,2026-05-13,RESEARCH_LONG,0.5026350472727317,0.5256410256410257,234,123,111,2026-05-11,HISTORICAL_RESEARCH_AS_OF_OOS,V1R1,CONTRACT_ROLL_CLEAN_V1,0.01608383087608134,0.018131670464084423,-0.021321485582880273
2026-05-13,2026-05-14,RESEARCH_SHORT,0.5036851051984315,0.5234042553191489,235,123,112,2026-05-12,HISTORICAL_RESEARCH_AS_OF_OOS,V1R1,CONTRACT_ROLL_CLEAN_V1,-0.0008192178878635437,0.014950927198630302,-0.010128776904563708
2026-05-14,2026-05-15,RESEARCH_SHORT,0.4925784096362606,0.5211864406779662,236,123,113,2026-05-13,HISTORICAL_RESEARCH_AS_OF_OOS,V1R1,CONTRACT_ROLL_CLEAN_V1,-0.01743032593292393,0.017811643670977356,-0.035917172718159085
2026-05-15,2026-05-18,RESEARCH_SHORT,0.4298317095930898,0.5189873417721519,237,123,114,2026-05-14,HISTORICAL_RESEARCH_AS_OF_OOS,V1R1,CONTRACT_ROLL_CLEAN_V1,-0.022056894866108734,0.03603823271237686,-0.09751870532832929
2026-05-18,2026-05-19,RESEARCH_SHORT,0.6219541262075208,0.5210084033613446,238,124,114,2026-05-15,HISTORICAL_RESEARCH_AS_OF_OOS,V1R1,CONTRACT_ROLL_CLEAN_V1,-0.027130766479914192,0.020119097213713334,-0.43190697551220414
2026-05-27,2026-05-28,RESEARCH_LONG,0.506616469938688,0.525,240,126,114,2026-05-19,HISTORICAL_RESEARCH_AS_OF_OOS,V1R1,CONTRACT_ROLL_CLEAN_V1,0.11621069417451535,0.021496495379258,0.012809691107359633
2026-05-28,2026-05-29,RESEARCH_LONG,0.4051361012754527,0.525,240,126,114,2026-05-19,HISTORICAL_RESEARCH_AS_OF_OOS,V1R1,CONTRACT_ROLL_CLEAN_V1,0.05712150073541822,0.04310934720131381,0.04542127017377884
2026-05-29,2026-06-01,RESEARCH_LONG,0.49597233230767207,0.5228215767634855,241,126,115,2026-05-28,HISTORICAL_RESEARCH_AS_OF_OOS,V1R1,CONTRACT_ROLL_CLEAN_V1,0.06698553319824696,0.018019211659489897,-0.009297164526415602
2026-06-01,2026-06-02,RESEARCH_LONG,0.48258633573650983,0.5247933884297521,242,127,115,2026-05-29,HISTORICAL_RESEARCH_AS_OF_OOS,V1R1,CONTRACT_ROLL_CLEAN_V1,0.04918294322765915,0.023025958509829476,0.032633398940855374
2026-06-02,2026-06-03,RESEARCH_LONG,0.5076855547403328,0.5267489711934157,243,128,115,2026-06-01,HISTORICAL_RESEARCH_AS_OF_OOS,V1R1,CONTRACT_ROLL_CLEAN_V1,0.049985191260565554,0.019419793000195282,0.0147743307849455
2026-06-03,2026-06-04,RESEARCH_LONG,0.537141233665863,0.5286885245901639,244,129,115,2026-06-02,HISTORICAL_RESEARCH_AS_OF_OOS,V1R1,CONTRACT_ROLL_CLEAN_V1,0.046207419974106045,0.009473414696594691,0.004348051678513931
2026-06-04,2026-06-05,RESEARCH_LONG,0.5403988510188897,0.5306122448979592,245,130,115,2026-06-03,HISTORICAL_RESEARCH_AS_OF_OOS,V1R1,CONTRACT_ROLL_CLEAN_V1,0.055928105469641,0.009655678921674515,0.01856711853198867
2026-06-05,2026-06-08,RESEARCH_SHORT,0.503260640865023,0.5284552845528455,246,130,116,2026-06-04,HISTORICAL_RESEARCH_AS_OF_OOS,V1R1,CONTRACT_ROLL_CLEAN_V1,-0.0016340951750027921,0.024993917409479992,-0.02613079599517143
2026-06-08,2026-06-09,RESEARCH_SHORT,0.47401541668934566,0.5263157894736842,247,130,117,2026-06-05,HISTORICAL_RESEARCH_AS_OF_OOS,V1R1,CONTRACT_ROLL_CLEAN_V1,-0.06419028999674159,0.03319405756731662,-0.04759127128795371
2026-06-09,2026-06-10,RESEARCH_SHORT,0.5047797252483166,0.5282258064516129,248,131,117,2026-06-08,HISTORICAL_RESEARCH_AS_OF_OOS,V1R1,CONTRACT_ROLL_CLEAN_V1,-0.030854687872935993,0.02682189633941565,-0.051752045146331915
2026-06-10,2026-06-11,RESEARCH_SHORT,0.46343746918154655,0.5261044176706827,249,131,118,2026-06-09,HISTORICAL_RESEARCH_AS_OF_OOS,V1R1,CONTRACT_ROLL_CLEAN_V1,-0.07352564649654347,0.031205379761411266,-0.04393107584425171
2026-06-11,2026-06-12,RESEARCH_SHORT,0.48135393962162437,0.528,250,132,118,2026-06-10,HISTORICAL_RESEARCH_AS_OF_OOS,V1R1,CONTRACT_ROLL_CLEAN_V1,-0.06594807102432276,0.03374112532087602,-0.060232824657699524
2026-06-12,2026-06-15,RESEARCH_SHORT,0.5346692475760951,0.5298804780876494,251,133,118,2026-06-11,HISTORICAL_RESEARCH_AS_OF_OOS,V1R1,CONTRACT_ROLL_CLEAN_V1,-0.022627236734423017,0.02005069249570019,-0.08390028497342816
2026-06-15,2026-06-16,RESEARCH_LONG,0.6831820616563153,0.5277777777777778,252,133,119,2026-06-12,HISTORICAL_RESEARCH_AS_OF_OOS,V1R1,CONTRACT_ROLL_CLEAN_V1,0.05803156917363039,0.012395787626151821,-0.38047529635961097
2026-06-25,2026-06-26,RESEARCH_LONG,0.5182727688516878,0.5275590551181102,254,134,120,2026-06-16,HISTORICAL_RESEARCH_AS_OF_OOS,V1R1,CONTRACT_ROLL_CLEAN_V1,0.011144663379027087,0.01946545204537642,-0.028173344864033778
2026-06-26,2026-06-29,RESEARCH_SHORT,0.45049436677965005,0.5275590551181102,254,134,120,2026-06-16,HISTORICAL_RESEARCH_AS_OF_OOS,V1R1,CONTRACT_ROLL_CLEAN_V1,-0.051230515940045795,0.03736506434092804,-0.0006426862306947445
2026-06-29,2026-06-30,RESEARCH_SHORT,0.45650298072931295,0.5254901960784314,255,134,121,2026-06-26,HISTORICAL_RESEARCH_AS_OF_OOS,V1R1,CONTRACT_ROLL_CLEAN_V1,-0.059137008654700174,0.027749725576289793,-0.0015236512223838483
2026-06-30,2026-07-01,RESEARCH_SHORT,0.46791241606559175,0.5234375,256,134,122,2026-06-29,HISTORICAL_RESEARCH_AS_OF_OOS,V1R1,CONTRACT_ROLL_CLEAN_V1,-0.014883211063327462,0.020564947571153434,0.031966230343146496
2026-07-01,2026-07-02,RESEARCH_LONG,0.5009200620067259,0.5214007782101168,257,134,123,2026-06-30,HISTORICAL_RESEARCH_AS_OF_OOS,V1R1,CONTRACT_ROLL_CLEAN_V1,0.018194752840235306,0.016938027990091253,0.00849776753564746
2026-07-02,2026-07-03,RESEARCH_LONG,0.47250104605580207,0.5193798449612403,258,134,124,2026-07-01,HISTORICAL_RESEARCH_AS_OF_OOS,V1R1,CONTRACT_ROLL_CLEAN_V1,0.001181677552423599,0.02590184338719715,-0.004950966390555034
2026-07-03,2026-07-06,RESEARCH_LONG,0.4919238092736454,0.5173745173745173,259,134,125,2026-07-02,HISTORICAL_RESEARCH_AS_OF_OOS,V1R1,CONTRACT_ROLL_CLEAN_V1,0.0584364365717891,0.03142698973725674,-0.013099224954549848
2026-07-06,2026-07-07,RESEARCH_LONG,0.5120115328733742,0.5192307692307693,260,135,125,2026-07-03,HISTORICAL_RESEARCH_AS_OF_OOS,V1R1,CONTRACT_ROLL_CLEAN_V1,0.029330406147091148,0.020603165123917588,-0.02201840199338767
2026-07-07,2026-07-08,RESEARCH_SHORT,0.4330074668910126,0.5172413793103449,261,135,126,2026-07-06,HISTORICAL_RESEARCH_AS_OF_OOS,V1R1,CONTRACT_ROLL_CLEAN_V1,-0.020436550395891317,0.03469142545057346,-0.007038762763953654
2026-07-08,2026-07-09,RESEARCH_SHORT,0.49351699573303354,0.5152671755725191,262,135,127,2026-07-07,HISTORICAL_RESEARCH_AS_OF_OOS,V1R1,CONTRACT_ROLL_CLEAN_V1,-0.03529461582435267,0.015801948907031866,-0.0388079073482428
2026-07-09,2026-07-13,RESEARCH_SHORT,0.5034854348236656,0.5171102661596958,263,136,127,2026-07-08,HISTORICAL_RESEARCH_AS_OF_OOS,V1R1,CONTRACT_ROLL_CLEAN_V1,-0.019764372626022042,0.018104995840448355,-0.051239703759101696
2026-07-13,2026-07-14,RESEARCH_SHORT,0.645242229756497,0.5151515151515151,264,136,128,2026-07-09,HISTORICAL_RESEARCH_AS_OF_OOS,V1R1,CONTRACT_ROLL_CLEAN_V1,-0.028722905931950815,0.024705701821689283,-0.41833807751259033
2026-07-22,2026-07-23,RESEARCH_SHORT,0.4921650006543461,0.518796992481203,266,138,128,2026-07-14,HISTORICAL_RESEARCH_AS_OF_OOS,V1R1,CONTRACT_ROLL_CLEAN_V1,-0.03081433224755703,0.016826869216463893,-0.027347549569771812
2026-07-23,2026-07-24,RESEARCH_SHORT,0.4819496497576012,0.518796992481203,266,138,128,2026-07-14,HISTORICAL_RESEARCH_AS_OF_OOS,V1R1,CONTRACT_ROLL_CLEAN_V1,-0.016849015317286664,0.019897618517694192,-0.008644563252432791
2026-07-24,2026-07-27,RESEARCH_LONG,0.500545570664342,0.5168539325842697,267,138,129,2026-07-23,HISTORICAL_RESEARCH_AS_OF_OOS,V1R1,CONTRACT_ROLL_CLEAN_V1,0.027618490345231228,0.019564969821204873,-0.0066151294412059025
2026-07-27,2026-07-28,RESEARCH_LONG,0.4903062466592959,0.5186567164179104,268,139,129,2026-07-24,HISTORICAL_RESEARCH_AS_OF_OOS,V1R1,CONTRACT_ROLL_CLEAN_V1,0.0296897352313501,0.02065729838066823,0.015183322755455642
2026-07-28,2026-07-29,RESEARCH_SHORT,0.4390462500551557,0.5204460966542751,269,140,129,2026-07-27,HISTORICAL_RESEARCH_AS_OF_OOS,V1R1,CONTRACT_ROLL_CLEAN_V1,-0.06228451675417446,0.02669838752312979,0.009839376743291384
2026-07-29,2026-07-30,RESEARCH_SHORT,0.3345024898779956,0.5185185185185185,270,140,130,2026-07-28,HISTORICAL_RESEARCH_AS_OF_OOS,V1R1,CONTRACT_ROLL_CLEAN_V1,-0.09497882637628552,0.06506238859180036,0.03346889792652852
2026-07-30,2026-07-31,RESEARCH_SHORT,0.41465444268459384,0.5202952029520295,271,141,130,2026-07-29,HISTORICAL_RESEARCH_AS_OF_OOS,V1R1,CONTRACT_ROLL_CLEAN_V1,-0.10371689294458042,0.038862676930717654,0.001225727372427654
2026-07-31,2026-08-03,RESEARCH_SHORT,0.4768426225936758,0.5220588235294118,272,142,130,2026-07-30,HISTORICAL_RESEARCH_AS_OF_OOS,V1R1,CONTRACT_ROLL_CLEAN_V1,-0.005170253957408,0.03768487568112093,0.02450294550810006
2026-08-03,2026-08-04,RESEARCH_SHORT,0.49743805618926556,0.5201465201465202,273,142,131,2026-07-31,HISTORICAL_RESEARCH_AS_OF_OOS,V1R1,CONTRACT_ROLL_CLEAN_V1,-0.015418953697588056,0.01959287531806616,-0.015390559019604289
2026-08-04,2026-08-05,RESEARCH_LONG,0.5314977226585671,0.5218978102189781,274,143,131,2026-08-03,HISTORICAL_RESEARCH_AS_OF_OOS,V1R1,CONTRACT_ROLL_CLEAN_V1,0.0419099800543099,0.028530571764651614,-0.027256385221144486
2026-08-05,2026-08-06,RESEARCH_LONG,0.5516427033979009,0.52,275,143,132,2026-08-04,HISTORICAL_RESEARCH_AS_OF_OOS,V1R1,CONTRACT_ROLL_CLEAN_V1,0.10204991087344029,0.015815249135103564,-0.0033301438997391797
2026-08-06,2026-08-07,RESEARCH_LONG,0.5555820511656567,0.5217391304347826,276,144,132,2026-08-05,HISTORICAL_RESEARCH_AS_OF_OOS,V1R1,CONTRACT_ROLL_CLEAN_V1,0.09957784951576865,0.01470189701897019,0.00545897766525183
2026-08-07,2026-08-10,RESEARCH_LONG,0.5252102242302514,0.51985559566787,277,144,133,2026-08-06,HISTORICAL_RESEARCH_AS_OF_OOS,V1R1,CONTRACT_ROLL_CLEAN_V1,0.015362425019460613,0.01851225506775801,-0.03882913495651852
2026-08-10,2026-08-11,RESEARCH_LONG,0.5269619496089194,0.5215827338129496,278,145,133,2026-08-07,HISTORICAL_RESEARCH_AS_OF_OOS,V1R1,CONTRACT_ROLL_CLEAN_V1,0.04064307194078176,0.012247982750572388,-0.007460142775056244
2026-08-11,2026-08-12,RESEARCH_LONG,0.5387919866871692,0.5232974910394266,279,146,133,2026-08-10,HISTORICAL_RESEARCH_AS_OF_OOS,V1R1,CONTRACT_ROLL_CLEAN_V1,0.039970477662199855,0.013972055888223553,-0.028249585430710544
2026-08-12,2026-08-13,RESEARCH_LONG,0.5357934417851036,0.525,280,147,133,2026-08-11,HISTORICAL_RESEARCH_AS_OF_OOS,V1R1,CONTRACT_ROLL_CLEAN_V1,0.022779350316754376,0.008895624670532419,-0.03759314982733197
2026-08-13,2026-08-14,RESEARCH_LONG,0.5435604455340612,0.5266903914590747,281,148,133,2026-08-12,HISTORICAL_RESEARCH_AS_OF_OOS,V1R1,CONTRACT_ROLL_CLEAN_V1,0.03895663956639561,0.008912074774481034,-0.028747993411043837
2026-08-14,2026-08-17,RESEARCH_LONG,0.5716243002986201,0.5283687943262412,282,149,133,2026-08-13,HISTORICAL_RESEARCH_AS_OF_OOS,V1R1,CONTRACT_ROLL_CLEAN_V1,0.03364224672484162,0.01732073907637268,-0.08892633762193347
2026-08-17,2026-08-18,RESEARCH_LONG,0.6969163628279611,0.5265017667844523,283,149,134,2026-08-14,HISTORICAL_RESEARCH_AS_OF_OOS,V1R1,CONTRACT_ROLL_CLEAN_V1,0.02002800809122629,0.008760460251046025,-0.3933174450728607
2026-08-26,2026-08-27,RESEARCH_LONG,0.5182013208464816,0.5263157894736842,285,150,135,2026-08-18,HISTORICAL_RESEARCH_AS_OF_OOS,V1R1,CONTRACT_ROLL_CLEAN_V1,0.03330488681279187,0.02525483036665145,0.03304192059814248
2026-08-27,2026-08-28,RESEARCH_LONG,0.5275892780640179,0.5263157894736842,285,150,135,2026-08-18,HISTORICAL_RESEARCH_AS_OF_OOS,V1R1,CONTRACT_ROLL_CLEAN_V1,0.02696799500757785,0.011089891054299231,-0.011600949939686411
2026-08-28,2026-08-31,RESEARCH_LONG,0.5199080331941446,0.527972027972028,286,151,135,2026-08-27,HISTORICAL_RESEARCH_AS_OF_OOS,V1R1,CONTRACT_ROLL_CLEAN_V1,0.026778594843625436,0.00787367603598162,0.006979338488382059
2026-08-31,2026-09-01,RESEARCH_LONG,0.5335100512223506,0.5296167247386759,287,152,135,2026-08-28,HISTORICAL_RESEARCH_AS_OF_OOS,V1R1,CONTRACT_ROLL_CLEAN_V1,0.02727760153701797,0.014026922993280126,-0.011400111728669726
2026-09-01,2026-09-02,RESEARCH_LONG,0.5499921303267727,0.5277777777777778,288,152,136,2026-08-31,HISTORICAL_RESEARCH_AS_OF_OOS,V1R1,CONTRACT_ROLL_CLEAN_V1,0.04845981300108826,0.026117901247643457,-0.000392686454232849
2026-09-02,2026-09-03,RESEARCH_LONG,0.5076568419343934,0.5294117647058824,289,153,136,2026-09-01,HISTORICAL_RESEARCH_AS_OF_OOS,V1R1,CONTRACT_ROLL_CLEAN_V1,0.003868640107800303,0.013314858516096905,0.010070136440288202
2026-09-03,2026-09-04,RESEARCH_SHORT,0.5133215344363392,0.5275862068965518,290,153,137,2026-09-02,HISTORICAL_RESEARCH_AS_OF_OOS,V1R1,CONTRACT_ROLL_CLEAN_V1,-0.005230261730109764,0.01653685886947226,-0.018080232216203918
2026-09-04,2026-09-07,RESEARCH_LONG,0.5090378609624424,0.5257731958762887,291,153,138,2026-09-03,HISTORICAL_RESEARCH_AS_OF_OOS,V1R1,CONTRACT_ROLL_CLEAN_V1,0.007485385162974367,0.014966598150051387,0.005786712780037284
2026-09-07,2026-09-08,RESEARCH_LONG,0.525458851533296,0.523972602739726,292,153,139,2026-09-04,HISTORICAL_RESEARCH_AS_OF_OOS,V1R1,CONTRACT_ROLL_CLEAN_V1,0.032338037970554234,0.01009058352643775,-0.004024512063931174
2026-09-08,2026-09-09,RESEARCH_SHORT,0.5090764450082961,0.5255972696245734,293,154,139,2026-09-07,HISTORICAL_RESEARCH_AS_OF_OOS,V1R1,CONTRACT_ROLL_CLEAN_V1,-0.004850769980300318,0.01402724563644104,-0.014706875102465933
2026-09-09,2026-09-10,RESEARCH_LONG,0.5316366984446813,0.5238095238095238,294,154,140,2026-09-08,HISTORICAL_RESEARCH_AS_OF_OOS,V1R1,CONTRACT_ROLL_CLEAN_V1,0.021606876096040173,0.011401445313327823,-0.036205073995771664
2026-09-10,2026-09-11,RESEARCH_LONG,0.52931551476601,0.5220338983050847,295,154,141,2026-09-09,HISTORICAL_RESEARCH_AS_OF_OOS,V1R1,CONTRACT_ROLL_CLEAN_V1,0.022536378907869192,0.009473010454448474,-0.035330916328996986
2026-09-11,2026-09-14,RESEARCH_SHORT,0.5214818351439549,0.5202702702702703,296,154,142,2026-09-10,HISTORICAL_RESEARCH_AS_OF_OOS,V1R1,CONTRACT_ROLL_CLEAN_V1,-0.010405960945529258,0.012116491410273053,-0.06870196862827671
2026-09-14,2026-09-15,RESEARCH_SHORT,0.6633864953632487,0.5185185185185185,297,154,143,2026-09-11,HISTORICAL_RESEARCH_AS_OF_OOS,V1R1,CONTRACT_ROLL_CLEAN_V1,-0.03560143248367387,0.01564001747487986,-0.4640079580394285
2026-09-23,2026-09-24,RESEARCH_LONG,0.5236814249380674,0.5217391304347826,299,156,143,2026-09-15,HISTORICAL_RESEARCH_AS_OF_OOS,V1R1,CONTRACT_ROLL_CLEAN_V1,0.049003863014887905,0.00827540549486925,0.0035455481514581333
2026-09-24,2026-09-29,RESEARCH_LONG,0.5278619173893516,0.5217391304347826,299,156,143,2026-09-15,HISTORICAL_RESEARCH_AS_OF_OOS,V1R1,CONTRACT_ROLL_CLEAN_V1,0.036128754440736266,0.009932880327494129,-0.01935902275653123
2026-09-29,2026-09-30,RESEARCH_LONG,0.4983384387490478,0.52,300,156,144,2026-09-24,HISTORICAL_RESEARCH_AS_OF_OOS,V1R1,CONTRACT_ROLL_CLEAN_V1,0.0073600742334134495,0.011807314673310025,0.007027864693863517
2026-09-30,2026-10-01,RESEARCH_LONG,0.48129160105759317,0.5182724252491694,301,156,145,2026-09-29,HISTORICAL_RESEARCH_AS_OF_OOS,V1R1,CONTRACT_ROLL_CLEAN_V1,0.005262391580173498,0.008607490171735982,0.032698509159699185
