marketDate,selectedContractMonth,selectedVolume,candidateContractCount,candidateDistinctContractMonths,selectionRule,selectionReason
2024-12-06,202412,60688.0,6,6,HIGHEST_DAILY_VOLUME_TX_CONTRACT,HIGHEST_VOLUME
2024-12-09,202412,47014.0,6,6,HIGHEST_DAILY_VOLUME_TX_CONTRACT,HIGHEST_VOLUME
2024-12-10,202412,70540.0,6,6,HIGHEST_DAILY_VOLUME_TX_CONTRACT,HIGHEST_VOLUME
2024-12-11,202412,60252.0,6,6,HIGHEST_DAILY_VOLUME_TX_CONTRACT,HIGHEST_VOLUME
2024-12-12,202412,59344.0,6,6,HIGHEST_DAILY_VOLUME_TX_CONTRACT,HIGHEST_VOLUME
2024-12-13,202412,64309.0,6,6,HIGHEST_DAILY_VOLUME_TX_CONTRACT,HIGHEST_VOLUME
2024-12-16,202412,95042.0,6,6,HIGHEST_DAILY_VOLUME_TX_CONTRACT,HIGHEST_VOLUME
2024-12-17,202412,77090.0,6,6,HIGHEST_DAILY_VOLUME_TX_CONTRACT,HIGHEST_VOLUME
2024-12-18,202412,44222.0,6,6,HIGHEST_DAILY_VOLUME_TX_CONTRACT,HIGHEST_VOLUME
2024-12-19,202501,72523.0,6,6,HIGHEST_DAILY_VOLUME_TX_CONTRACT,HIGHEST_VOLUME
2024-12-20,202501,75535.0,6,6,HIGHEST_DAILY_VOLUME_TX_CONTRACT,HIGHEST_VOLUME
2024-12-23,202501,67589.0,6,6,HIGHEST_DAILY_VOLUME_TX_CONTRACT,HIGHEST_VOLUME
2024-12-24,202501,47581.0,6,6,HIGHEST_DAILY_VOLUME_TX_CONTRACT,HIGHEST_VOLUME
2024-12-25,202501,32836.0,5,5,HIGHEST_DAILY_VOLUME_TX_CONTRACT,HIGHEST_VOLUME
2024-12-26,202501,27231.0,5,5,HIGHEST_DAILY_VOLUME_TX_CONTRACT,HIGHEST_VOLUME
2024-12-27,202501,43009.0,5,5,HIGHEST_DAILY_VOLUME_TX_CONTRACT,HIGHEST_VOLUME
2024-12-30,202501,37022.0,4,4,HIGHEST_DAILY_VOLUME_TX_CONTRACT,HIGHEST_VOLUME
2024-12-31,202501,48455.0,6,6,HIGHEST_DAILY_VOLUME_TX_CONTRACT,HIGHEST_VOLUME
2025-01-02,202501,78968.0,6,6,HIGHEST_DAILY_VOLUME_TX_CONTRACT,HIGHEST_VOLUME
2025-01-03,202501,62488.0,6,6,HIGHEST_DAILY_VOLUME_TX_CONTRACT,HIGHEST_VOLUME
2025-01-06,202501,71554.0,6,6,HIGHEST_DAILY_VOLUME_TX_CONTRACT,HIGHEST_VOLUME
2025-01-07,202501,60282.0,6,6,HIGHEST_DAILY_VOLUME_TX_CONTRACT,HIGHEST_VOLUME
2025-01-08,202501,57685.0,6,6,HIGHEST_DAILY_VOLUME_TX_CONTRACT,HIGHEST_VOLUME
2025-01-09,202501,61445.0,6,6,HIGHEST_DAILY_VOLUME_TX_CONTRACT,HIGHEST_VOLUME
2025-01-10,202501,66921.0,6,6,HIGHEST_DAILY_VOLUME_TX_CONTRACT,HIGHEST_VOLUME
2025-01-13,202501,125404.0,6,6,HIGHEST_DAILY_VOLUME_TX_CONTRACT,HIGHEST_VOLUME
2025-01-14,202501,76895.0,6,6,HIGHEST_DAILY_VOLUME_TX_CONTRACT,HIGHEST_VOLUME
2025-01-15,202502,40448.0,6,6,HIGHEST_DAILY_VOLUME_TX_CONTRACT,HIGHEST_VOLUME
2025-01-16,202502,72531.0,6,6,HIGHEST_DAILY_VOLUME_TX_CONTRACT,HIGHEST_VOLUME
2025-01-17,202502,65291.0,5,5,HIGHEST_DAILY_VOLUME_TX_CONTRACT,HIGHEST_VOLUME
2025-01-20,202502,44940.0,4,4,HIGHEST_DAILY_VOLUME_TX_CONTRACT,HIGHEST_VOLUME
2025-01-21,202502,54466.0,5,5,HIGHEST_DAILY_VOLUME_TX_CONTRACT,HIGHEST_VOLUME
2025-01-22,202502,53241.0,6,6,HIGHEST_DAILY_VOLUME_TX_CONTRACT,HIGHEST_VOLUME
2025-02-03,202502,84296.0,6,6,HIGHEST_DAILY_VOLUME_TX_CONTRACT,HIGHEST_VOLUME
2025-02-04,202502,58313.0,6,6,HIGHEST_DAILY_VOLUME_TX_CONTRACT,HIGHEST_VOLUME
2025-02-05,202502,58490.0,6,6,HIGHEST_DAILY_VOLUME_TX_CONTRACT,HIGHEST_VOLUME
2025-02-06,202502,39302.0,5,5,HIGHEST_DAILY_VOLUME_TX_CONTRACT,HIGHEST_VOLUME
2025-02-07,202502,38176.0,6,6,HIGHEST_DAILY_VOLUME_TX_CONTRACT,HIGHEST_VOLUME
2025-02-10,202502,53285.0,6,6,HIGHEST_DAILY_VOLUME_TX_CONTRACT,HIGHEST_VOLUME
2025-02-11,202502,48345.0,6,6,HIGHEST_DAILY_VOLUME_TX_CONTRACT,HIGHEST_VOLUME
2025-02-12,202502,50117.0,5,5,HIGHEST_DAILY_VOLUME_TX_CONTRACT,HIGHEST_VOLUME
2025-02-13,202502,46850.0,6,6,HIGHEST_DAILY_VOLUME_TX_CONTRACT,HIGHEST_VOLUME
2025-02-14,202502,62395.0,6,6,HIGHEST_DAILY_VOLUME_TX_CONTRACT,HIGHEST_VOLUME
2025-02-17,202502,81615.0,6,6,HIGHEST_DAILY_VOLUME_TX_CONTRACT,HIGHEST_VOLUME
2025-02-18,202502,58109.0,6,6,HIGHEST_DAILY_VOLUME_TX_CONTRACT,HIGHEST_VOLUME
2025-02-19,202503,32947.0,6,6,HIGHEST_DAILY_VOLUME_TX_CONTRACT,HIGHEST_VOLUME
2025-02-20,202503,58443.0,6,6,HIGHEST_DAILY_VOLUME_TX_CONTRACT,HIGHEST_VOLUME
2025-02-21,202503,54437.0,6,6,HIGHEST_DAILY_VOLUME_TX_CONTRACT,HIGHEST_VOLUME
2025-02-24,202503,48887.0,6,6,HIGHEST_DAILY_VOLUME_TX_CONTRACT,HIGHEST_VOLUME
2025-02-25,202503,60003.0,6,6,HIGHEST_DAILY_VOLUME_TX_CONTRACT,HIGHEST_VOLUME
2025-02-26,202503,59018.0,6,6,HIGHEST_DAILY_VOLUME_TX_CONTRACT,HIGHEST_VOLUME
2025-02-27,202503,68861.0,6,6,HIGHEST_DAILY_VOLUME_TX_CONTRACT,HIGHEST_VOLUME
2025-03-03,202503,78247.0,6,6,HIGHEST_DAILY_VOLUME_TX_CONTRACT,HIGHEST_VOLUME
2025-03-04,202503,84542.0,6,6,HIGHEST_DAILY_VOLUME_TX_CONTRACT,HIGHEST_VOLUME
2025-03-05,202503,67984.0,6,6,HIGHEST_DAILY_VOLUME_TX_CONTRACT,HIGHEST_VOLUME
2025-03-06,202503,56232.0,6,6,HIGHEST_DAILY_VOLUME_TX_CONTRACT,HIGHEST_VOLUME
2025-03-07,202503,54464.0,6,6,HIGHEST_DAILY_VOLUME_TX_CONTRACT,HIGHEST_VOLUME
2025-03-10,202503,65258.0,5,5,HIGHEST_DAILY_VOLUME_TX_CONTRACT,HIGHEST_VOLUME
2025-03-11,202503,87716.0,6,6,HIGHEST_DAILY_VOLUME_TX_CONTRACT,HIGHEST_VOLUME
2025-03-12,202503,67700.0,6,6,HIGHEST_DAILY_VOLUME_TX_CONTRACT,HIGHEST_VOLUME
2025-03-13,202503,76396.0,6,6,HIGHEST_DAILY_VOLUME_TX_CONTRACT,HIGHEST_VOLUME
2025-03-14,202503,73591.0,6,6,HIGHEST_DAILY_VOLUME_TX_CONTRACT,HIGHEST_VOLUME
2025-03-17,202503,91180.0,6,6,HIGHEST_DAILY_VOLUME_TX_CONTRACT,HIGHEST_VOLUME
2025-03-18,202503,73960.0,6,6,HIGHEST_DAILY_VOLUME_TX_CONTRACT,HIGHEST_VOLUME
2025-03-19,202504,45036.0,6,6,HIGHEST_DAILY_VOLUME_TX_CONTRACT,HIGHEST_VOLUME
2025-03-20,202504,62082.0,6,6,HIGHEST_DAILY_VOLUME_TX_CONTRACT,HIGHEST_VOLUME
2025-03-21,202504,59593.0,6,6,HIGHEST_DAILY_VOLUME_TX_CONTRACT,HIGHEST_VOLUME
2025-03-24,202504,53681.0,5,5,HIGHEST_DAILY_VOLUME_TX_CONTRACT,HIGHEST_VOLUME
2025-03-25,202504,64095.0,6,6,HIGHEST_DAILY_VOLUME_TX_CONTRACT,HIGHEST_VOLUME
2025-03-26,202504,53992.0,6,6,HIGHEST_DAILY_VOLUME_TX_CONTRACT,HIGHEST_VOLUME
2025-03-27,202504,60620.0,6,6,HIGHEST_DAILY_VOLUME_TX_CONTRACT,HIGHEST_VOLUME
2025-03-28,202504,79673.0,6,6,HIGHEST_DAILY_VOLUME_TX_CONTRACT,HIGHEST_VOLUME
2025-03-31,202504,103146.0,6,6,HIGHEST_DAILY_VOLUME_TX_CONTRACT,HIGHEST_VOLUME
2025-04-01,202504,81447.0,6,6,HIGHEST_DAILY_VOLUME_TX_CONTRACT,HIGHEST_VOLUME
2025-04-02,202504,66423.0,6,6,HIGHEST_DAILY_VOLUME_TX_CONTRACT,HIGHEST_VOLUME
2025-04-07,202504,2736.0,6,6,HIGHEST_DAILY_VOLUME_TX_CONTRACT,HIGHEST_VOLUME
2025-04-08,202504,152423.0,6,6,HIGHEST_DAILY_VOLUME_TX_CONTRACT,HIGHEST_VOLUME
2025-04-09,202504,176779.0,6,6,HIGHEST_DAILY_VOLUME_TX_CONTRACT,HIGHEST_VOLUME
2025-04-10,202504,2382.0,6,6,HIGHEST_DAILY_VOLUME_TX_CONTRACT,HIGHEST_VOLUME
2025-04-11,202504,132834.0,6,6,HIGHEST_DAILY_VOLUME_TX_CONTRACT,HIGHEST_VOLUME
2025-04-14,202504,129898.0,6,6,HIGHEST_DAILY_VOLUME_TX_CONTRACT,HIGHEST_VOLUME
2025-04-15,202504,83145.0,5,5,HIGHEST_DAILY_VOLUME_TX_CONTRACT,HIGHEST_VOLUME
2025-04-16,202505,52635.0,6,6,HIGHEST_DAILY_VOLUME_TX_CONTRACT,HIGHEST_VOLUME
2025-04-17,202505,79033.0,6,6,HIGHEST_DAILY_VOLUME_TX_CONTRACT,HIGHEST_VOLUME
2025-04-18,202505,43062.0,6,6,HIGHEST_DAILY_VOLUME_TX_CONTRACT,HIGHEST_VOLUME
2025-04-21,202505,60135.0,5,5,HIGHEST_DAILY_VOLUME_TX_CONTRACT,HIGHEST_VOLUME
2025-04-22,202505,69898.0,6,6,HIGHEST_DAILY_VOLUME_TX_CONTRACT,HIGHEST_VOLUME
2025-04-23,202505,76954.0,5,5,HIGHEST_DAILY_VOLUME_TX_CONTRACT,HIGHEST_VOLUME
2025-04-24,202505,58194.0,5,5,HIGHEST_DAILY_VOLUME_TX_CONTRACT,HIGHEST_VOLUME
2025-04-25,202505,66662.0,5,5,HIGHEST_DAILY_VOLUME_TX_CONTRACT,HIGHEST_VOLUME
2025-04-28,202505,44357.0,6,6,HIGHEST_DAILY_VOLUME_TX_CONTRACT,HIGHEST_VOLUME
2025-04-29,202505,57788.0,6,6,HIGHEST_DAILY_VOLUME_TX_CONTRACT,HIGHEST_VOLUME
2025-04-30,202505,58130.0,6,6,HIGHEST_DAILY_VOLUME_TX_CONTRACT,HIGHEST_VOLUME
2025-05-02,202505,61777.0,6,6,HIGHEST_DAILY_VOLUME_TX_CONTRACT,HIGHEST_VOLUME
2025-05-05,202505,97067.0,6,6,HIGHEST_DAILY_VOLUME_TX_CONTRACT,HIGHEST_VOLUME
2025-05-06,202505,69754.0,5,5,HIGHEST_DAILY_VOLUME_TX_CONTRACT,HIGHEST_VOLUME
2025-05-07,202505,73631.0,6,6,HIGHEST_DAILY_VOLUME_TX_CONTRACT,HIGHEST_VOLUME
2025-05-08,202505,63264.0,6,6,HIGHEST_DAILY_VOLUME_TX_CONTRACT,HIGHEST_VOLUME
2025-05-09,202505,67856.0,6,6,HIGHEST_DAILY_VOLUME_TX_CONTRACT,HIGHEST_VOLUME
2025-05-12,202505,58691.0,6,6,HIGHEST_DAILY_VOLUME_TX_CONTRACT,HIGHEST_VOLUME
2025-05-13,202505,61021.0,6,6,HIGHEST_DAILY_VOLUME_TX_CONTRACT,HIGHEST_VOLUME
2025-05-14,202505,59116.0,6,6,HIGHEST_DAILY_VOLUME_TX_CONTRACT,HIGHEST_VOLUME
2025-05-15,202505,45704.0,6,6,HIGHEST_DAILY_VOLUME_TX_CONTRACT,HIGHEST_VOLUME
2025-05-16,202505,55404.0,6,6,HIGHEST_DAILY_VOLUME_TX_CONTRACT,HIGHEST_VOLUME
2025-05-19,202505,98203.0,6,6,HIGHEST_DAILY_VOLUME_TX_CONTRACT,HIGHEST_VOLUME
2025-05-20,202505,81214.0,6,6,HIGHEST_DAILY_VOLUME_TX_CONTRACT,HIGHEST_VOLUME
2025-05-21,202506,44969.0,5,5,HIGHEST_DAILY_VOLUME_TX_CONTRACT,HIGHEST_VOLUME
2025-05-22,202506,48283.0,6,6,HIGHEST_DAILY_VOLUME_TX_CONTRACT,HIGHEST_VOLUME
2025-05-23,202506,51667.0,6,6,HIGHEST_DAILY_VOLUME_TX_CONTRACT,HIGHEST_VOLUME
2025-05-26,202506,56961.0,6,6,HIGHEST_DAILY_VOLUME_TX_CONTRACT,HIGHEST_VOLUME
2025-05-27,202506,61109.0,6,6,HIGHEST_DAILY_VOLUME_TX_CONTRACT,HIGHEST_VOLUME
2025-05-28,202506,69146.0,5,5,HIGHEST_DAILY_VOLUME_TX_CONTRACT,HIGHEST_VOLUME
2025-05-29,202506,76415.0,6,6,HIGHEST_DAILY_VOLUME_TX_CONTRACT,HIGHEST_VOLUME
2025-06-02,202506,66441.0,6,6,HIGHEST_DAILY_VOLUME_TX_CONTRACT,HIGHEST_VOLUME
2025-06-03,202506,64909.0,6,6,HIGHEST_DAILY_VOLUME_TX_CONTRACT,HIGHEST_VOLUME
2025-06-04,202506,61616.0,6,6,HIGHEST_DAILY_VOLUME_TX_CONTRACT,HIGHEST_VOLUME
2025-06-05,202506,46482.0,5,5,HIGHEST_DAILY_VOLUME_TX_CONTRACT,HIGHEST_VOLUME
2025-06-06,202506,37655.0,6,6,HIGHEST_DAILY_VOLUME_TX_CONTRACT,HIGHEST_VOLUME
2025-06-09,202506,43471.0,6,6,HIGHEST_DAILY_VOLUME_TX_CONTRACT,HIGHEST_VOLUME
2025-06-10,202506,70320.0,6,6,HIGHEST_DAILY_VOLUME_TX_CONTRACT,HIGHEST_VOLUME
2025-06-11,202506,53385.0,5,5,HIGHEST_DAILY_VOLUME_TX_CONTRACT,HIGHEST_VOLUME
2025-06-12,202506,43973.0,6,6,HIGHEST_DAILY_VOLUME_TX_CONTRACT,HIGHEST_VOLUME
2025-06-13,202506,87803.0,6,6,HIGHEST_DAILY_VOLUME_TX_CONTRACT,HIGHEST_VOLUME
2025-06-16,202506,95307.0,5,5,HIGHEST_DAILY_VOLUME_TX_CONTRACT,HIGHEST_VOLUME
2025-06-17,202506,88076.0,6,6,HIGHEST_DAILY_VOLUME_TX_CONTRACT,HIGHEST_VOLUME
2025-06-18,202507,40655.0,6,6,HIGHEST_DAILY_VOLUME_TX_CONTRACT,HIGHEST_VOLUME
2025-06-19,202507,52900.0,6,6,HIGHEST_DAILY_VOLUME_TX_CONTRACT,HIGHEST_VOLUME
2025-06-20,202507,67982.0,5,5,HIGHEST_DAILY_VOLUME_TX_CONTRACT,HIGHEST_VOLUME
2025-06-23,202507,72002.0,6,6,HIGHEST_DAILY_VOLUME_TX_CONTRACT,HIGHEST_VOLUME
2025-06-24,202507,69758.0,6,6,HIGHEST_DAILY_VOLUME_TX_CONTRACT,HIGHEST_VOLUME
2025-06-25,202507,49936.0,6,6,HIGHEST_DAILY_VOLUME_TX_CONTRACT,HIGHEST_VOLUME
2025-06-26,202507,59606.0,6,6,HIGHEST_DAILY_VOLUME_TX_CONTRACT,HIGHEST_VOLUME
2025-06-27,202507,60785.0,6,6,HIGHEST_DAILY_VOLUME_TX_CONTRACT,HIGHEST_VOLUME
2025-06-30,202507,50980.0,5,5,HIGHEST_DAILY_VOLUME_TX_CONTRACT,HIGHEST_VOLUME
2025-07-01,202507,86050.0,6,6,HIGHEST_DAILY_VOLUME_TX_CONTRACT,HIGHEST_VOLUME
2025-07-02,202507,47593.0,6,6,HIGHEST_DAILY_VOLUME_TX_CONTRACT,HIGHEST_VOLUME
2025-07-03,202507,53951.0,5,5,HIGHEST_DAILY_VOLUME_TX_CONTRACT,HIGHEST_VOLUME
2025-07-04,202507,56506.0,5,5,HIGHEST_DAILY_VOLUME_TX_CONTRACT,HIGHEST_VOLUME
2025-07-07,202507,61023.0,5,5,HIGHEST_DAILY_VOLUME_TX_CONTRACT,HIGHEST_VOLUME
2025-07-08,202507,63578.0,5,5,HIGHEST_DAILY_VOLUME_TX_CONTRACT,HIGHEST_VOLUME
2025-07-09,202507,57715.0,6,6,HIGHEST_DAILY_VOLUME_TX_CONTRACT,HIGHEST_VOLUME
2025-07-10,202507,58504.0,5,5,HIGHEST_DAILY_VOLUME_TX_CONTRACT,HIGHEST_VOLUME
2025-07-11,202507,62637.0,5,5,HIGHEST_DAILY_VOLUME_TX_CONTRACT,HIGHEST_VOLUME
2025-07-14,202507,90014.0,6,6,HIGHEST_DAILY_VOLUME_TX_CONTRACT,HIGHEST_VOLUME
2025-07-15,202507,102751.0,6,6,HIGHEST_DAILY_VOLUME_TX_CONTRACT,HIGHEST_VOLUME
2025-07-16,202508,42855.0,5,5,HIGHEST_DAILY_VOLUME_TX_CONTRACT,HIGHEST_VOLUME
2025-07-17,202508,60136.0,6,6,HIGHEST_DAILY_VOLUME_TX_CONTRACT,HIGHEST_VOLUME
2025-07-18,202508,51164.0,6,6,HIGHEST_DAILY_VOLUME_TX_CONTRACT,HIGHEST_VOLUME
2025-07-21,202508,40802.0,6,6,HIGHEST_DAILY_VOLUME_TX_CONTRACT,HIGHEST_VOLUME
2025-07-22,202508,77037.0,6,6,HIGHEST_DAILY_VOLUME_TX_CONTRACT,HIGHEST_VOLUME
2025-07-23,202508,63250.0,6,6,HIGHEST_DAILY_VOLUME_TX_CONTRACT,HIGHEST_VOLUME
2025-07-24,202508,46341.0,5,5,HIGHEST_DAILY_VOLUME_TX_CONTRACT,HIGHEST_VOLUME
2025-07-25,202508,43044.0,5,5,HIGHEST_DAILY_VOLUME_TX_CONTRACT,HIGHEST_VOLUME
2025-07-28,202508,55104.0,5,5,HIGHEST_DAILY_VOLUME_TX_CONTRACT,HIGHEST_VOLUME
2025-07-29,202508,73363.0,6,6,HIGHEST_DAILY_VOLUME_TX_CONTRACT,HIGHEST_VOLUME
2025-07-30,202508,72116.0,5,5,HIGHEST_DAILY_VOLUME_TX_CONTRACT,HIGHEST_VOLUME
2025-07-31,202508,66444.0,6,6,HIGHEST_DAILY_VOLUME_TX_CONTRACT,HIGHEST_VOLUME
2025-08-01,202508,69641.0,6,6,HIGHEST_DAILY_VOLUME_TX_CONTRACT,HIGHEST_VOLUME
2025-08-04,202508,55560.0,6,6,HIGHEST_DAILY_VOLUME_TX_CONTRACT,HIGHEST_VOLUME
2025-08-05,202508,52372.0,6,6,HIGHEST_DAILY_VOLUME_TX_CONTRACT,HIGHEST_VOLUME
2025-08-06,202508,45239.0,6,6,HIGHEST_DAILY_VOLUME_TX_CONTRACT,HIGHEST_VOLUME
2025-08-07,202508,71465.0,6,6,HIGHEST_DAILY_VOLUME_TX_CONTRACT,HIGHEST_VOLUME
2025-08-08,202508,42140.0,5,5,HIGHEST_DAILY_VOLUME_TX_CONTRACT,HIGHEST_VOLUME
2025-08-11,202508,62090.0,6,6,HIGHEST_DAILY_VOLUME_TX_CONTRACT,HIGHEST_VOLUME
2025-08-12,202508,53748.0,5,5,HIGHEST_DAILY_VOLUME_TX_CONTRACT,HIGHEST_VOLUME
2025-08-13,202508,71303.0,6,6,HIGHEST_DAILY_VOLUME_TX_CONTRACT,HIGHEST_VOLUME
2025-08-14,202508,46241.0,6,6,HIGHEST_DAILY_VOLUME_TX_CONTRACT,HIGHEST_VOLUME
2025-08-15,202508,64076.0,5,5,HIGHEST_DAILY_VOLUME_TX_CONTRACT,HIGHEST_VOLUME
2025-08-18,202508,86686.0,5,5,HIGHEST_DAILY_VOLUME_TX_CONTRACT,HIGHEST_VOLUME
2025-08-19,202508,70121.0,5,5,HIGHEST_DAILY_VOLUME_TX_CONTRACT,HIGHEST_VOLUME
2025-08-20,202509,64312.0,6,6,HIGHEST_DAILY_VOLUME_TX_CONTRACT,HIGHEST_VOLUME
2025-08-21,202509,63709.0,6,6,HIGHEST_DAILY_VOLUME_TX_CONTRACT,HIGHEST_VOLUME
2025-08-22,202509,56030.0,5,5,HIGHEST_DAILY_VOLUME_TX_CONTRACT,HIGHEST_VOLUME
2025-08-25,202509,63108.0,5,5,HIGHEST_DAILY_VOLUME_TX_CONTRACT,HIGHEST_VOLUME
2025-08-26,202509,53798.0,6,6,HIGHEST_DAILY_VOLUME_TX_CONTRACT,HIGHEST_VOLUME
2025-08-27,202509,51154.0,6,6,HIGHEST_DAILY_VOLUME_TX_CONTRACT,HIGHEST_VOLUME
2025-08-28,202509,62184.0,5,5,HIGHEST_DAILY_VOLUME_TX_CONTRACT,HIGHEST_VOLUME
2025-08-29,202509,56576.0,5,5,HIGHEST_DAILY_VOLUME_TX_CONTRACT,HIGHEST_VOLUME
2025-09-01,202509,82254.0,6,6,HIGHEST_DAILY_VOLUME_TX_CONTRACT,HIGHEST_VOLUME
2025-09-02,202509,78953.0,6,6,HIGHEST_DAILY_VOLUME_TX_CONTRACT,HIGHEST_VOLUME
2025-09-03,202509,57816.0,5,5,HIGHEST_DAILY_VOLUME_TX_CONTRACT,HIGHEST_VOLUME
2025-09-04,202509,78433.0,6,6,HIGHEST_DAILY_VOLUME_TX_CONTRACT,HIGHEST_VOLUME
2025-09-05,202509,55821.0,6,6,HIGHEST_DAILY_VOLUME_TX_CONTRACT,HIGHEST_VOLUME
2025-09-08,202509,58765.0,6,6,HIGHEST_DAILY_VOLUME_TX_CONTRACT,HIGHEST_VOLUME
2025-09-09,202509,56977.0,6,6,HIGHEST_DAILY_VOLUME_TX_CONTRACT,HIGHEST_VOLUME
2025-09-10,202509,70661.0,5,5,HIGHEST_DAILY_VOLUME_TX_CONTRACT,HIGHEST_VOLUME
2025-09-11,202509,73339.0,6,6,HIGHEST_DAILY_VOLUME_TX_CONTRACT,HIGHEST_VOLUME
2025-09-12,202509,55444.0,5,5,HIGHEST_DAILY_VOLUME_TX_CONTRACT,HIGHEST_VOLUME
2025-09-15,202509,89375.0,6,6,HIGHEST_DAILY_VOLUME_TX_CONTRACT,HIGHEST_VOLUME
2025-09-16,202509,76338.0,6,6,HIGHEST_DAILY_VOLUME_TX_CONTRACT,HIGHEST_VOLUME
2025-09-17,202510,33472.0,6,6,HIGHEST_DAILY_VOLUME_TX_CONTRACT,HIGHEST_VOLUME
2025-09-18,202510,60615.0,6,6,HIGHEST_DAILY_VOLUME_TX_CONTRACT,HIGHEST_VOLUME
2025-09-19,202510,59278.0,4,4,HIGHEST_DAILY_VOLUME_TX_CONTRACT,HIGHEST_VOLUME
2025-09-22,202510,57516.0,5,5,HIGHEST_DAILY_VOLUME_TX_CONTRACT,HIGHEST_VOLUME
2025-09-23,202510,77069.0,5,5,HIGHEST_DAILY_VOLUME_TX_CONTRACT,HIGHEST_VOLUME
2025-09-24,202510,71446.0,5,5,HIGHEST_DAILY_VOLUME_TX_CONTRACT,HIGHEST_VOLUME
2025-09-25,202510,55994.0,5,5,HIGHEST_DAILY_VOLUME_TX_CONTRACT,HIGHEST_VOLUME
2025-09-26,202510,95718.0,6,6,HIGHEST_DAILY_VOLUME_TX_CONTRACT,HIGHEST_VOLUME
2025-09-30,202510,58862.0,6,6,HIGHEST_DAILY_VOLUME_TX_CONTRACT,HIGHEST_VOLUME
2025-10-01,202510,77280.0,5,5,HIGHEST_DAILY_VOLUME_TX_CONTRACT,HIGHEST_VOLUME
2025-10-02,202510,57057.0,6,6,HIGHEST_DAILY_VOLUME_TX_CONTRACT,HIGHEST_VOLUME
2025-10-03,202510,68029.0,6,6,HIGHEST_DAILY_VOLUME_TX_CONTRACT,HIGHEST_VOLUME
2025-10-07,202510,70532.0,5,5,HIGHEST_DAILY_VOLUME_TX_CONTRACT,HIGHEST_VOLUME
2025-10-08,202510,58514.0,5,5,HIGHEST_DAILY_VOLUME_TX_CONTRACT,HIGHEST_VOLUME
2025-10-09,202510,71155.0,5,5,HIGHEST_DAILY_VOLUME_TX_CONTRACT,HIGHEST_VOLUME
2025-10-13,202510,112620.0,6,6,HIGHEST_DAILY_VOLUME_TX_CONTRACT,HIGHEST_VOLUME
2025-10-14,202510,122162.0,6,6,HIGHEST_DAILY_VOLUME_TX_CONTRACT,HIGHEST_VOLUME
2025-10-15,202511,50492.0,6,6,HIGHEST_DAILY_VOLUME_TX_CONTRACT,HIGHEST_VOLUME
2025-10-16,202511,93889.0,6,6,HIGHEST_DAILY_VOLUME_TX_CONTRACT,HIGHEST_VOLUME
2025-10-17,202511,70093.0,6,6,HIGHEST_DAILY_VOLUME_TX_CONTRACT,HIGHEST_VOLUME
2025-10-20,202511,75805.0,6,6,HIGHEST_DAILY_VOLUME_TX_CONTRACT,HIGHEST_VOLUME
2025-10-21,202511,73065.0,5,5,HIGHEST_DAILY_VOLUME_TX_CONTRACT,HIGHEST_VOLUME
2025-10-22,202511,77497.0,5,5,HIGHEST_DAILY_VOLUME_TX_CONTRACT,HIGHEST_VOLUME
2025-10-23,202511,58000.0,6,6,HIGHEST_DAILY_VOLUME_TX_CONTRACT,HIGHEST_VOLUME
2025-10-27,202511,60960.0,5,5,HIGHEST_DAILY_VOLUME_TX_CONTRACT,HIGHEST_VOLUME
2025-10-28,202511,58805.0,5,5,HIGHEST_DAILY_VOLUME_TX_CONTRACT,HIGHEST_VOLUME
2025-10-29,202511,59854.0,6,6,HIGHEST_DAILY_VOLUME_TX_CONTRACT,HIGHEST_VOLUME
2025-10-30,202511,79008.0,6,6,HIGHEST_DAILY_VOLUME_TX_CONTRACT,HIGHEST_VOLUME
2025-10-31,202511,66689.0,6,6,HIGHEST_DAILY_VOLUME_TX_CONTRACT,HIGHEST_VOLUME
2025-11-03,202511,71870.0,5,5,HIGHEST_DAILY_VOLUME_TX_CONTRACT,HIGHEST_VOLUME
2025-11-04,202511,87286.0,6,6,HIGHEST_DAILY_VOLUME_TX_CONTRACT,HIGHEST_VOLUME
2025-11-05,202511,112619.0,6,6,HIGHEST_DAILY_VOLUME_TX_CONTRACT,HIGHEST_VOLUME
2025-11-06,202511,69013.0,5,5,HIGHEST_DAILY_VOLUME_TX_CONTRACT,HIGHEST_VOLUME
2025-11-07,202511,78246.0,5,5,HIGHEST_DAILY_VOLUME_TX_CONTRACT,HIGHEST_VOLUME
2025-11-10,202511,70027.0,5,5,HIGHEST_DAILY_VOLUME_TX_CONTRACT,HIGHEST_VOLUME
2025-11-11,202511,68312.0,5,5,HIGHEST_DAILY_VOLUME_TX_CONTRACT,HIGHEST_VOLUME
2025-11-12,202511,59591.0,5,5,HIGHEST_DAILY_VOLUME_TX_CONTRACT,HIGHEST_VOLUME
2025-11-13,202511,69907.0,5,5,HIGHEST_DAILY_VOLUME_TX_CONTRACT,HIGHEST_VOLUME
2025-11-14,202511,75965.0,5,5,HIGHEST_DAILY_VOLUME_TX_CONTRACT,HIGHEST_VOLUME
2025-11-17,202511,105151.0,6,6,HIGHEST_DAILY_VOLUME_TX_CONTRACT,HIGHEST_VOLUME
2025-11-18,202511,105050.0,6,6,HIGHEST_DAILY_VOLUME_TX_CONTRACT,HIGHEST_VOLUME
2025-11-19,202512,51969.0,6,6,HIGHEST_DAILY_VOLUME_TX_CONTRACT,HIGHEST_VOLUME
2025-11-20,202512,86253.0,6,6,HIGHEST_DAILY_VOLUME_TX_CONTRACT,HIGHEST_VOLUME
2025-11-21,202512,94807.0,6,6,HIGHEST_DAILY_VOLUME_TX_CONTRACT,HIGHEST_VOLUME
2025-11-24,202512,64017.0,6,6,HIGHEST_DAILY_VOLUME_TX_CONTRACT,HIGHEST_VOLUME
2025-11-25,202512,65279.0,5,5,HIGHEST_DAILY_VOLUME_TX_CONTRACT,HIGHEST_VOLUME
2025-11-26,202512,65611.0,6,6,HIGHEST_DAILY_VOLUME_TX_CONTRACT,HIGHEST_VOLUME
2025-11-27,202512,61470.0,6,6,HIGHEST_DAILY_VOLUME_TX_CONTRACT,HIGHEST_VOLUME
2025-11-28,202512,59543.0,6,6,HIGHEST_DAILY_VOLUME_TX_CONTRACT,HIGHEST_VOLUME
2025-12-01,202512,64629.0,6,6,HIGHEST_DAILY_VOLUME_TX_CONTRACT,HIGHEST_VOLUME
2025-12-02,202512,56480.0,6,6,HIGHEST_DAILY_VOLUME_TX_CONTRACT,HIGHEST_VOLUME
2025-12-03,202512,54873.0,5,5,HIGHEST_DAILY_VOLUME_TX_CONTRACT,HIGHEST_VOLUME
2025-12-04,202512,49647.0,6,6,HIGHEST_DAILY_VOLUME_TX_CONTRACT,HIGHEST_VOLUME
2025-12-05,202512,57889.0,6,6,HIGHEST_DAILY_VOLUME_TX_CONTRACT,HIGHEST_VOLUME
2025-12-08,202512,46283.0,6,6,HIGHEST_DAILY_VOLUME_TX_CONTRACT,HIGHEST_VOLUME
2025-12-09,202512,41059.0,5,5,HIGHEST_DAILY_VOLUME_TX_CONTRACT,HIGHEST_VOLUME
2025-12-10,202512,52229.0,6,6,HIGHEST_DAILY_VOLUME_TX_CONTRACT,HIGHEST_VOLUME
2025-12-11,202512,76960.0,6,6,HIGHEST_DAILY_VOLUME_TX_CONTRACT,HIGHEST_VOLUME
2025-12-12,202512,55172.0,6,6,HIGHEST_DAILY_VOLUME_TX_CONTRACT,HIGHEST_VOLUME
2025-12-15,202512,78935.0,6,6,HIGHEST_DAILY_VOLUME_TX_CONTRACT,HIGHEST_VOLUME
2025-12-16,202512,92661.0,6,6,HIGHEST_DAILY_VOLUME_TX_CONTRACT,HIGHEST_VOLUME
2025-12-17,202601,43856.0,6,6,HIGHEST_DAILY_VOLUME_TX_CONTRACT,HIGHEST_VOLUME
2025-12-18,202601,66879.0,6,6,HIGHEST_DAILY_VOLUME_TX_CONTRACT,HIGHEST_VOLUME
2025-12-19,202601,64331.0,6,6,HIGHEST_DAILY_VOLUME_TX_CONTRACT,HIGHEST_VOLUME
2025-12-22,202601,52684.0,5,5,HIGHEST_DAILY_VOLUME_TX_CONTRACT,HIGHEST_VOLUME
2025-12-23,202601,38940.0,4,4,HIGHEST_DAILY_VOLUME_TX_CONTRACT,HIGHEST_VOLUME
2025-12-24,202601,37086.0,6,6,HIGHEST_DAILY_VOLUME_TX_CONTRACT,HIGHEST_VOLUME
2025-12-26,202601,44249.0,6,6,HIGHEST_DAILY_VOLUME_TX_CONTRACT,HIGHEST_VOLUME
2025-12-29,202601,49289.0,6,6,HIGHEST_DAILY_VOLUME_TX_CONTRACT,HIGHEST_VOLUME
2025-12-30,202601,45027.0,6,6,HIGHEST_DAILY_VOLUME_TX_CONTRACT,HIGHEST_VOLUME
2025-12-31,202601,53098.0,4,4,HIGHEST_DAILY_VOLUME_TX_CONTRACT,HIGHEST_VOLUME
2026-01-02,202601,64172.0,6,6,HIGHEST_DAILY_VOLUME_TX_CONTRACT,HIGHEST_VOLUME
2026-01-05,202601,95320.0,6,6,HIGHEST_DAILY_VOLUME_TX_CONTRACT,HIGHEST_VOLUME
2026-01-06,202601,59699.0,6,6,HIGHEST_DAILY_VOLUME_TX_CONTRACT,HIGHEST_VOLUME
2026-01-07,202601,57861.0,5,5,HIGHEST_DAILY_VOLUME_TX_CONTRACT,HIGHEST_VOLUME
2026-01-08,202601,63571.0,6,6,HIGHEST_DAILY_VOLUME_TX_CONTRACT,HIGHEST_VOLUME
2026-01-09,202601,83205.0,6,6,HIGHEST_DAILY_VOLUME_TX_CONTRACT,HIGHEST_VOLUME
2026-01-12,202601,57701.0,6,6,HIGHEST_DAILY_VOLUME_TX_CONTRACT,HIGHEST_VOLUME
2026-01-13,202601,76999.0,6,6,HIGHEST_DAILY_VOLUME_TX_CONTRACT,HIGHEST_VOLUME
2026-01-14,202601,54974.0,5,5,HIGHEST_DAILY_VOLUME_TX_CONTRACT,HIGHEST_VOLUME
2026-01-15,202601,58154.0,5,5,HIGHEST_DAILY_VOLUME_TX_CONTRACT,HIGHEST_VOLUME
2026-01-16,202601,72871.0,6,6,HIGHEST_DAILY_VOLUME_TX_CONTRACT,HIGHEST_VOLUME
2026-01-19,202601,89177.0,6,6,HIGHEST_DAILY_VOLUME_TX_CONTRACT,HIGHEST_VOLUME
2026-01-20,202601,81251.0,6,6,HIGHEST_DAILY_VOLUME_TX_CONTRACT,HIGHEST_VOLUME
2026-01-21,202602,59065.0,6,6,HIGHEST_DAILY_VOLUME_TX_CONTRACT,HIGHEST_VOLUME
2026-01-22,202602,72142.0,6,6,HIGHEST_DAILY_VOLUME_TX_CONTRACT,HIGHEST_VOLUME
2026-01-23,202602,68404.0,6,6,HIGHEST_DAILY_VOLUME_TX_CONTRACT,HIGHEST_VOLUME
2026-01-26,202602,57175.0,5,5,HIGHEST_DAILY_VOLUME_TX_CONTRACT,HIGHEST_VOLUME
2026-01-27,202602,62851.0,6,6,HIGHEST_DAILY_VOLUME_TX_CONTRACT,HIGHEST_VOLUME
2026-01-28,202602,60131.0,6,6,HIGHEST_DAILY_VOLUME_TX_CONTRACT,HIGHEST_VOLUME
2026-01-29,202602,78180.0,6,6,HIGHEST_DAILY_VOLUME_TX_CONTRACT,HIGHEST_VOLUME
2026-01-30,202602,84129.0,6,6,HIGHEST_DAILY_VOLUME_TX_CONTRACT,HIGHEST_VOLUME
2026-02-02,202602,104352.0,6,6,HIGHEST_DAILY_VOLUME_TX_CONTRACT,HIGHEST_VOLUME
2026-02-03,202602,79583.0,6,6,HIGHEST_DAILY_VOLUME_TX_CONTRACT,HIGHEST_VOLUME
2026-02-04,202602,67316.0,5,5,HIGHEST_DAILY_VOLUME_TX_CONTRACT,HIGHEST_VOLUME
2026-02-05,202602,79892.0,5,5,HIGHEST_DAILY_VOLUME_TX_CONTRACT,HIGHEST_VOLUME
2026-02-06,202602,98135.0,6,6,HIGHEST_DAILY_VOLUME_TX_CONTRACT,HIGHEST_VOLUME
2026-02-09,202602,66559.0,6,6,HIGHEST_DAILY_VOLUME_TX_CONTRACT,HIGHEST_VOLUME
2026-02-10,202602,97636.0,6,6,HIGHEST_DAILY_VOLUME_TX_CONTRACT,HIGHEST_VOLUME
2026-02-11,202602,84634.0,6,6,HIGHEST_DAILY_VOLUME_TX_CONTRACT,HIGHEST_VOLUME
2026-02-23,202603,58585.0,6,6,HIGHEST_DAILY_VOLUME_TX_CONTRACT,HIGHEST_VOLUME
2026-02-24,202603,78032.0,6,6,HIGHEST_DAILY_VOLUME_TX_CONTRACT,HIGHEST_VOLUME
2026-02-25,202603,86639.0,6,6,HIGHEST_DAILY_VOLUME_TX_CONTRACT,HIGHEST_VOLUME
2026-02-26,202603,71915.0,6,6,HIGHEST_DAILY_VOLUME_TX_CONTRACT,HIGHEST_VOLUME
2026-03-02,202603,83451.0,6,6,HIGHEST_DAILY_VOLUME_TX_CONTRACT,HIGHEST_VOLUME
2026-03-03,202603,112098.0,6,6,HIGHEST_DAILY_VOLUME_TX_CONTRACT,HIGHEST_VOLUME
2026-03-04,202603,153854.0,6,6,HIGHEST_DAILY_VOLUME_TX_CONTRACT,HIGHEST_VOLUME
2026-03-05,202603,117939.0,6,6,HIGHEST_DAILY_VOLUME_TX_CONTRACT,HIGHEST_VOLUME
2026-03-06,202603,78813.0,6,6,HIGHEST_DAILY_VOLUME_TX_CONTRACT,HIGHEST_VOLUME
2026-03-09,202603,117924.0,6,6,HIGHEST_DAILY_VOLUME_TX_CONTRACT,HIGHEST_VOLUME
2026-03-10,202603,106333.0,6,6,HIGHEST_DAILY_VOLUME_TX_CONTRACT,HIGHEST_VOLUME
2026-03-11,202603,79384.0,6,6,HIGHEST_DAILY_VOLUME_TX_CONTRACT,HIGHEST_VOLUME
2026-03-12,202603,78520.0,6,6,HIGHEST_DAILY_VOLUME_TX_CONTRACT,HIGHEST_VOLUME
2026-03-13,202603,84529.0,6,6,HIGHEST_DAILY_VOLUME_TX_CONTRACT,HIGHEST_VOLUME
2026-03-16,202603,107940.0,6,6,HIGHEST_DAILY_VOLUME_TX_CONTRACT,HIGHEST_VOLUME
2026-03-17,202603,77658.0,6,6,HIGHEST_DAILY_VOLUME_TX_CONTRACT,HIGHEST_VOLUME
2026-03-18,202604,42935.0,6,6,HIGHEST_DAILY_VOLUME_TX_CONTRACT,HIGHEST_VOLUME
2026-03-19,202604,70707.0,6,6,HIGHEST_DAILY_VOLUME_TX_CONTRACT,HIGHEST_VOLUME
2026-03-20,202604,78064.0,5,5,HIGHEST_DAILY_VOLUME_TX_CONTRACT,HIGHEST_VOLUME
2026-03-23,202604,85507.0,6,6,HIGHEST_DAILY_VOLUME_TX_CONTRACT,HIGHEST_VOLUME
2026-03-24,202604,92474.0,6,6,HIGHEST_DAILY_VOLUME_TX_CONTRACT,HIGHEST_VOLUME
2026-03-25,202604,65796.0,6,6,HIGHEST_DAILY_VOLUME_TX_CONTRACT,HIGHEST_VOLUME
2026-03-26,202604,68947.0,5,5,HIGHEST_DAILY_VOLUME_TX_CONTRACT,HIGHEST_VOLUME
2026-03-27,202604,64049.0,5,5,HIGHEST_DAILY_VOLUME_TX_CONTRACT,HIGHEST_VOLUME
2026-03-30,202604,70743.0,6,6,HIGHEST_DAILY_VOLUME_TX_CONTRACT,HIGHEST_VOLUME
2026-03-31,202604,93371.0,6,6,HIGHEST_DAILY_VOLUME_TX_CONTRACT,HIGHEST_VOLUME
2026-04-01,202604,65125.0,6,6,HIGHEST_DAILY_VOLUME_TX_CONTRACT,HIGHEST_VOLUME
2026-04-02,202604,85468.0,6,6,HIGHEST_DAILY_VOLUME_TX_CONTRACT,HIGHEST_VOLUME
2026-04-07,202604,51955.0,6,6,HIGHEST_DAILY_VOLUME_TX_CONTRACT,HIGHEST_VOLUME
2026-04-08,202604,74154.0,6,6,HIGHEST_DAILY_VOLUME_TX_CONTRACT,HIGHEST_VOLUME
2026-04-09,202604,53298.0,6,6,HIGHEST_DAILY_VOLUME_TX_CONTRACT,HIGHEST_VOLUME
2026-04-10,202604,55415.0,6,6,HIGHEST_DAILY_VOLUME_TX_CONTRACT,HIGHEST_VOLUME
2026-04-13,202604,83511.0,5,5,HIGHEST_DAILY_VOLUME_TX_CONTRACT,HIGHEST_VOLUME
2026-04-14,202604,71746.0,6,6,HIGHEST_DAILY_VOLUME_TX_CONTRACT,HIGHEST_VOLUME
2026-04-15,202605,42753.0,6,6,HIGHEST_DAILY_VOLUME_TX_CONTRACT,HIGHEST_VOLUME
2026-04-16,202605,56683.0,6,6,HIGHEST_DAILY_VOLUME_TX_CONTRACT,HIGHEST_VOLUME
2026-04-17,202605,51355.0,6,6,HIGHEST_DAILY_VOLUME_TX_CONTRACT,HIGHEST_VOLUME
2026-04-20,202605,52704.0,5,5,HIGHEST_DAILY_VOLUME_TX_CONTRACT,HIGHEST_VOLUME
2026-04-21,202605,63284.0,5,5,HIGHEST_DAILY_VOLUME_TX_CONTRACT,HIGHEST_VOLUME
2026-04-22,202605,54740.0,5,5,HIGHEST_DAILY_VOLUME_TX_CONTRACT,HIGHEST_VOLUME
2026-04-23,202605,111647.0,6,6,HIGHEST_DAILY_VOLUME_TX_CONTRACT,HIGHEST_VOLUME
2026-04-24,202605,87114.0,6,6,HIGHEST_DAILY_VOLUME_TX_CONTRACT,HIGHEST_VOLUME
2026-04-27,202605,80194.0,6,6,HIGHEST_DAILY_VOLUME_TX_CONTRACT,HIGHEST_VOLUME
2026-04-28,202605,63337.0,6,6,HIGHEST_DAILY_VOLUME_TX_CONTRACT,HIGHEST_VOLUME
2026-04-29,202605,59705.0,6,6,HIGHEST_DAILY_VOLUME_TX_CONTRACT,HIGHEST_VOLUME
2026-04-30,202605,70719.0,5,5,HIGHEST_DAILY_VOLUME_TX_CONTRACT,HIGHEST_VOLUME
2026-05-04,202605,63214.0,5,5,HIGHEST_DAILY_VOLUME_TX_CONTRACT,HIGHEST_VOLUME
2026-05-05,202605,41739.0,6,6,HIGHEST_DAILY_VOLUME_TX_CONTRACT,HIGHEST_VOLUME
2026-05-06,202605,83758.0,6,6,HIGHEST_DAILY_VOLUME_TX_CONTRACT,HIGHEST_VOLUME
2026-05-07,202605,59558.0,6,6,HIGHEST_DAILY_VOLUME_TX_CONTRACT,HIGHEST_VOLUME
2026-05-08,202605,66370.0,6,6,HIGHEST_DAILY_VOLUME_TX_CONTRACT,HIGHEST_VOLUME
2026-05-11,202605,46800.0,6,6,HIGHEST_DAILY_VOLUME_TX_CONTRACT,HIGHEST_VOLUME
2026-05-12,202605,72568.0,6,6,HIGHEST_DAILY_VOLUME_TX_CONTRACT,HIGHEST_VOLUME
2026-05-13,202605,73412.0,5,5,HIGHEST_DAILY_VOLUME_TX_CONTRACT,HIGHEST_VOLUME
2026-05-14,202605,73073.0,6,6,HIGHEST_DAILY_VOLUME_TX_CONTRACT,HIGHEST_VOLUME
2026-05-15,202605,100977.0,6,6,HIGHEST_DAILY_VOLUME_TX_CONTRACT,HIGHEST_VOLUME
2026-05-18,202605,99781.0,6,6,HIGHEST_DAILY_VOLUME_TX_CONTRACT,HIGHEST_VOLUME
2026-05-19,202605,86112.0,6,6,HIGHEST_DAILY_VOLUME_TX_CONTRACT,HIGHEST_VOLUME
2026-05-20,202606,46223.0,6,6,HIGHEST_DAILY_VOLUME_TX_CONTRACT,HIGHEST_VOLUME
2026-05-21,202606,54092.0,6,6,HIGHEST_DAILY_VOLUME_TX_CONTRACT,HIGHEST_VOLUME
2026-05-22,202606,57547.0,6,6,HIGHEST_DAILY_VOLUME_TX_CONTRACT,HIGHEST_VOLUME
2026-05-25,202606,58040.0,6,6,HIGHEST_DAILY_VOLUME_TX_CONTRACT,HIGHEST_VOLUME
2026-05-26,202606,57331.0,5,5,HIGHEST_DAILY_VOLUME_TX_CONTRACT,HIGHEST_VOLUME
2026-05-27,202606,83854.0,6,6,HIGHEST_DAILY_VOLUME_TX_CONTRACT,HIGHEST_VOLUME
2026-05-28,202606,98081.0,6,6,HIGHEST_DAILY_VOLUME_TX_CONTRACT,HIGHEST_VOLUME
2026-05-29,202606,66493.0,6,6,HIGHEST_DAILY_VOLUME_TX_CONTRACT,HIGHEST_VOLUME
2026-06-01,202606,75635.0,6,6,HIGHEST_DAILY_VOLUME_TX_CONTRACT,HIGHEST_VOLUME
2026-06-02,202606,73548.0,5,5,HIGHEST_DAILY_VOLUME_TX_CONTRACT,HIGHEST_VOLUME
2026-06-03,202606,56092.0,5,5,HIGHEST_DAILY_VOLUME_TX_CONTRACT,HIGHEST_VOLUME
2026-06-04,202606,59484.0,6,6,HIGHEST_DAILY_VOLUME_TX_CONTRACT,HIGHEST_VOLUME
2026-06-05,202606,97457.0,6,6,HIGHEST_DAILY_VOLUME_TX_CONTRACT,HIGHEST_VOLUME
2026-06-08,202606,108149.0,6,6,HIGHEST_DAILY_VOLUME_TX_CONTRACT,HIGHEST_VOLUME
2026-06-09,202606,73328.0,6,6,HIGHEST_DAILY_VOLUME_TX_CONTRACT,HIGHEST_VOLUME
2026-06-10,202606,94590.0,6,6,HIGHEST_DAILY_VOLUME_TX_CONTRACT,HIGHEST_VOLUME
2026-06-11,202606,103003.0,5,5,HIGHEST_DAILY_VOLUME_TX_CONTRACT,HIGHEST_VOLUME
2026-06-12,202606,80412.0,5,5,HIGHEST_DAILY_VOLUME_TX_CONTRACT,HIGHEST_VOLUME
2026-06-15,202606,93560.0,5,5,HIGHEST_DAILY_VOLUME_TX_CONTRACT,HIGHEST_VOLUME
2026-06-16,202606,78609.0,6,6,HIGHEST_DAILY_VOLUME_TX_CONTRACT,HIGHEST_VOLUME
2026-06-17,202607,40018.0,5,5,HIGHEST_DAILY_VOLUME_TX_CONTRACT,HIGHEST_VOLUME
2026-06-18,202607,60125.0,6,6,HIGHEST_DAILY_VOLUME_TX_CONTRACT,HIGHEST_VOLUME
2026-06-22,202607,58587.0,5,5,HIGHEST_DAILY_VOLUME_TX_CONTRACT,HIGHEST_VOLUME
2026-06-23,202607,78573.0,6,6,HIGHEST_DAILY_VOLUME_TX_CONTRACT,HIGHEST_VOLUME
2026-06-24,202607,96199.0,6,6,HIGHEST_DAILY_VOLUME_TX_CONTRACT,HIGHEST_VOLUME
2026-06-25,202607,70863.0,5,5,HIGHEST_DAILY_VOLUME_TX_CONTRACT,HIGHEST_VOLUME
2026-06-26,202607,102163.0,6,6,HIGHEST_DAILY_VOLUME_TX_CONTRACT,HIGHEST_VOLUME
2026-06-29,202607,73327.0,5,5,HIGHEST_DAILY_VOLUME_TX_CONTRACT,HIGHEST_VOLUME
2026-06-30,202607,65773.0,6,6,HIGHEST_DAILY_VOLUME_TX_CONTRACT,HIGHEST_VOLUME
2026-07-01,202607,58097.0,5,5,HIGHEST_DAILY_VOLUME_TX_CONTRACT,HIGHEST_VOLUME
2026-07-02,202607,66083.0,6,6,HIGHEST_DAILY_VOLUME_TX_CONTRACT,HIGHEST_VOLUME
2026-07-03,202607,58841.0,5,5,HIGHEST_DAILY_VOLUME_TX_CONTRACT,HIGHEST_VOLUME
2026-07-06,202607,59366.0,4,4,HIGHEST_DAILY_VOLUME_TX_CONTRACT,HIGHEST_VOLUME
2026-07-07,202607,86627.0,5,5,HIGHEST_DAILY_VOLUME_TX_CONTRACT,HIGHEST_VOLUME
2026-07-08,202607,75442.0,5,5,HIGHEST_DAILY_VOLUME_TX_CONTRACT,HIGHEST_VOLUME
2026-07-09,202607,73407.0,6,6,HIGHEST_DAILY_VOLUME_TX_CONTRACT,HIGHEST_VOLUME
2026-07-13,202607,115784.0,6,6,HIGHEST_DAILY_VOLUME_TX_CONTRACT,HIGHEST_VOLUME
2026-07-14,202607,126891.0,6,6,HIGHEST_DAILY_VOLUME_TX_CONTRACT,HIGHEST_VOLUME
2026-07-15,202608,45252.0,5,5,HIGHEST_DAILY_VOLUME_TX_CONTRACT,HIGHEST_VOLUME
2026-07-16,202608,70808.0,6,6,HIGHEST_DAILY_VOLUME_TX_CONTRACT,HIGHEST_VOLUME
2026-07-17,202608,103520.0,6,6,HIGHEST_DAILY_VOLUME_TX_CONTRACT,HIGHEST_VOLUME
2026-07-20,202608,85444.0,5,5,HIGHEST_DAILY_VOLUME_TX_CONTRACT,HIGHEST_VOLUME
2026-07-21,202608,61234.0,5,5,HIGHEST_DAILY_VOLUME_TX_CONTRACT,HIGHEST_VOLUME
2026-07-22,202608,66011.0,6,6,HIGHEST_DAILY_VOLUME_TX_CONTRACT,HIGHEST_VOLUME
2026-07-23,202608,54342.0,5,5,HIGHEST_DAILY_VOLUME_TX_CONTRACT,HIGHEST_VOLUME
2026-07-24,202608,69395.0,5,5,HIGHEST_DAILY_VOLUME_TX_CONTRACT,HIGHEST_VOLUME
2026-07-27,202608,66041.0,4,4,HIGHEST_DAILY_VOLUME_TX_CONTRACT,HIGHEST_VOLUME
2026-07-28,202608,81786.0,6,6,HIGHEST_DAILY_VOLUME_TX_CONTRACT,HIGHEST_VOLUME
2026-07-29,202608,124405.0,6,6,HIGHEST_DAILY_VOLUME_TX_CONTRACT,HIGHEST_VOLUME
2026-07-30,202608,103235.0,6,6,HIGHEST_DAILY_VOLUME_TX_CONTRACT,HIGHEST_VOLUME
2026-07-31,202608,91473.0,6,6,HIGHEST_DAILY_VOLUME_TX_CONTRACT,HIGHEST_VOLUME
2026-08-03,202608,69550.0,4,4,HIGHEST_DAILY_VOLUME_TX_CONTRACT,HIGHEST_VOLUME
2026-08-04,202608,73478.0,6,6,HIGHEST_DAILY_VOLUME_TX_CONTRACT,HIGHEST_VOLUME
2026-08-05,202608,67212.0,6,6,HIGHEST_DAILY_VOLUME_TX_CONTRACT,HIGHEST_VOLUME
2026-08-06,202608,55986.0,5,5,HIGHEST_DAILY_VOLUME_TX_CONTRACT,HIGHEST_VOLUME
2026-08-07,202608,56058.0,5,5,HIGHEST_DAILY_VOLUME_TX_CONTRACT,HIGHEST_VOLUME
2026-08-10,202608,49606.0,6,6,HIGHEST_DAILY_VOLUME_TX_CONTRACT,HIGHEST_VOLUME
2026-08-11,202608,50327.0,5,5,HIGHEST_DAILY_VOLUME_TX_CONTRACT,HIGHEST_VOLUME
2026-08-12,202608,48409.0,5,5,HIGHEST_DAILY_VOLUME_TX_CONTRACT,HIGHEST_VOLUME
2026-08-13,202608,43260.0,5,5,HIGHEST_DAILY_VOLUME_TX_CONTRACT,HIGHEST_VOLUME
2026-08-14,202608,57509.0,6,6,HIGHEST_DAILY_VOLUME_TX_CONTRACT,HIGHEST_VOLUME
2026-08-17,202608,79450.0,6,6,HIGHEST_DAILY_VOLUME_TX_CONTRACT,HIGHEST_VOLUME
2026-08-18,202608,83392.0,5,5,HIGHEST_DAILY_VOLUME_TX_CONTRACT,HIGHEST_VOLUME
2026-08-19,202609,42374.0,5,5,HIGHEST_DAILY_VOLUME_TX_CONTRACT,HIGHEST_VOLUME
2026-08-20,202609,53693.0,6,6,HIGHEST_DAILY_VOLUME_TX_CONTRACT,HIGHEST_VOLUME
2026-08-21,202609,51446.0,5,5,HIGHEST_DAILY_VOLUME_TX_CONTRACT,HIGHEST_VOLUME
2026-08-24,202609,43046.0,5,5,HIGHEST_DAILY_VOLUME_TX_CONTRACT,HIGHEST_VOLUME
2026-08-25,202609,55218.0,5,5,HIGHEST_DAILY_VOLUME_TX_CONTRACT,HIGHEST_VOLUME
2026-08-26,202609,57745.0,5,5,HIGHEST_DAILY_VOLUME_TX_CONTRACT,HIGHEST_VOLUME
2026-08-27,202609,50701.0,6,6,HIGHEST_DAILY_VOLUME_TX_CONTRACT,HIGHEST_VOLUME
2026-08-28,202609,41611.0,6,6,HIGHEST_DAILY_VOLUME_TX_CONTRACT,HIGHEST_VOLUME
2026-08-31,202609,53336.0,6,6,HIGHEST_DAILY_VOLUME_TX_CONTRACT,HIGHEST_VOLUME
2026-09-01,202609,57627.0,6,6,HIGHEST_DAILY_VOLUME_TX_CONTRACT,HIGHEST_VOLUME
2026-09-02,202609,46145.0,6,6,HIGHEST_DAILY_VOLUME_TX_CONTRACT,HIGHEST_VOLUME
2026-09-03,202609,53082.0,6,6,HIGHEST_DAILY_VOLUME_TX_CONTRACT,HIGHEST_VOLUME
2026-09-04,202609,50177.0,6,6,HIGHEST_DAILY_VOLUME_TX_CONTRACT,HIGHEST_VOLUME
2026-09-07,202609,43189.0,6,6,HIGHEST_DAILY_VOLUME_TX_CONTRACT,HIGHEST_VOLUME
2026-09-08,202609,44455.0,6,6,HIGHEST_DAILY_VOLUME_TX_CONTRACT,HIGHEST_VOLUME
2026-09-09,202609,49381.0,6,6,HIGHEST_DAILY_VOLUME_TX_CONTRACT,HIGHEST_VOLUME
2026-09-10,202609,48692.0,6,6,HIGHEST_DAILY_VOLUME_TX_CONTRACT,HIGHEST_VOLUME
2026-09-11,202609,58137.0,5,5,HIGHEST_DAILY_VOLUME_TX_CONTRACT,HIGHEST_VOLUME
2026-09-14,202609,94885.0,6,6,HIGHEST_DAILY_VOLUME_TX_CONTRACT,HIGHEST_VOLUME
2026-09-15,202609,75529.0,6,6,HIGHEST_DAILY_VOLUME_TX_CONTRACT,HIGHEST_VOLUME
2026-09-16,202610,36544.0,6,6,HIGHEST_DAILY_VOLUME_TX_CONTRACT,HIGHEST_VOLUME
2026-09-17,202610,50102.0,6,6,HIGHEST_DAILY_VOLUME_TX_CONTRACT,HIGHEST_VOLUME
2026-09-18,202610,44655.0,6,6,HIGHEST_DAILY_VOLUME_TX_CONTRACT,HIGHEST_VOLUME
2026-09-21,202610,37750.0,5,5,HIGHEST_DAILY_VOLUME_TX_CONTRACT,HIGHEST_VOLUME
2026-09-22,202610,41691.0,6,6,HIGHEST_DAILY_VOLUME_TX_CONTRACT,HIGHEST_VOLUME
2026-09-23,202610,32929.0,5,5,HIGHEST_DAILY_VOLUME_TX_CONTRACT,HIGHEST_VOLUME
2026-09-24,202610,37196.0,6,6,HIGHEST_DAILY_VOLUME_TX_CONTRACT,HIGHEST_VOLUME
2026-09-29,202610,43812.0,6,6,HIGHEST_DAILY_VOLUME_TX_CONTRACT,HIGHEST_VOLUME
2026-09-30,202610,42731.0,6,6,HIGHEST_DAILY_VOLUME_TX_CONTRACT,HIGHEST_VOLUME
2026-10-01,202610,34458.0,6,6,HIGHEST_DAILY_VOLUME_TX_CONTRACT,HIGHEST_VOLUME
