marketDate,researchDirection,momentum_5,range_pct_1,open_interest_change_1
2024-12-13,RESEARCH_SHORT,-0.008326502437551286,0.008874967371443488,-0.05618021091811409
2024-12-16,RESEARCH_SHORT,-0.012387629575465575,0.014110883672313924,-0.3955004176423065
2024-12-17,RESEARCH_SHORT,-0.0025552187093980105,0.008293170075116148,-0.37328410274996604
2024-12-18,RESEARCH_LONG,0.011248249299719904,0.01289764120320277,-0.5318610619149167
2024-12-19,RESEARCH_SHORT,-0.011165447699831188,0.008227931200490174,4.585701050030884
2024-12-20,RESEARCH_SHORT,-0.015270164447924839,0.00896841175171195,-0.01676664915821191
2024-12-23,RESEARCH_LONG,0.012238142938025387,0.01488684278461406,0.029479988191134954
2024-12-24,RESEARCH_LONG,0.008032651643437028,0.01171605789110958,-0.014215485456779975
2024-12-25,RESEARCH_LONG,0.009694871239991354,0.004672296283595525,0.010320131876047522
2024-12-26,RESEARCH_LONG,0.020876187141669167,0.004072708565549173,0.01911317081196695
2024-12-27,RESEARCH_LONG,0.0325601943892202,0.00984083518740373,-0.01590248627704227
2024-12-30,RESEARCH_SHORT,-0.002796661216762808,0.007334857833196704,-0.0011894020178820908
2024-12-31,RESEARCH_SHORT,-0.007537904893177072,0.006727138579054728,-0.005940404330746385
2025-01-02,RESEARCH_SHORT,-0.02087530541386262,0.013396375098502758,0.01701893287435463
2025-01-03,RESEARCH_SHORT,-0.014961845151333253,0.00883492187840014,-0.033779667212737396
2025-01-06,RESEARCH_LONG,0.01014033886702026,0.017027404803253,0.03264860017375226
2025-01-07,RESEARCH_LONG,0.024809077965224136,0.011241158639272482,-0.021317303517151553
2025-01-08,RESEARCH_LONG,0.01775096566989287,0.008955223880597015,0.0432582322357018
2025-01-09,RESEARCH_LONG,0.01151387794413794,0.01415278078338022,-0.015708684962456032
2025-01-10,RESEARCH_LONG,0.0031335683509596812,0.008069764414942079,-0.0698324399497725
2025-01-13,RESEARCH_SHORT,-0.0454911262654073,0.02560461504326603,-0.32211754801062553
2025-01-14,RESEARCH_SHORT,-0.042185921185584396,0.010417582417582418,-0.5491006423982869
2025-01-15,RESEARCH_SHORT,-0.040000000000000036,0.013726012793176973,2.323645343591205
2025-01-16,RESEARCH_SHORT,-0.0032027699632114492,0.009856280665190396,0.05715428800045719
2025-01-17,RESEARCH_LONG,0.0061174020564882525,0.015610176800344976,-0.07400048657854186
2025-01-20,RESEARCH_LONG,0.03598846239183495,0.00835260858391159,0.021383427478798955
2025-01-21,RESEARCH_LONG,0.02703296703296698,0.009800984378343676,-0.01357608322853554
2025-01-22,RESEARCH_LONG,0.052683013503908915,0.0061608574563254285,0.022237997276388644
2025-02-03,RESEARCH_SHORT,-0.018800746819504166,0.0123019736259846,0.013591077223962245
2025-02-04,RESEARCH_SHORT,-0.015868909012505372,0.010384716501621243,-0.019910514541387037
2025-02-05,RESEARCH_SHORT,-0.009123618607041917,0.009553451778844075,0.017618694362017795
2025-02-06,RESEARCH_SHORT,-0.0032099293815536223,0.00622584800343495,-0.0005467468562055933
2025-02-07,RESEARCH_SHORT,-0.011266773567389698,0.007980880030728521,0.020507209785109115
2025-02-10,RESEARCH_LONG,0.028675103991503637,0.00856061257850813,-0.034321136982159106
2025-02-11,RESEARCH_LONG,0.022478310402243462,0.008613670452110563,0.0008397739727001863
2025-02-12,RESEARCH_LONG,0.007867548523754042,0.010465365644434912,0.011434097502702079
2025-02-13,RESEARCH_LONG,0.0046801202232718,0.008974742510363691,-0.006594488188976344
2025-02-14,RESEARCH_SHORT,-0.010754982715206363,0.010052202424608482,-0.02660967289918048
2025-02-17,RESEARCH_LONG,0.011098683644497953,0.01093430905377808,-0.3968242427767519
2025-02-18,RESEARCH_LONG,0.013456181701307024,0.008330161951879573,-0.4142137364094405
2025-02-19,RESEARCH_LONG,0.012609907784687957,0.005379304502520226,1.7880571216922507
2025-02-20,RESEARCH_LONG,0.005940424804478761,0.008199507179879344,0.03988368488641569
2025-03-24,RESEARCH_SHORT,-0.04396220717028343,0.012409747292418772,0.048190889863589215
2025-03-25,RESEARCH_SHORT,-0.051310415248468355,0.0108081442281819,-0.01611505335572283
2025-03-26,RESEARCH_SHORT,-0.05683115565140173,0.008025106478368078,0.012139730778759628
2025-03-27,RESEARCH_SHORT,-0.06950739124909988,0.00732884195193008,0.05064186248912095
2025-03-28,RESEARCH_SHORT,-0.0822074942645934,0.014349858815905198,0.017577012684442117
2025-03-31,RESEARCH_SHORT,-0.06277075812274369,0.01641870094852906,-0.016484774479126885
2025-04-01,RESEARCH_SHORT,-0.05009417885012113,0.01808224352013597,-0.025503737616719646
2025-04-02,RESEARCH_SHORT,-0.044877830082940995,0.008073601201652273,-0.02556071665560722
2025-04-07,RESEARCH_SHORT,-0.12750364166059724,0.0,-0.017310416212682478
2025-04-08,RESEARCH_SHORT,-0.15798731657640142,0.04123144584936778,0.027607999667373484
2025-04-09,RESEARCH_SHORT,-0.17165005537098565,0.06667054173448035,0.012070942072965218
2025-04-10,RESEARCH_SHORT,-0.10759643076342007,0.0,-0.019003198294243018
2025-04-11,RESEARCH_SHORT,-0.08355238452872704,0.05762138905961893,-0.06380579781019913
2025-04-14,RESEARCH_LONG,0.01690405384254179,0.02729464881227233,-0.38170552984024264
2025-04-15,RESEARCH_LONG,0.08840021990104452,0.015961208202848774,-0.4455187627607895
2025-04-16,RESEARCH_LONG,0.12491281097419216,0.016431560998294837,2.066618698946121
2025-04-17,RESEARCH_LONG,0.024706380277219386,0.015178894109143477,0.03999723966599955
2025-04-18,RESEARCH_SHORT,-0.00993648842450312,0.007449560269011899,-9.289610234497481e-05
2025-04-21,RESEARCH_SHORT,-0.02011184649325326,0.01785433792345149,0.03466673745122506
2025-04-22,RESEARCH_SHORT,-0.050560662693201364,0.013938394424642231,-0.00029503065753355706
2025-04-23,RESEARCH_LONG,0.010385986668733471,0.02173468344072824,0.029614422274972796
2025-04-24,RESEARCH_LONG,0.00500800247818689,0.013818966402959005,-0.04139924977879694
2025-04-25,RESEARCH_LONG,0.028091050181065613,0.008051124641473355,-0.002366063883724845
2025-04-28,RESEARCH_LONG,0.045342688098853445,0.006010518407212622,-0.015246484838217889
2025-04-29,RESEARCH_LONG,0.07219237112305166,0.012106777810856405,0.020537521999761887
2025-04-30,RESEARCH_LONG,0.030428556817019503,0.010074941684450842,-0.025207142023573326
2025-05-02,RESEARCH_LONG,0.06221103462447353,0.011655462591285002,0.04198092501696005
2025-05-05,RESEARCH_LONG,0.02671966990388963,0.028915898843364048,0.0008297907650671732
2025-05-06,RESEARCH_LONG,0.01863260706235903,0.016374096474406255,0.04672313069210943
2025-05-07,RESEARCH_LONG,0.011263272799444168,0.014474265247043816,0.013733685916574201
2025-05-08,RESEARCH_LONG,0.02114248846096589,0.01181044957472661,0.022371015050247633
2025-05-09,RESEARCH_LONG,0.008270058519127543,0.013238679969301611,0.02875989135674728
2025-05-12,RESEARCH_LONG,0.032444618702215156,0.00740529763600114,0.018915366592376692
2025-05-13,RESEARCH_LONG,0.050302404484437124,0.010861423220973783,-0.010431856421761032
2025-05-14,RESEARCH_LONG,0.06805357931406708,0.009555310547592797,0.012706869190659775
2025-05-15,RESEARCH_LONG,0.054386391251518784,0.0061768230847238864,-0.01809919297970697
2025-05-16,RESEARCH_LONG,0.046671143514965374,0.009119655377847029,-0.06854452601340566
2025-05-19,RESEARCH_LONG,0.022405772334567642,0.011560962020614728,-0.4143628152880273
2025-05-20,RESEARCH_LONG,0.00838014981273405,0.01239611866846186,-0.46807932627003535
2025-05-21,RESEARCH_SHORT,-0.004410143329658167,0.012689184200812107,2.6123202640056573
2025-05-22,RESEARCH_SHORT,-0.008804277680464656,0.007161791377947264,0.03144168443033024
2025-05-23,RESEARCH_SHORT,-0.016085422299619623,0.01248253376804844,-0.008235008804394761
2025-05-26,RESEARCH_SHORT,-0.007103723651221139,0.009913490764554594,0.021752535669480544
2025-05-27,RESEARCH_SHORT,-0.01420678768745065,0.014364432722648706,0.023318488304336915
2025-05-28,RESEARCH_SHORT,-0.019379844961240345,0.017033690946734424,-0.0004779094005795681
2025-05-29,RESEARCH_SHORT,-0.008510440403664554,0.01599437148217636,0.005239170685059635
2025-06-02,RESEARCH_SHORT,-0.028132277596646493,0.012412537141761718,0.006446520194711258
2025-06-03,RESEARCH_SHORT,-0.0193593640402151,0.012684182919269467,-0.0448969331322272
2025-06-04,RESEARCH_LONG,0.011727028681769003,0.012661763336747045,0.017665947254829728
2025-06-05,RESEARCH_LONG,0.014163372859025136,0.007655546791629935,-0.012724620589056879
2025-06-06,RESEARCH_LONG,0.012101313320825424,0.005422189266845861,-0.015089120115683308
2025-06-09,RESEARCH_LONG,0.04126329914693749,0.00745616053757997,-0.007841009436872937
2025-06-10,RESEARCH_LONG,0.05445615373611168,0.01745579523357301,0.023183494895770762
2025-06-11,RESEARCH_LONG,0.040452471836886605,0.007382220034897767,-0.029763776226707783
2025-06-12,RESEARCH_LONG,0.032431680044541444,0.005168074779795075,-0.028775735055844853
2025-06-13,RESEARCH_LONG,0.016776346278617016,0.011212397447584321,-0.0836688391129301
2025-06-16,RESEARCH_LONG,0.014037833110875919,0.00875998547567175,-0.47610782731123547
2025-06-17,RESEARCH_LONG,0.002080224302446476,0.008980549663793493,-0.5781438235566676
2025-06-18,RESEARCH_SHORT,-0.018835846270860324,0.012220702234382125,4.206546213410951
2025-06-19,RESEARCH_SHORT,-0.024626999820240858,0.008385551050497604,-0.001982996856738972
2025-06-20,RESEARCH_SHORT,-0.013081130355515058,0.012607952708631598,0.0005284406772496641
2025-06-23,RESEARCH_SHORT,-0.025372185911401557,0.012993061053415918,0.009844931761524567
2025-06-24,RESEARCH_SHORT,-0.009025678054063846,0.00919896170135252,0.013221757322175787
2025-06-25,RESEARCH_LONG,0.010442316461468204,0.006814386930818178,0.021473406012553653
2025-06-26,RESEARCH_LONG,0.01902875046074448,0.00836460641135778,0.0431254042690814
2025-06-27,RESEARCH_LONG,0.021613633214796923,0.010487771800551512,0.013884179011927067
2025-06-30,RESEARCH_LONG,0.03129511479532443,0.007721833370964101,0.005179465616757861
2025-07-01,RESEARCH_LONG,0.017942529259073803,0.017984163199570528,0.019032951153195254
2025-07-02,RESEARCH_LONG,0.010695428494065684,0.008617610287551349,-0.013882150987050812
2025-07-03,RESEARCH_LONG,0.025229461500203554,0.007453142227122381,-0.0021286660359508547
2025-07-04,RESEARCH_LONG,0.01419465666109132,0.014753733006463116,-0.01938848068262622
2025-07-07,RESEARCH_LONG,0.008624971776924895,0.011729942693409743,0.0031518901672629163
2025-07-08,RESEARCH_SHORT,-0.004563145886458231,0.011505100894341827,-0.011902926095840205
2025-07-09,RESEARCH_LONG,0.0016967315592069099,0.014576089863599893,-0.0021166395177573127
2025-07-10,RESEARCH_SHORT,-0.002822491730981258,0.010481623988324267,-0.02586409133562717
2025-07-11,RESEARCH_LONG,0.014664586583463368,0.012563697065542084,-0.054636858054546544
2025-07-14,RESEARCH_LONG,0.009625716332378298,0.0077601880182696995,-0.4005604322121151
2025-07-15,RESEARCH_LONG,0.02512246640600413,0.016220955721174924,-0.6113678618857902
2025-07-16,RESEARCH_LONG,0.021663546402781453,0.012958115183246074,3.533533807180609
2025-07-17,RESEARCH_LONG,0.023749502454557536,0.012268878520822533,0.024321119173484007
2025-07-18,RESEARCH_LONG,0.021876647337901955,0.007265067492047116,-0.045436706501049806
2025-07-21,RESEARCH_LONG,0.030020841647820484,0.005553642156018598,-0.024688820137525602
2025-07-22,RESEARCH_LONG,0.007891275756247262,0.018660287081339714,0.007882894750708802
2025-07-23,RESEARCH_LONG,0.011605584642233824,0.011127404468213578,0.005939123979213035
2025-07-24,RESEARCH_LONG,0.006998444790046632,0.007679107679107679,-0.012005613013876593
2025-07-25,RESEARCH_SHORT,-0.0010317255610007292,0.0052069885532317756,0.004702788006312408
2025-07-28,RESEARCH_LONG,0.007060444291372425,0.009319425444596444,-0.006167733017791166
2025-07-29,RESEARCH_LONG,0.0075250108742932476,0.014333203816431378,-0.033643107008892836
2025-07-30,RESEARCH_LONG,0.007547658069524621,0.009545824236976157,-0.007043558850787779
2025-07-31,RESEARCH_LONG,0.011969111969111879,0.011276442409597694,0.0063029131757239565
2025-08-01,RESEARCH_LONG,0.004561494104484032,0.01687799862919808,-0.04004670296694779
2025-08-04,RESEARCH_SHORT,-0.0056429548563611265,0.011521926053310405,0.0003182794721108273
2025-08-05,RESEARCH_LONG,0.01778698786858346,0.006914103923647932,0.020590675105964795
2025-08-06,RESEARCH_LONG,0.0027396087496254218,0.004354322305229455,-0.04200950864574171
2025-08-07,RESEARCH_LONG,0.01729619738013488,0.016710422136100345,0.029567642956764395
2025-08-08,RESEARCH_LONG,0.025916723783413254,0.006179798738987014,-0.031360065023029016
2025-08-11,RESEARCH_LONG,0.03877901977644016,0.01614104792649615,-0.01863506048528074
2025-08-12,RESEARCH_LONG,0.023753976670201515,0.006339341205717837,-0.017730117448668148
2025-08-13,RESEARCH_LONG,0.03935965848452505,0.010596788105310716,-0.005706410039412968
2025-08-14,RESEARCH_LONG,0.010542984539734235,0.006391752577319588,-0.02112059531626176
2025-08-15,RESEARCH_LONG,0.015157209069272204,0.008102994406054623,-0.11060182597354207
2025-08-18,RESEARCH_LONG,0.010926247827166558,0.011708834848112666,-0.36683845197692766
2025-08-19,RESEARCH_LONG,0.008576755748912257,0.005504888669788843,-0.4395279585309364
2025-08-20,RESEARCH_SHORT,-0.027929519037253048,0.02226729200997169,2.0321539611948523
2025-08-21,RESEARCH_SHORT,-0.01641237113402061,0.010565151769243669,0.01648408701521209
2025-08-22,RESEARCH_SHORT,-0.023116156630470508,0.010526315789473684,0.020468881681436235
2025-08-25,RESEARCH_SHORT,-0.007164496847621438,0.010061440765329265,-0.005217913585344847
2025-08-26,RESEARCH_SHORT,-0.003656232026949313,0.007875314394095575,-0.017157232704402503
2025-08-27,RESEARCH_LONG,0.03363332910804062,0.006744880022891714,0.015997747517149552
2025-08-28,RESEARCH_LONG,0.015763877242998436,0.008956579164602938,-0.021338775098883933
2025-08-29,RESEARCH_LONG,0.02176842105263166,0.008530102608480652,-0.009666374916336262
2025-09-01,RESEARCH_SHORT,-0.010020205352356593,0.016577807397534155,0.006251543390390024
2025-09-02,RESEARCH_SHORT,-0.011874819609945186,0.015439182140621741,0.006419364005063155
2025-09-03,RESEARCH_SHORT,-0.019049176307076032,0.008126015751968996,0.006237246371231686
2025-09-04,RESEARCH_SHORT,-0.003962357602773636,0.0104425658876181,-0.014004208915247784
2025-09-05,RESEARCH_LONG,0.006263650224584749,0.005856095663213072,0.005782141332608903
2025-09-08,RESEARCH_LONG,0.022617460846384496,0.006354119995112216,-0.005684595004758597
2025-09-09,RESEARCH_LONG,0.03492593365324437,0.007176840577372792,0.027602442052980125
2025-09-10,RESEARCH_LONG,0.049214485143976416,0.011239971403606323,0.02055484228280835
2025-09-11,RESEARCH_LONG,0.045914138902701795,0.011410459587955626,-0.009558578670185836
2025-09-12,RESEARCH_LONG,0.042589786641549665,0.004556345496680938,-0.08853855349671247
2025-09-15,RESEARCH_LONG,0.032666693821025605,0.007139194572634402,-0.4435336229745608
2025-09-16,RESEARCH_LONG,0.03334408515442311,0.009871629794373562,-0.4980603977412227
2025-09-17,RESEARCH_LONG,0.01159742632456906,0.006085590891244602,2.307963216591665
2025-09-18,RESEARCH_LONG,0.01858161648177492,0.009996499280407639,0.05772756846276694
2025-09-19,RESEARCH_LONG,0.008327114183589224,0.008453118304701803,0.0034390202986076535
2025-09-22,RESEARCH_LONG,0.021220368398217282,0.0097331118921633,0.006603694725403342
2025-09-23,RESEARCH_LONG,0.025127784931132657,0.011608876032428729,0.01097547472734317
2025-09-24,RESEARCH_LONG,0.03011385944248146,0.012234630483668102,-0.029105346019576928
2025-09-25,RESEARCH_LONG,0.015091991131510385,0.0075104418132352375,-0.0232659794977369
2025-09-26,RESEARCH_SHORT,-7.790892446735143e-05,0.019128131208851144,-0.003984466355801297
2025-09-30,RESEARCH_LONG,0.002433277973040715,0.009593896894505663,-0.00552229936370352
2025-10-01,RESEARCH_SHORT,-0.0086781106078484,0.014398157035899405,-0.006252550574243565
2025-10-02,RESEARCH_LONG,0.007394138049319654,0.005523816730354508,0.02378892099203611
2025-10-03,RESEARCH_LONG,0.024830440280491972,0.014058702561226398,0.021187594011890187
2025-10-07,RESEARCH_LONG,0.06439674315321975,0.01321279554937413,0.005106335222490266
2025-10-08,RESEARCH_LONG,0.04388533559374275,0.00793562912929539,-0.024383095131755295
2025-10-09,RESEARCH_LONG,0.04952966020349403,0.006658130601792573,-0.03178781419436061
2025-10-13,RESEARCH_LONG,0.017895652831901865,0.020628902765388046,-0.38787511635810223
2025-10-14,RESEARCH_SHORT,-0.0010095344924284655,0.027472116176360507,-0.5269865791252293
2025-10-15,RESEARCH_SHORT,-0.0012444184173925343,0.017553503371445324,2.1265054092671973
2025-10-16,RESEARCH_LONG,0.026907319233750338,0.015347566673855223,0.06073416357908834
2025-10-17,RESEARCH_SHORT,-0.0002560819462228414,0.011014344262295082,0.007170554563919573
2025-10-20,RESEARCH_LONG,0.032671721677073995,0.014109347442680775,0.019540440614782995
2025-10-21,RESEARCH_LONG,0.04173216558125614,0.008551000610785758,0.00935069605742278
2025-10-22,RESEARCH_LONG,0.015244796247434689,0.009781980941380306,-0.04906691212494618
2025-10-23,RESEARCH_SHORT,-0.009560779239450756,0.011467556974887503,-0.012068319490414092
2025-10-27,RESEARCH_LONG,0.032823477751756425,0.0075110717449069974,0.01700406137897259
2025-10-28,RESEARCH_LONG,0.007882518086599788,0.009499321477037354,0.00239297645870562
2025-10-29,RESEARCH_LONG,0.020802644343046017,0.008552724201041813,0.024895750980483244
2025-10-30,RESEARCH_LONG,0.025050534218885367,0.013064300302838228,-0.012569008545715743
2025-10-31,RESEARCH_LONG,0.03175352010451449,0.007386303682599979,0.016328656332332603
2025-11-03,RESEARCH_LONG,0.004074402125775034,0.012491178546224418,0.011032403918613376
2025-11-04,RESEARCH_LONG,0.004106849510749244,0.017107088238432266,-0.00043230672907779155
2025-11-05,RESEARCH_SHORT,-0.021364212304660013,0.015644668225139362,0.01443634140157779
2025-11-06,RESEARCH_SHORT,-0.012817804070709204,0.008489691089391453,-0.005807030181855577
2025-11-07,RESEARCH_SHORT,-0.024656185150012333,0.008727010457987738,-0.005589566143199387
2025-11-10,RESEARCH_SHORT,-0.011432604093154497,0.011457738435179898,-0.0007137758743754885
2025-11-11,RESEARCH_SHORT,-0.011985631468506619,0.015046796256299497,-0.008928571428571397
2025-11-12,RESEARCH_LONG,0.008955223880596996,0.007842018963427675,0.015345345345345374
2025-11-13,RESEARCH_SHORT,-0.001926232432046815,0.008649035025017869,-0.028171305196533658
2025-11-14,RESEARCH_SHORT,-0.011864406779661052,0.008393854238896391,0.018610100887137326
2025-11-17,RESEARCH_SHORT,-0.01916761850371218,0.008188070890498198,-0.42351359426351953
2025-11-18,RESEARCH_SHORT,-0.03509719222462204,0.019623204626002613,-0.5071002850479398
2025-11-19,RESEARCH_SHORT,-0.0520068439438226,0.01353637901861252,2.49192997213606
2025-11-20,RESEARCH_SHORT,-0.01779842744817728,0.010588748999345025,0.008882866606443773
2025-11-21,RESEARCH_SHORT,-0.033392941863435666,0.014082911726950087,0.07655573794955983
2025-11-24,RESEARCH_SHORT,-0.031442192219513054,0.0072891226751831675,0.007637926254505212
2025-11-25,RESEARCH_LONG,0.004775228502145179,0.01232688523372814,-0.015311386554043849
2025-11-26,RESEARCH_LONG,0.027599172776837655,0.009184382889970361,0.05447204448294163
2025-11-27,RESEARCH_LONG,0.0036751328142057282,0.006815792335859044,-0.02951892629542774
2025-11-28,RESEARCH_LONG,0.047496790757381335,0.010668973471741637,0.007768024136848295
2025-12-01,RESEARCH_LONG,0.02964493706556448,0.009962049335863378,-0.03453087322875181
2025-12-02,RESEARCH_LONG,0.023317120261389324,0.009469903123979537,-0.008180274733755155
2025-12-03,RESEARCH_LONG,0.01569761059680186,0.007133078752071475,0.005248564072093398
2025-12-04,RESEARCH_LONG,0.00783091034332739,0.007554228569372999,0.0032790576579366792
2025-12-05,RESEARCH_LONG,0.009803921568627416,0.009137635636778984,0.02805442558563609
2025-12-08,RESEARCH_LONG,0.03218508246971252,0.009863536731952203,0.015895756583435672
2025-12-09,RESEARCH_LONG,0.023910598309204945,0.005527994330262225,-0.014438251292727133
2025-12-10,RESEARCH_LONG,0.023056416168311777,0.006408902035354602,0.009498500953938338
2025-12-11,RESEARCH_LONG,0.011187452786071361,0.019316969050160084,-0.012298014228438015
2025-12-12,RESEARCH_LONG,0.009851513420902291,0.006538950940195108,-0.04996856463384636
2025-12-15,RESEARCH_SHORT,-0.01339885455702472,0.008205826495144588,-0.33013954826643643
2025-12-16,RESEARCH_SHORT,-0.021119773210488968,0.010063712713582392,-0.569799407241957
2025-12-17,RESEARCH_SHORT,-0.024860905697584368,0.009641773797486639,2.31146722580001
2025-12-18,RESEARCH_SHORT,-0.01846318036286021,0.008046101989779276,0.06951396007959953
2025-12-19,RESEARCH_SHORT,-0.014067580941608981,0.006739800673980068,0.012742624360402077
2025-12-22,RESEARCH_LONG,0.015551653706955326,0.006986344871387742,0.01938842262029028
2025-12-23,RESEARCH_LONG,0.028562119895742866,0.0033787350860521592,-0.004082468596395383
2025-12-24,RESEARCH_LONG,0.028166979633106992,0.006216633885923012,0.01735649360441993
2025-12-26,RESEARCH_LONG,0.03921568627450989,0.006207930805984725,0.023677011602678988
2025-12-29,RESEARCH_LONG,0.03785760378576031,0.009844559585492229,0.01694223579590326
2025-12-30,RESEARCH_LONG,0.019053667831057552,0.008206087046847409,-0.029087002110005034
2025-12-31,RESEARCH_LONG,0.021222679759265173,0.009339674662255307,-0.028651805237054018
2026-01-02,RESEARCH_LONG,0.03515734756954192,0.016082516201268958,0.029675382609292367
2026-01-05,RESEARCH_LONG,0.05719666585289307,0.021014086365585723,0.0087580148499673
2026-01-06,RESEARCH_LONG,0.05758203799654571,0.015971519090701245,-0.00273541771282082
2026-01-07,RESEARCH_LONG,0.056611613171289044,0.007471490365709791,-0.016245511283077385
2026-01-08,RESEARCH_LONG,0.049696719051557814,0.010177949963884693,-0.02237308225912904
2026-01-09,RESEARCH_LONG,0.03335255997014208,0.018814026792750196,-0.004491595480848765
2026-01-12,RESEARCH_LONG,0.012799788869461981,0.006775023614865965,-0.01309270075013147
2026-01-13,RESEARCH_LONG,0.00839402946075718,0.020275960354991254,0.017136927133000412
2026-01-14,RESEARCH_LONG,0.015270677677283961,0.007262281324640114,0.03994209292706463
2026-01-15,RESEARCH_LONG,0.019436601221354044,0.010080515297906602,0.004043644848661598
2026-01-16,RESEARCH_LONG,0.03342526924087208,0.012041685200482937,-0.07426187080758462
2026-01-19,RESEARCH_LONG,0.03152991759226076,0.017872367299251634,-0.33432703828379073
2026-01-20,RESEARCH_LONG,0.02584699099565979,0.013071482697650922,-0.5071889262679723
2026-01-21,RESEARCH_LONG,0.016202956555419368,0.013498920086393088,1.8429062133136225
2026-01-22,RESEARCH_LONG,0.025990338164251225,0.008600935430203722,0.01638015416615679
2026-01-23,RESEARCH_LONG,0.021573362140179242,0.009112679998755948,0.012053269129486122
2026-01-26,RESEARCH_LONG,0.014998894818276653,0.004510950721752115,-0.018541096705126714
2026-01-27,RESEARCH_LONG,0.026427128062642025,0.01002799224830047,0.024011877168264917
2026-01-28,RESEARCH_LONG,0.0458328039639182,0.008199957481701946,0.013211231766133036
2026-01-29,RESEARCH_LONG,0.028879053269297073,0.013027427769472496,0.03165564267671228
2026-01-30,RESEARCH_LONG,0.0029235219108636468,0.013458616305392749,-0.0101903616163046
2026-02-02,RESEARCH_SHORT,-0.016612742658038804,0.01809553938627017,0.0344033745620933
2026-02-03,RESEARCH_SHORT,-0.007628656679688706,0.013700753231455937,-0.006745828783124352
2026-02-04,RESEARCH_SHORT,-0.015306587299176999,0.013601455756715912,-0.0007097824725481594
2026-02-05,RESEARCH_SHORT,-0.02654300271531862,0.011533519290437834,0.003063981504693558
2026-02-06,RESEARCH_SHORT,-0.01364468012528297,0.02084446819882416,-0.06681291827497149
2026-02-09,RESEARCH_LONG,0.032932616260676895,0.009831245597378335,-0.054262758518077714
2026-02-10,RESEARCH_LONG,0.032423049502495305,0.012910199057255232,-0.3099287321240344
2026-02-11,RESEARCH_LONG,0.03910804058847117,0.01694814638924342,-0.482251555981123
2026-02-23,RESEARCH_LONG,0.06437458864825896,0.0197579576573128,2.1476442095992954
2026-02-24,RESEARCH_LONG,0.09494765303235142,0.02457863152152066,0.10778786564637755
2026-02-25,RESEARCH_LONG,0.08694986371014668,0.020061989292758525,0.02473859675708434
2026-02-26,RESEARCH_LONG,0.06896448194073312,0.011431299853948994,0.011620885553378368
2026-03-31,RESEARCH_SHORT,-0.0508147576504111,0.020169486225335376,-0.12883420635887444
2026-04-01,RESEARCH_SHORT,-0.016460057124348504,0.01511885515837375,0.045641412870207176
2026-04-02,RESEARCH_SHORT,-0.06718924972004481,0.03696863360728907,-0.04735349969242286
2026-04-07,RESEARCH_SHORT,-0.06568047337278105,0.012726559908320516,0.0044218594269831435
2026-04-08,RESEARCH_SHORT,-0.017076732951353812,0.01677334552520288,0.041312611806797905
2026-04-09,RESEARCH_LONG,0.09234184933862855,0.01016260162601626,-0.024386643045042122
2026-04-10,RESEARCH_LONG,0.0648164780552063,0.010262321815165744,-0.02125435060736547
2026-04-13,RESEARCH_LONG,0.09142118385815867,0.012042756014327213,-0.4599696398954263
2026-04-14,RESEARCH_LONG,0.0971681896317742,0.012094225007558891,-0.5615939199916713
2026-04-15,RESEARCH_LONG,0.056606469310778396,0.01216972712767396,3.3457611018760387
2026-04-16,RESEARCH_LONG,0.07766517806023132,0.015407092575375215,0.05385245901639335
2026-04-17,RESEARCH_LONG,0.042623780470661066,0.00957311975837985,0.019250213891265355
2026-04-20,RESEARCH_LONG,0.05068110669261361,0.013287163794491866,0.01098859170513955
2026-04-21,RESEARCH_LONG,0.04582062065363779,0.01345668629100084,0.03316098677837753
2026-04-22,RESEARCH_LONG,0.0332368769775806,0.011621211328063655,-0.008596442095778478
2026-04-23,RESEARCH_LONG,0.006109709124717755,0.04433003300330033,-0.038945726532467084
2026-04-24,RESEARCH_LONG,0.05773535043011613,0.024882724862329186,0.020025559105431245
2026-04-27,RESEARCH_LONG,0.0707038170397809,0.015568592057761732,0.0012653945901248687
2026-04-28,RESEARCH_LONG,0.04470668629100083,0.017258295806183804,-0.0014264621236768082
2026-04-29,RESEARCH_LONG,0.03360728681358949,0.016890351987845022,0.00017542980301743505
2026-04-30,RESEARCH_LONG,0.03920792079207924,0.01707317073170732,-0.0011651507178831455
2026-05-04,RESEARCH_LONG,0.04606873342851325,0.022105237503351124,0.036299780495453016
2026-05-05,RESEARCH_LONG,0.028755515443241064,0.007286462775679298,0.014633437829070894
2026-05-06,RESEARCH_LONG,0.04412689627412014,0.02329952051658916,0.009352483657012023
2026-05-07,RESEARCH_LONG,0.07217016966320577,0.01093528578176665,0.02308183236420369
2026-05-08,RESEARCH_LONG,0.06547256097560972,0.0191716145647042,0.03491018309940497
2026-05-11,RESEARCH_LONG,0.022275840218371368,0.010871379187030634,-6.697400292454692e-05
2026-05-12,RESEARCH_LONG,0.01608383087608134,0.018131670464084423,-0.021321485582880273
2026-05-13,RESEARCH_SHORT,-0.0008192178878635437,0.014950927198630302,-0.010128776904563708
2026-05-14,RESEARCH_SHORT,-0.01743032593292393,0.017811643670977356,-0.035917172718159085
2026-05-15,RESEARCH_SHORT,-0.022056894866108734,0.03603823271237686,-0.09751870532832929
2026-05-18,RESEARCH_SHORT,-0.027130766479914192,0.020119097213713334,-0.43190697551220414
2026-05-19,RESEARCH_SHORT,-0.03470440100731498,0.01846054462333532,-0.6024711504837393
2026-05-20,RESEARCH_SHORT,-0.03219272227447012,0.013430009468281257,3.703905700211119
2026-05-21,RESEARCH_SHORT,-0.003100812460939406,0.01709545969667012,0.01764097193651737
2026-05-22,RESEARCH_LONG,0.034867843557983,0.016775835257527922,0.00591723225442875
2026-05-25,RESEARCH_LONG,0.07523219055554198,0.023839369145566013,0.049349036037462435
2026-05-26,RESEARCH_LONG,0.0905635062611807,0.015059348871118402,0.017490511948561327
2026-05-27,RESEARCH_LONG,0.11621069417451535,0.021496495379258,0.012809691107359633
2026-05-28,RESEARCH_LONG,0.05712150073541822,0.04310934720131381,0.04542127017377884
2026-05-29,RESEARCH_LONG,0.06698553319824696,0.018019211659489897,-0.009297164526415602
2026-06-01,RESEARCH_LONG,0.04918294322765915,0.023025958509829476,0.032633398940855374
2026-06-02,RESEARCH_LONG,0.049985191260565554,0.019419793000195282,0.0147743307849455
2026-06-03,RESEARCH_LONG,0.046207419974106045,0.009473414696594691,0.004348051678513931
2026-06-04,RESEARCH_LONG,0.055928105469641,0.009655678921674515,0.01856711853198867
2026-06-05,RESEARCH_SHORT,-0.0016340951750027921,0.024993917409479992,-0.02613079599517143
2026-06-08,RESEARCH_SHORT,-0.06419028999674159,0.03319405756731662,-0.04759127128795371
2026-06-09,RESEARCH_SHORT,-0.030854687872935993,0.02682189633941565,-0.051752045146331915
2026-06-10,RESEARCH_SHORT,-0.07352564649654347,0.031205379761411266,-0.04393107584425171
2026-06-11,RESEARCH_SHORT,-0.06594807102432276,0.03374112532087602,-0.060232824657699524
2026-06-12,RESEARCH_SHORT,-0.022627236734423017,0.02005069249570019,-0.08390028497342816
2026-06-15,RESEARCH_LONG,0.05803156917363039,0.012395787626151821,-0.38047529635961097
2026-06-16,RESEARCH_LONG,0.024784506884585333,0.016057851961898104,-0.5135367425870219
2026-06-17,RESEARCH_LONG,0.060084749666067916,0.018465816514957312,3.188488004463456
2026-06-18,RESEARCH_LONG,0.0815892324414329,0.011075712544634266,0.029971360699775795
2026-06-22,RESEARCH_LONG,0.095614193898796,0.022824447978848656,0.049350117474618926
2026-06-23,RESEARCH_LONG,0.04071961386573064,0.027552913399106163,0.036193704103117064
2026-06-24,RESEARCH_LONG,0.013436161845669758,0.025201026149567766,0.03152970095847918
2026-06-25,RESEARCH_LONG,0.011144663379027087,0.01946545204537642,-0.028173344864033778
2026-06-26,RESEARCH_SHORT,-0.051230515940045795,0.03736506434092804,-0.0006426862306947445
2026-06-29,RESEARCH_SHORT,-0.059137008654700174,0.027749725576289793,-0.0015236512223838483
2026-06-30,RESEARCH_SHORT,-0.014883211063327462,0.020564947571153434,0.031966230343146496
2026-07-01,RESEARCH_LONG,0.018194752840235306,0.016938027990091253,0.00849776753564746
2026-07-02,RESEARCH_LONG,0.001181677552423599,0.02590184338719715,-0.004950966390555034
2026-07-03,RESEARCH_LONG,0.0584364365717891,0.03142698973725674,-0.013099224954549848
2026-07-06,RESEARCH_LONG,0.029330406147091148,0.020603165123917588,-0.02201840199338767
2026-07-07,RESEARCH_SHORT,-0.020436550395891317,0.03469142545057346,-0.007038762763953654
2026-07-08,RESEARCH_SHORT,-0.03529461582435267,0.015801948907031866,-0.0388079073482428
2026-07-09,RESEARCH_SHORT,-0.019764372626022042,0.018104995840448355,-0.051239703759101696
2026-07-13,RESEARCH_SHORT,-0.028722905931950815,0.024705701821689283,-0.41833807751259033
2026-07-14,RESEARCH_SHORT,-0.04417096787953756,0.03597009929711034,-0.6223907846938583
2026-07-15,RESEARCH_LONG,0.006007646095030017,0.016568946796959826,4.0458578406938495
2026-07-16,RESEARCH_LONG,0.0029848125713283213,0.02312910284463895,0.05372913168033189
2026-07-17,RESEARCH_SHORT,-0.06464818950041595,0.04645991808074897,0.039327264716084276
2026-07-20,RESEARCH_SHORT,-0.06523883639871098,0.024460026734832673,-0.03482645403377116
2026-07-21,RESEARCH_SHORT,-0.009773513332589578,0.027198774139757083,-0.0007756791865648482
2026-07-22,RESEARCH_SHORT,-0.03081433224755703,0.016826869216463893,-0.027347549569771812
2026-07-23,RESEARCH_SHORT,-0.016849015317286664,0.019897618517694192,-0.008644563252432791
2026-07-24,RESEARCH_LONG,0.027618490345231228,0.019564969821204873,-0.0066151294412059025
2026-07-27,RESEARCH_LONG,0.0296897352313501,0.02065729838066823,0.015183322755455642
2026-07-28,RESEARCH_SHORT,-0.06228451675417446,0.02669838752312979,0.009839376743291384
2026-07-29,RESEARCH_SHORT,-0.09497882637628552,0.06506238859180036,0.03346889792652852
2026-07-30,RESEARCH_SHORT,-0.10371689294458042,0.038862676930717654,0.001225727372427654
2026-07-31,RESEARCH_SHORT,-0.005170253957408,0.03768487568112093,0.02450294550810006
2026-08-03,RESEARCH_SHORT,-0.015418953697588056,0.01959287531806616,-0.015390559019604289
2026-08-04,RESEARCH_LONG,0.0419099800543099,0.028530571764651614,-0.027256385221144486
2026-08-05,RESEARCH_LONG,0.10204991087344029,0.015815249135103564,-0.0033301438997391797
2026-08-06,RESEARCH_LONG,0.09957784951576865,0.01470189701897019,0.00545897766525183
2026-08-07,RESEARCH_LONG,0.015362425019460613,0.01851225506775801,-0.03882913495651852
2026-08-10,RESEARCH_LONG,0.04064307194078176,0.012247982750572388,-0.007460142775056244
2026-08-11,RESEARCH_LONG,0.039970477662199855,0.013972055888223553,-0.028249585430710544
2026-08-12,RESEARCH_LONG,0.022779350316754376,0.008895624670532419,-0.03759314982733197
2026-08-13,RESEARCH_LONG,0.03895663956639561,0.008912074774481034,-0.028747993411043837
2026-08-14,RESEARCH_LONG,0.03364224672484162,0.01732073907637268,-0.08892633762193347
2026-08-17,RESEARCH_LONG,0.02002800809122629,0.008760460251046025,-0.3933174450728607
2026-08-18,RESEARCH_SHORT,-0.0001108893324461846,0.0201175557280692,-0.5946997087966854
2026-08-19,RESEARCH_SHORT,-0.02196450535933936,0.012935680919870643,3.8413058154113218
2026-08-20,RESEARCH_SHORT,-0.024714704923377906,0.01502184184719622,0.022121734280222016
2026-08-21,RESEARCH_SHORT,-0.015117471259353032,0.016124745282183044,-0.0027090235821477515
2026-08-24,RESEARCH_SHORT,-0.024538005578800592,0.015258478173450695,0.002110570440288395
2026-08-25,RESEARCH_SHORT,-0.0012864589109460312,0.021076243143003087,0.0015600928255230517
2026-08-26,RESEARCH_LONG,0.03330488681279187,0.02525483036665145,0.03304192059814248
2026-08-27,RESEARCH_LONG,0.02696799500757785,0.011089891054299231,-0.011600949939686411
2026-08-28,RESEARCH_LONG,0.026778594843625436,0.00787367603598162,0.006979338488382059
2026-08-31,RESEARCH_LONG,0.02727760153701797,0.014026922993280126,-0.011400111728669726
2026-09-01,RESEARCH_LONG,0.04845981300108826,0.026117901247643457,-0.000392686454232849
2026-09-02,RESEARCH_LONG,0.003868640107800303,0.013314858516096905,0.010070136440288202
2026-09-03,RESEARCH_SHORT,-0.005230261730109764,0.01653685886947226,-0.018080232216203918
2026-09-04,RESEARCH_LONG,0.007485385162974367,0.014966598150051387,0.005786712780037284
2026-09-07,RESEARCH_LONG,0.032338037970554234,0.01009058352643775,-0.004024512063931174
2026-09-08,RESEARCH_SHORT,-0.004850769980300318,0.01402724563644104,-0.014706875102465933
2026-09-09,RESEARCH_LONG,0.021606876096040173,0.011401445313327823,-0.036205073995771664
2026-09-10,RESEARCH_LONG,0.022536378907869192,0.009473010454448474,-0.035330916328996986
2026-09-11,RESEARCH_SHORT,-0.010405960945529258,0.012116491410273053,-0.06870196862827671
2026-09-14,RESEARCH_SHORT,-0.03560143248367387,0.01564001747487986,-0.4640079580394285
2026-09-15,RESEARCH_SHORT,-0.029225202213707946,0.009910759313263314,-0.60357263371014
2026-09-16,RESEARCH_SHORT,-0.02350223578527988,0.012240114588306783,4.101665159333936
2026-09-17,RESEARCH_SHORT,-0.009067633880947334,0.014231887178383034,0.037332109785600975
2026-09-18,RESEARCH_LONG,0.025963910164870763,0.011957484499557131,0.02429731794603729
2026-09-21,RESEARCH_LONG,0.050174748798601954,0.012375980198431683,-0.0038373587979547708
2026-09-22,RESEARCH_LONG,0.057798145021597636,0.018904296996455443,0.014226320663632164
2026-09-23,RESEARCH_LONG,0.049003863014887905,0.00827540549486925,0.0035455481514581333
2026-09-24,RESEARCH_LONG,0.036128754440736266,0.009932880327494129,-0.01935902275653123
2026-09-29,RESEARCH_LONG,0.0073600742334134495,0.011807314673310025,0.007027864693863517
2026-09-30,RESEARCH_LONG,0.005262391580173498,0.008607490171735982,0.032698509159699185
2026-10-01,RESEARCH_LONG,0.009161950956615428,0.011317654308308514,0.021336573050237728
