forecastDate,targetDate,researchDirection,probability,naiveProbability,outcome,decisionAlignedReturn,trainingSampleCount,fitCutoff,provenance
2025-02-06,2025-02-07,RESEARCH_SHORT,0.43137282310058056,0.36666666666666664,0,-0.006054100472305812,30,2025-02-05,HISTORICAL_RESEARCH_AS_OF_OOS
2025-02-07,2025-02-10,RESEARCH_SHORT,0.366235945490824,0.3548387096774194,1,0.007895523025052253,31,2025-02-06,HISTORICAL_RESEARCH_AS_OF_OOS
2025-02-10,2025-02-11,RESEARCH_LONG,0.40735703238137017,0.34375,1,0.0038286156758151613,32,2025-02-07,HISTORICAL_RESEARCH_AS_OF_OOS
2025-02-11,2025-02-12,RESEARCH_LONG,0.4082501658621898,0.36363636363636365,0,-0.0008570816370259138,33,2025-02-10,HISTORICAL_RESEARCH_AS_OF_OOS
2025-02-12,2025-02-13,RESEARCH_LONG,0.38121069378204503,0.38235294117647056,1,0.003602830795625067,34,2025-02-11,HISTORICAL_RESEARCH_AS_OF_OOS
2025-02-13,2025-02-14,RESEARCH_LONG,0.38510303358287257,0.37142857142857144,0,-0.009402111201333385,35,2025-02-12,HISTORICAL_RESEARCH_AS_OF_OOS
2025-02-14,2025-02-17,RESEARCH_SHORT,0.3545087268309921,0.3888888888888889,0,-0.014021312394840058,36,2025-02-13,HISTORICAL_RESEARCH_AS_OF_OOS
2025-02-17,2025-02-18,RESEARCH_LONG,0.34029640697848623,0.3783783783783784,1,0.006169162695711439,37,2025-02-14,HISTORICAL_RESEARCH_AS_OF_OOS
2025-02-18,2025-02-19,RESEARCH_LONG,0.3741676507166336,0.3684210526315789,0,-0.001691403442006023,38,2025-02-17,HISTORICAL_RESEARCH_AS_OF_OOS
2025-02-19,2025-02-20,RESEARCH_LONG,0.6115243604973085,0.38461538461538464,0,-0.0030073277140073573,39,2025-02-18,HISTORICAL_RESEARCH_AS_OF_OOS
2025-02-20,2025-03-24,RESEARCH_LONG,0.4016305800395877,0.375,0,-0.058543631574475286,40,2025-02-19,HISTORICAL_RESEARCH_AS_OF_OOS
2025-03-24,2025-03-25,RESEARCH_SHORT,0.2549716557338612,0.36585365853658536,0,-0.006227436823104782,41,2025-02-20,HISTORICAL_RESEARCH_AS_OF_OOS
2025-03-25,2025-03-26,RESEARCH_SHORT,0.24063623384111657,0.35714285714285715,0,-0.0003139295004035425,42,2025-03-24,HISTORICAL_RESEARCH_AS_OF_OOS
2025-03-26,2025-03-27,RESEARCH_SHORT,0.21049933604198087,0.3488372093023256,1,0.015108720017933175,43,2025-03-25,HISTORICAL_RESEARCH_AS_OF_OOS
2025-03-27,2025-03-28,RESEARCH_SHORT,0.15756027125869418,0.3409090909090909,1,0.016615076474872592,44,2025-03-26,HISTORICAL_RESEARCH_AS_OF_OOS
2025-03-28,2025-03-31,RESEARCH_SHORT,0.229718071051933,0.35555555555555557,1,0.03860574920149984,45,2025-03-27,HISTORICAL_RESEARCH_AS_OF_OOS
2025-03-31,2025-04-01,RESEARCH_SHORT,0.2882701389015633,0.3695652173913043,0,-0.019837257451008616,46,2025-03-28,HISTORICAL_RESEARCH_AS_OF_OOS
2025-04-01,2025-04-02,RESEARCH_SHORT,0.334943097914883,0.3829787234042553,0,-0.005807091261035735,47,2025-03-31,HISTORICAL_RESEARCH_AS_OF_OOS
2025-04-02,2025-04-07,RESEARCH_SHORT,0.4788915549710748,0.375,1,0.10030980097634246,48,2025-04-01,HISTORICAL_RESEARCH_AS_OF_OOS
2025-04-07,2025-04-08,RESEARCH_SHORT,0.7667543089106608,0.3673469387755102,1,0.05097302655605984,49,2025-04-02,HISTORICAL_RESEARCH_AS_OF_OOS
2025-04-08,2025-04-09,RESEARCH_SHORT,0.06184053980327768,0.38,1,0.0542056074766355,50,2025-04-07,HISTORICAL_RESEARCH_AS_OF_OOS
2025-04-09,2025-04-10,RESEARCH_SHORT,0.002677725177826584,0.39215686274509803,0,-0.09869797721460127,51,2025-04-08,HISTORICAL_RESEARCH_AS_OF_OOS
2025-04-10,2025-04-11,RESEARCH_SHORT,0.8000781095278027,0.40384615384615385,0,-0.03290657073325565,52,2025-04-09,HISTORICAL_RESEARCH_AS_OF_OOS
2025-04-11,2025-04-14,RESEARCH_SHORT,0.08913053571983269,0.39622641509433965,1,0.0016902274124155348,53,2025-04-10,HISTORICAL_RESEARCH_AS_OF_OOS
2025-04-14,2025-04-15,RESEARCH_LONG,0.20498893017022166,0.3888888888888889,1,0.015750859370991632,54,2025-04-11,HISTORICAL_RESEARCH_AS_OF_OOS
2025-04-15,2025-04-16,RESEARCH_LONG,0.2360684210016504,0.4,0,-0.022477017880593975,55,2025-04-14,HISTORICAL_RESEARCH_AS_OF_OOS
2025-04-16,2025-04-17,RESEARCH_LONG,0.33754582904720376,0.4107142857142857,1,0.000826745207461288,56,2025-04-15,HISTORICAL_RESEARCH_AS_OF_OOS
2025-04-17,2025-04-18,RESEARCH_LONG,0.34904189112976153,0.40350877192982454,0,-0.0020135267695802206,57,2025-04-16,HISTORICAL_RESEARCH_AS_OF_OOS
2025-04-18,2025-04-21,RESEARCH_SHORT,0.3949762830877736,0.41379310344827586,1,0.011950336264873296,58,2025-04-17,HISTORICAL_RESEARCH_AS_OF_OOS
2025-04-21,2025-04-22,RESEARCH_SHORT,0.41042267591814646,0.4067796610169492,1,0.015812346196135918,59,2025-04-18,HISTORICAL_RESEARCH_AS_OF_OOS
2025-04-22,2025-04-23,RESEARCH_SHORT,0.43373135914763905,0.4166666666666667,0,-0.04027238389104637,60,2025-04-21,HISTORICAL_RESEARCH_AS_OF_OOS
2025-04-23,2025-04-24,RESEARCH_LONG,0.41432498846547045,0.4262295081967213,0,-0.004500357983021397,61,2025-04-22,HISTORICAL_RESEARCH_AS_OF_OOS
2025-04-24,2025-04-25,RESEARCH_LONG,0.3996889365468375,0.41935483870967744,1,0.02090825028254395,62,2025-04-23,HISTORICAL_RESEARCH_AS_OF_OOS
2025-04-25,2025-04-28,RESEARCH_LONG,0.3751474560499092,0.4126984126984127,1,0.004629396668847097,63,2025-04-24,HISTORICAL_RESEARCH_AS_OF_OOS
2025-04-28,2025-04-29,RESEARCH_LONG,0.37595666094617364,0.421875,1,0.009466566491359796,64,2025-04-25,HISTORICAL_RESEARCH_AS_OF_OOS
2025-04-29,2025-04-30,RESEARCH_LONG,0.3901241255811985,0.4307692307692308,0,-0.0002480897092388412,65,2025-04-28,HISTORICAL_RESEARCH_AS_OF_OOS
2025-04-30,2025-05-02,RESEARCH_LONG,0.42109940002511453,0.4393939393939394,1,0.02620477443049274,66,2025-04-29,HISTORICAL_RESEARCH_AS_OF_OOS
2025-05-02,2025-05-05,RESEARCH_LONG,0.3963839258977195,0.43283582089552236,0,-0.013203075881414117,67,2025-04-30,HISTORICAL_RESEARCH_AS_OF_OOS
2025-05-05,2025-05-06,RESEARCH_LONG,0.42617169989694886,0.4411764705882353,0,-0.0032836698686532495,68,2025-05-02,HISTORICAL_RESEARCH_AS_OF_OOS
2025-05-06,2025-05-07,RESEARCH_LONG,0.4172078660283403,0.43478260869565216,1,0.002163544278900531,69,2025-05-05,HISTORICAL_RESEARCH_AS_OF_OOS
2025-05-07,2025-05-08,RESEARCH_LONG,0.40828392312404915,0.42857142857142855,1,0.00951866934890333,70,2025-05-06,HISTORICAL_RESEARCH_AS_OF_OOS
2025-05-08,2025-05-09,RESEARCH_LONG,0.41723658591936563,0.43661971830985913,1,0.013268529769137283,71,2025-05-07,HISTORICAL_RESEARCH_AS_OF_OOS
2025-05-09,2025-05-12,RESEARCH_LONG,0.4329329443790554,0.4444444444444444,1,0.010456638526477269,72,2025-05-08,HISTORICAL_RESEARCH_AS_OF_OOS
2025-05-12,2025-05-13,RESEARCH_LONG,0.4359396673024809,0.4520547945205479,1,0.013956137852463746,73,2025-05-09,HISTORICAL_RESEARCH_AS_OF_OOS
2025-05-13,2025-05-14,RESEARCH_LONG,0.4365909358240389,0.4594594594594595,1,0.019101123595505642,74,2025-05-12,HISTORICAL_RESEARCH_AS_OF_OOS
2025-05-14,2025-05-15,RESEARCH_LONG,0.44888952017905087,0.4666666666666667,0,-0.003399485483278175,75,2025-05-13,HISTORICAL_RESEARCH_AS_OF_OOS
2025-05-15,2025-05-16,RESEARCH_LONG,0.46917270544441514,0.47368421052631576,1,0.005854153222089042,76,2025-05-14,HISTORICAL_RESEARCH_AS_OF_OOS
2025-05-16,2025-05-19,RESEARCH_LONG,0.4496976351281536,0.4675324675324675,0,-0.012969158150405558,77,2025-05-15,HISTORICAL_RESEARCH_AS_OF_OOS
2025-05-19,2025-05-20,RESEARCH_LONG,0.44644056923050535,0.47435897435897434,1,4.6429566347816476e-05,78,2025-05-16,HISTORICAL_RESEARCH_AS_OF_OOS
2025-05-20,2025-05-21,RESEARCH_LONG,0.43515424204343045,0.46835443037974683,1,0.006174845628859282,79,2025-05-19,HISTORICAL_RESEARCH_AS_OF_OOS
2025-05-21,2025-05-22,RESEARCH_SHORT,0.5971218462737363,0.475,1,0.00779808047249908,80,2025-05-20,HISTORICAL_RESEARCH_AS_OF_OOS
2025-05-22,2025-05-23,RESEARCH_SHORT,0.4841663879028467,0.48148148148148145,1,0.00153466958098869,81,2025-05-21,HISTORICAL_RESEARCH_AS_OF_OOS
2025-05-23,2025-05-26,RESEARCH_SHORT,0.48195481819754216,0.4878048780487805,1,0.003959012575686982,82,2025-05-22,HISTORICAL_RESEARCH_AS_OF_OOS
2025-05-26,2025-05-27,RESEARCH_SHORT,0.49266727484355455,0.4939759036144578,1,0.007107785831190094,83,2025-05-23,HISTORICAL_RESEARCH_AS_OF_OOS
2025-05-27,2025-05-28,RESEARCH_SHORT,0.4953050569559895,0.5,0,-0.0008948335138698749,84,2025-05-26,HISTORICAL_RESEARCH_AS_OF_OOS
2025-05-28,2025-05-29,RESEARCH_SHORT,0.4969425167466362,0.5058823529411764,0,-0.0031996988518727676,85,2025-05-27,HISTORICAL_RESEARCH_AS_OF_OOS
2025-05-29,2025-06-02,RESEARCH_SHORT,0.49036581943898105,0.5,1,0.021294559099437116,86,2025-05-28,HISTORICAL_RESEARCH_AS_OF_OOS
2025-06-02,2025-06-03,RESEARCH_SHORT,0.4930414411391448,0.4942528735632184,0,-0.005032109652065575,87,2025-05-29,HISTORICAL_RESEARCH_AS_OF_OOS
2025-06-03,2025-06-04,RESEARCH_SHORT,0.4938100237688855,0.5,0,-0.024366982976491425,88,2025-06-02,HISTORICAL_RESEARCH_AS_OF_OOS
2025-06-04,2025-06-05,RESEARCH_LONG,0.4885359998351326,0.4943820224719101,1,0.003305092635695006,89,2025-06-03,HISTORICAL_RESEARCH_AS_OF_OOS
2025-06-05,2025-06-06,RESEARCH_LONG,0.48769235216819257,0.4888888888888889,1,0.001159931332065156,90,2025-06-04,HISTORICAL_RESEARCH_AS_OF_OOS
2025-06-06,2025-06-09,RESEARCH_LONG,0.4962976964635517,0.4945054945054945,1,0.006905181203077149,91,2025-06-05,HISTORICAL_RESEARCH_AS_OF_OOS
2025-06-09,2025-06-10,RESEARCH_LONG,0.5030538469961675,0.5,1,0.017765913379665932,92,2025-06-06,HISTORICAL_RESEARCH_AS_OF_OOS
2025-06-10,2025-06-11,RESEARCH_LONG,0.49505937281854945,0.5053763440860215,1,0.01076289965178856,93,2025-06-09,HISTORICAL_RESEARCH_AS_OF_OOS
2025-06-11,2025-06-12,RESEARCH_LONG,0.5200699009021483,0.5106382978723404,0,-0.004429332020938648,94,2025-06-10,HISTORICAL_RESEARCH_AS_OF_OOS
2025-06-12,2025-06-13,RESEARCH_LONG,0.5303499201222776,0.5157894736842106,0,-0.014021211576487502,95,2025-06-11,HISTORICAL_RESEARCH_AS_OF_OOS
2025-06-13,2025-06-16,RESEARCH_LONG,0.5059720547542562,0.5104166666666666,1,0.004193254329990959,96,2025-06-12,HISTORICAL_RESEARCH_AS_OF_OOS
2025-06-16,2025-06-17,RESEARCH_LONG,0.4752059780430391,0.5051546391752577,1,0.005764342774146725,97,2025-06-13,HISTORICAL_RESEARCH_AS_OF_OOS
2025-06-17,2025-06-18,RESEARCH_LONG,0.47313655640334185,0.5102040816326531,0,-0.010334401371903112,98,2025-06-16,HISTORICAL_RESEARCH_AS_OF_OOS
2025-06-18,2025-06-19,RESEARCH_SHORT,0.7189579441034633,0.5151515151515151,1,0.010305517555859511,99,2025-06-17,HISTORICAL_RESEARCH_AS_OF_OOS
2025-06-19,2025-06-20,RESEARCH_SHORT,0.5028814088734834,0.51,1,0.002349797272392151,100,2025-06-18,HISTORICAL_RESEARCH_AS_OF_OOS
2025-06-20,2025-06-23,RESEARCH_SHORT,0.5038415557327232,0.5148514851485149,1,0.008312935851845005,101,2025-06-19,HISTORICAL_RESEARCH_AS_OF_OOS
2025-06-23,2025-06-24,RESEARCH_SHORT,0.5083938819774492,0.5196078431372549,0,-0.022633074093047156,102,2025-06-20,HISTORICAL_RESEARCH_AS_OF_OOS
2025-06-24,2025-06-25,RESEARCH_SHORT,0.520759551825331,0.5242718446601942,0,-0.009107882872626316,103,2025-06-23,HISTORICAL_RESEARCH_AS_OF_OOS
2025-06-25,2025-06-26,RESEARCH_LONG,0.5217367269418156,0.5192307692307693,0,-0.0018953923913533899,104,2025-06-24,HISTORICAL_RESEARCH_AS_OF_OOS
2025-06-26,2025-06-27,RESEARCH_LONG,0.5179313548723196,0.5142857142857142,1,0.00018085635484021978,105,2025-06-25,HISTORICAL_RESEARCH_AS_OF_OOS
2025-06-27,2025-06-30,RESEARCH_LONG,0.5084554430724157,0.5094339622641509,1,0.001084941910401982,106,2025-06-26,HISTORICAL_RESEARCH_AS_OF_OOS
2025-06-30,2025-07-01,RESEARCH_LONG,0.5178311574957017,0.514018691588785,1,0.009392639421991422,107,2025-06-27,HISTORICAL_RESEARCH_AS_OF_OOS
2025-07-01,2025-07-02,RESEARCH_LONG,0.5139640957784959,0.5185185185185185,1,0.0019236791482126758,108,2025-06-30,HISTORICAL_RESEARCH_AS_OF_OOS
2025-07-02,2025-07-03,RESEARCH_LONG,0.5215620620776755,0.5229357798165137,1,0.012457581711019738,109,2025-07-01,HISTORICAL_RESEARCH_AS_OF_OOS
2025-07-03,2025-07-04,RESEARCH_LONG,0.5329985611081025,0.5272727272727272,0,-0.01058434399117969,110,2025-07-02,HISTORICAL_RESEARCH_AS_OF_OOS
2025-07-04,2025-07-07,RESEARCH_LONG,0.5281451822390326,0.5315315315315315,0,-0.004412747938489003,111,2025-07-03,HISTORICAL_RESEARCH_AS_OF_OOS
2025-07-07,2025-07-08,RESEARCH_LONG,0.5236428815850022,0.5267857142857143,0,-0.0038055157593123168,112,2025-07-04,HISTORICAL_RESEARCH_AS_OF_OOS
2025-07-08,2025-07-09,RESEARCH_SHORT,0.5128612956454636,0.5221238938053098,0,-0.008224349467439662,113,2025-07-07,HISTORICAL_RESEARCH_AS_OF_OOS
2025-07-09,2025-07-10,RESEARCH_LONG,0.5091977334152928,0.5175438596491229,1,0.007889810109654949,114,2025-07-08,HISTORICAL_RESEARCH_AS_OF_OOS
2025-07-10,2025-07-11,RESEARCH_SHORT,0.5036176719275737,0.5130434782608696,0,-0.0067666180177790025,115,2025-07-09,HISTORICAL_RESEARCH_AS_OF_OOS
2025-07-11,2025-07-14,RESEARCH_LONG,0.5106543290251937,0.5172413793103449,0,-0.00935687928307849,116,2025-07-10,HISTORICAL_RESEARCH_AS_OF_OOS
2025-07-14,2025-07-15,RESEARCH_LONG,0.4764111833675099,0.5128205128205128,1,0.011485078267039261,117,2025-07-11,HISTORICAL_RESEARCH_AS_OF_OOS
2025-07-15,2025-07-16,RESEARCH_LONG,0.45551156707344725,0.5084745762711864,1,0.0048224462954844505,118,2025-07-14,HISTORICAL_RESEARCH_AS_OF_OOS
2025-07-16,2025-07-17,RESEARCH_LONG,0.7671971384775275,0.5126050420168067,1,0.009947643979057563,119,2025-07-15,HISTORICAL_RESEARCH_AS_OF_OOS
2025-07-17,2025-07-18,RESEARCH_LONG,0.5229286499632935,0.5166666666666667,1,0.004924831518921646,120,2025-07-16,HISTORICAL_RESEARCH_AS_OF_OOS
2025-07-18,2025-07-21,RESEARCH_LONG,0.5185061278851351,0.5206611570247934,0,-0.001461611211417746,121,2025-07-17,HISTORICAL_RESEARCH_AS_OF_OOS
2025-07-21,2025-07-22,RESEARCH_LONG,0.5292611941956181,0.5245901639344263,0,-0.010246254520406395,122,2025-07-18,HISTORICAL_RESEARCH_AS_OF_OOS
2025-07-22,2025-07-23,RESEARCH_LONG,0.5176922058555867,0.5203252032520326,1,0.008525445846019997,123,2025-07-21,HISTORICAL_RESEARCH_AS_OF_OOS
2025-07-23,2025-07-24,RESEARCH_LONG,0.5122902475294767,0.5161290322580645,1,0.005348054860691898,124,2025-07-22,HISTORICAL_RESEARCH_AS_OF_OOS
2025-07-24,2025-07-25,RESEARCH_LONG,0.5090127948712708,0.52,0,-0.003088803088803105,125,2025-07-23,HISTORICAL_RESEARCH_AS_OF_OOS
2025-07-25,2025-07-28,RESEARCH_SHORT,0.5080794736841754,0.5238095238095238,0,-0.006627076340476767,126,2025-07-24,HISTORICAL_RESEARCH_AS_OF_OOS
2025-07-28,2025-07-29,RESEARCH_LONG,0.5104427850741586,0.5196850393700787,0,-0.009789671682626566,127,2025-07-25,HISTORICAL_RESEARCH_AS_OF_OOS
2025-07-29,2025-07-30,RESEARCH_LONG,0.5118543325443244,0.515625,1,0.008548115529076528,128,2025-07-28,HISTORICAL_RESEARCH_AS_OF_OOS
2025-07-30,2025-07-31,RESEARCH_LONG,0.5015142207523609,0.5116279069767442,1,0.009759856170540537,129,2025-07-29,HISTORICAL_RESEARCH_AS_OF_OOS
2025-07-31,2025-08-01,RESEARCH_LONG,0.5125567690749604,0.5153846153846153,0,-0.010386196956208349,130,2025-07-30,HISTORICAL_RESEARCH_AS_OF_OOS
2025-08-01,2025-08-04,RESEARCH_LONG,0.5188845099454703,0.5190839694656488,0,-0.0035983550376970097,131,2025-07-31,HISTORICAL_RESEARCH_AS_OF_OOS
2025-08-04,2025-08-05,RESEARCH_SHORT,0.5022211696942647,0.5151515151515151,0,-0.01354256233877904,132,2025-08-01,HISTORICAL_RESEARCH_AS_OF_OOS
2025-08-05,2025-08-06,RESEARCH_LONG,0.5056695063542449,0.5112781954887218,0,-0.006362672322375418,133,2025-08-04,HISTORICAL_RESEARCH_AS_OF_OOS
2025-08-06,2025-08-07,RESEARCH_LONG,0.4835019714046417,0.5074626865671642,1,0.024418356456777035,134,2025-08-05,HISTORICAL_RESEARCH_AS_OF_OOS
2025-08-07,2025-08-08,RESEARCH_LONG,0.5158067426831627,0.5037037037037037,0,-0.002000250031253925,135,2025-08-06,HISTORICAL_RESEARCH_AS_OF_OOS
2025-08-08,2025-08-11,RESEARCH_LONG,0.5006786264237606,0.5073529411764706,1,0.008893899536515093,136,2025-08-07,HISTORICAL_RESEARCH_AS_OF_OOS
2025-08-11,2025-08-12,RESEARCH_LONG,0.5140833946822129,0.5036496350364964,0,-0.0011174571641420217,137,2025-08-08,HISTORICAL_RESEARCH_AS_OF_OOS
2025-08-12,2025-08-13,RESEARCH_LONG,0.5039391621559078,0.5072463768115942,1,0.008783923762171186,138,2025-08-11,HISTORICAL_RESEARCH_AS_OF_OOS
2025-08-13,2025-08-14,RESEARCH_LONG,0.5075851522272363,0.5035971223021583,0,-0.003984063745019917,139,2025-08-12,HISTORICAL_RESEARCH_AS_OF_OOS
2025-08-14,2025-08-15,RESEARCH_LONG,0.5006258215980083,0.5071428571428571,1,0.002556701030927755,140,2025-08-13,HISTORICAL_RESEARCH_AS_OF_OOS
2025-08-15,2025-08-18,RESEARCH_LONG,0.4896676928522487,0.5035460992907801,1,0.004689042448173808,141,2025-08-14,HISTORICAL_RESEARCH_AS_OF_OOS
2025-08-18,2025-08-19,RESEARCH_LONG,0.4689374287947279,0.5070422535211268,0,-0.003438958486858268,142,2025-08-15,HISTORICAL_RESEARCH_AS_OF_OOS
2025-08-19,2025-08-20,RESEARCH_LONG,0.46985724105756854,0.5104895104895105,0,-0.027729849642593063,143,2025-08-18,HISTORICAL_RESEARCH_AS_OF_OOS
2025-08-20,2025-08-21,RESEARCH_SHORT,0.666357026734092,0.5069444444444444,0,-0.007816791312798443,144,2025-08-19,HISTORICAL_RESEARCH_AS_OF_OOS
2025-08-21,2025-08-22,RESEARCH_SHORT,0.49303670256562754,0.503448275862069,1,0.004276370954217623,145,2025-08-20,HISTORICAL_RESEARCH_AS_OF_OOS
2025-08-22,2025-08-25,RESEARCH_SHORT,0.48781995864858324,0.5,0,-0.021094736842105277,146,2025-08-21,HISTORICAL_RESEARCH_AS_OF_OOS
2025-08-25,2025-08-26,RESEARCH_SHORT,0.4957862475811609,0.5034013605442177,0,-8.247082594525779e-05,147,2025-08-22,HISTORICAL_RESEARCH_AS_OF_OOS
2025-08-26,2025-08-27,RESEARCH_SHORT,0.49352824108024923,0.5,0,-0.008658722632251648,148,2025-08-25,HISTORICAL_RESEARCH_AS_OF_OOS
2025-08-27,2025-08-28,RESEARCH_LONG,0.5061502349242408,0.4966442953020134,0,-0.0096063442750276,149,2025-08-26,HISTORICAL_RESEARCH_AS_OF_OOS
2025-08-28,2025-08-29,RESEARCH_LONG,0.4915974368135834,0.49333333333333335,1,0.0016097077761267897,150,2025-08-27,HISTORICAL_RESEARCH_AS_OF_OOS
2025-08-29,2025-09-01,RESEARCH_LONG,0.4899723447870696,0.4900662251655629,0,-0.010672930316891205,151,2025-08-28,HISTORICAL_RESEARCH_AS_OF_OOS
2025-09-01,2025-09-02,RESEARCH_SHORT,0.48079941314673114,0.4934210526315789,1,0.0017910696434522144,152,2025-08-29,HISTORICAL_RESEARCH_AS_OF_OOS
2025-09-02,2025-09-03,RESEARCH_SHORT,0.47818205235628697,0.49019607843137253,0,-0.0013352806175672693,153,2025-09-01,HISTORICAL_RESEARCH_AS_OF_OOS
2025-09-03,2025-09-04,RESEARCH_SHORT,0.48066819300041036,0.4935064935064935,0,-0.005625703212901678,154,2025-09-02,HISTORICAL_RESEARCH_AS_OF_OOS
2025-09-04,2025-09-05,RESEARCH_SHORT,0.4807462613782501,0.49032258064516127,0,-0.011892922260898331,155,2025-09-03,HISTORICAL_RESEARCH_AS_OF_OOS
2025-09-05,2025-09-08,RESEARCH_LONG,0.4817930707112898,0.48717948717948717,1,0.005405626766042726,156,2025-09-04,HISTORICAL_RESEARCH_AS_OF_OOS
2025-09-08,2025-09-09,RESEARCH_LONG,0.4843574912902527,0.4840764331210191,1,0.010223616145981884,157,2025-09-05,HISTORICAL_RESEARCH_AS_OF_OOS
2025-09-09,2025-09-10,RESEARCH_LONG,0.496773526282412,0.4873417721518987,1,0.015160067736472937,158,2025-09-08,HISTORICAL_RESEARCH_AS_OF_OOS
2025-09-10,2025-09-11,RESEARCH_LONG,0.5062556111434657,0.49056603773584906,1,0.002462467233298904,159,2025-09-09,HISTORICAL_RESEARCH_AS_OF_OOS
2025-09-11,2025-09-12,RESEARCH_LONG,0.5083865122914789,0.49375,1,0.008676703645007944,160,2025-09-10,HISTORICAL_RESEARCH_AS_OF_OOS
2025-09-12,2025-09-15,RESEARCH_LONG,0.5104556063682603,0.4968944099378882,0,-0.004163557091794612,161,2025-09-11,HISTORICAL_RESEARCH_AS_OF_OOS
2025-09-15,2025-09-16,RESEARCH_LONG,0.4825650224596965,0.5,1,0.010886285646668936,162,2025-09-12,HISTORICAL_RESEARCH_AS_OF_OOS
2025-09-16,2025-09-17,RESEARCH_LONG,0.47234956007046736,0.49693251533742333,0,-0.006203909633618165,163,2025-09-15,HISTORICAL_RESEARCH_AS_OF_OOS
2025-09-17,2025-09-18,RESEARCH_LONG,0.6592813072134065,0.5,1,0.009383588535532006,164,2025-09-16,HISTORICAL_RESEARCH_AS_OF_OOS
2025-09-18,2025-09-19,RESEARCH_LONG,0.5051995511313595,0.49696969696969695,0,-0.0014780816056634283,165,2025-09-17,HISTORICAL_RESEARCH_AS_OF_OOS
2025-09-19,2025-09-22,RESEARCH_LONG,0.4965441176121166,0.5,1,0.008569981691402662,166,2025-09-18,HISTORICAL_RESEARCH_AS_OF_OOS
2025-09-22,2025-09-23,RESEARCH_LONG,0.5011090954268955,0.49700598802395207,1,0.01475416167780308,167,2025-09-19,HISTORICAL_RESEARCH_AS_OF_OOS
2025-09-23,2025-09-24,RESEARCH_LONG,0.5064595555343452,0.5,0,-0.0013702279907128467,168,2025-09-22,HISTORICAL_RESEARCH_AS_OF_OOS
2025-09-24,2025-09-25,RESEARCH_LONG,0.5096873952582246,0.5029585798816568,0,-0.005335975911880175,169,2025-09-23,HISTORICAL_RESEARCH_AS_OF_OOS
2025-09-25,2025-09-26,RESEARCH_LONG,0.49928059377465545,0.5,0,-0.016400352530942297,170,2025-09-24,HISTORICAL_RESEARCH_AS_OF_OOS
2025-09-26,2025-09-30,RESEARCH_SHORT,0.4819237967171605,0.49707602339181284,0,-0.011102886750555152,171,2025-09-25,HISTORICAL_RESEARCH_AS_OF_OOS
2025-09-30,2025-10-01,RESEARCH_LONG,0.48639615900891175,0.4941860465116279,1,0.0035062032827308798,172,2025-09-26,HISTORICAL_RESEARCH_AS_OF_OOS
2025-10-01,2025-10-02,RESEARCH_SHORT,0.47452056871258774,0.4913294797687861,0,-0.01482050297561921,173,2025-09-30,HISTORICAL_RESEARCH_AS_OF_OOS
2025-10-02,2025-10-03,RESEARCH_LONG,0.4969971828030212,0.4942528735632184,1,0.0118799894063788,174,2025-10-01,HISTORICAL_RESEARCH_AS_OF_OOS
2025-10-03,2025-10-07,RESEARCH_LONG,0.4931584312880232,0.49142857142857144,1,0.02157412600486075,175,2025-10-02,HISTORICAL_RESEARCH_AS_OF_OOS
2025-10-07,2025-10-08,RESEARCH_LONG,0.5131128343108644,0.4943181818181818,0,-0.0083815240465559,176,2025-10-03,HISTORICAL_RESEARCH_AS_OF_OOS
2025-10-08,2025-10-09,RESEARCH_LONG,0.5136005262628728,0.4971751412429379,1,0.00893219650832311,177,2025-10-07,HISTORICAL_RESEARCH_AS_OF_OOS
2025-10-09,2025-10-13,RESEARCH_LONG,0.5092815539627951,0.4943820224719101,0,-0.015767331260288953,178,2025-10-08,HISTORICAL_RESEARCH_AS_OF_OOS
2025-10-13,2025-10-14,RESEARCH_LONG,0.44673253583537076,0.4972067039106145,0,-0.006913470115967879,179,2025-10-09,HISTORICAL_RESEARCH_AS_OF_OOS
2025-10-14,2025-10-15,RESEARCH_SHORT,0.41388857823374764,0.49444444444444446,0,-0.02133393218055235,180,2025-10-13,HISTORICAL_RESEARCH_AS_OF_OOS
2025-10-15,2025-10-16,RESEARCH_SHORT,0.6574892582555913,0.49171270718232046,0,-0.019569041336851445,181,2025-10-14,HISTORICAL_RESEARCH_AS_OF_OOS
2025-10-16,2025-10-17,RESEARCH_LONG,0.4825306232137069,0.489010989010989,0,-0.017755732873265706,182,2025-10-15,HISTORICAL_RESEARCH_AS_OF_OOS
2025-10-17,2025-10-20,RESEARCH_SHORT,0.48103207174677914,0.48633879781420764,0,-0.016649590163934525,183,2025-10-16,HISTORICAL_RESEARCH_AS_OF_OOS
2025-10-20,2025-10-21,RESEARCH_LONG,0.47429442176488346,0.483695652173913,1,0.0017996616636073437,184,2025-10-17,HISTORICAL_RESEARCH_AS_OF_OOS
2025-10-21,2025-10-22,RESEARCH_LONG,0.4931443436413327,0.4810810810810811,0,-0.004634786045341843,185,2025-10-20,HISTORICAL_RESEARCH_AS_OF_OOS
2025-10-22,2025-10-23,RESEARCH_LONG,0.4824500388491271,0.4838709677419355,0,-0.0053421888535951645,186,2025-10-21,HISTORICAL_RESEARCH_AS_OF_OOS
2025-10-23,2025-10-27,RESEARCH_SHORT,0.4713963887643124,0.48128342245989303,0,-0.024277834228480177,187,2025-10-22,HISTORICAL_RESEARCH_AS_OF_OOS
2025-10-27,2025-10-28,RESEARCH_LONG,0.4915667030527488,0.4787234042553192,0,-0.0079007971656333,188,2025-10-23,HISTORICAL_RESEARCH_AS_OF_OOS
2025-10-28,2025-10-29,RESEARCH_LONG,0.47692234939416395,0.47619047619047616,1,0.014641811299192842,189,2025-10-27,HISTORICAL_RESEARCH_AS_OF_OOS
2025-10-29,2025-10-30,RESEARCH_LONG,0.4807174234173417,0.47368421052631576,0,-0.0004927495424468242,190,2025-10-28,HISTORICAL_RESEARCH_AS_OF_OOS
2025-10-30,2025-10-31,RESEARCH_LONG,0.4675520044823457,0.47643979057591623,1,0.0011620536657510616,191,2025-10-29,HISTORICAL_RESEARCH_AS_OF_OOS
2025-10-31,2025-11-03,RESEARCH_LONG,0.4850475186291783,0.4739583333333333,0,-0.0032007315957933713,192,2025-10-30,HISTORICAL_RESEARCH_AS_OF_OOS
2025-11-03,2025-11-04,RESEARCH_LONG,0.4681538094455355,0.47668393782383417,0,-0.007868736767819295,193,2025-10-31,HISTORICAL_RESEARCH_AS_OF_OOS
2025-11-04,2025-11-05,RESEARCH_LONG,0.452572640939211,0.4742268041237113,0,-0.011096489668172227,194,2025-11-03,HISTORICAL_RESEARCH_AS_OF_OOS
2025-11-05,2025-11-06,RESEARCH_SHORT,0.4510032950203997,0.4717948717948718,0,-0.008235928789785962,195,2025-11-04,HISTORICAL_RESEARCH_AS_OF_OOS
2025-11-06,2025-11-07,RESEARCH_SHORT,0.46915601864813794,0.46938775510204084,1,0.010843975173004172,196,2025-11-05,HISTORICAL_RESEARCH_AS_OF_OOS
2025-11-07,2025-11-10,RESEARCH_SHORT,0.463466659859125,0.467005076142132,0,-0.010313739632167307,197,2025-11-06,HISTORICAL_RESEARCH_AS_OF_OOS
2025-11-10,2025-11-11,RESEARCH_SHORT,0.4615596951405939,0.4696969696969697,1,0.008423757852655589,198,2025-11-07,HISTORICAL_RESEARCH_AS_OF_OOS
2025-11-11,2025-11-12,RESEARCH_SHORT,0.44579996310446046,0.46733668341708545,0,-0.009863210943124479,199,2025-11-10,HISTORICAL_RESEARCH_AS_OF_OOS
2025-11-12,2025-11-13,RESEARCH_LONG,0.47744948198662884,0.47,0,-0.002637770014971119,200,2025-11-11,HISTORICAL_RESEARCH_AS_OF_OOS
2025-11-13,2025-11-14,RESEARCH_SHORT,0.46763542191740454,0.46766169154228854,1,0.0206933523945676,201,2025-11-12,HISTORICAL_RESEARCH_AS_OF_OOS
2025-11-14,2025-11-17,RESEARCH_SHORT,0.4671598943310264,0.46534653465346537,0,-0.0028466114375387264,202,2025-11-13,HISTORICAL_RESEARCH_AS_OF_OOS
2025-11-17,2025-11-18,RESEARCH_SHORT,0.43667655063711003,0.46798029556650245,1,0.024527821245314607,203,2025-11-14,HISTORICAL_RESEARCH_AS_OF_OOS
2025-11-18,2025-11-19,RESEARCH_SHORT,0.38794187101561056,0.46568627450980393,1,0.007834359261331802,204,2025-11-17,HISTORICAL_RESEARCH_AS_OF_OOS
2025-11-19,2025-11-20,RESEARCH_SHORT,0.6299027650878313,0.4682926829268293,0,-0.033352133859748,205,2025-11-18,HISTORICAL_RESEARCH_AS_OF_OOS
2025-11-20,2025-11-21,RESEARCH_SHORT,0.4679983726526299,0.470873786407767,1,0.03624190379157266,206,2025-11-19,HISTORICAL_RESEARCH_AS_OF_OOS
2025-11-21,2025-11-24,RESEARCH_SHORT,0.453245643964188,0.46859903381642515,0,-0.004870497621384917,207,2025-11-20,HISTORICAL_RESEARCH_AS_OF_OOS
2025-11-24,2025-11-25,RESEARCH_SHORT,0.47537813104317345,0.47115384615384615,0,-0.011948149539733333,208,2025-11-21,HISTORICAL_RESEARCH_AS_OF_OOS
2025-11-25,2025-11-26,RESEARCH_LONG,0.46121927111236666,0.4688995215311005,1,0.01470315226673602,209,2025-11-24,HISTORICAL_RESEARCH_AS_OF_OOS
2025-11-26,2025-11-27,RESEARCH_LONG,0.4781306991181533,0.4666666666666667,1,0.009294156390647235,210,2025-11-25,HISTORICAL_RESEARCH_AS_OF_OOS
2025-11-27,2025-11-28,RESEARCH_LONG,0.4755685657834117,0.46919431279620855,1,0.005836928542943154,211,2025-11-26,HISTORICAL_RESEARCH_AS_OF_OOS
2025-11-28,2025-12-01,RESEARCH_LONG,0.48458343617666166,0.4716981132075472,0,-0.01225490196078427,212,2025-11-27,HISTORICAL_RESEARCH_AS_OF_OOS
2025-12-01,2025-12-02,RESEARCH_LONG,0.4806930412965134,0.47417840375586856,1,0.005729090643701751,213,2025-11-28,HISTORICAL_RESEARCH_AS_OF_OOS
2025-12-02,2025-12-03,RESEARCH_LONG,0.47779525688789415,0.4719626168224299,1,0.007147781285149257,214,2025-12-01,HISTORICAL_RESEARCH_AS_OF_OOS
2025-12-03,2025-12-04,RESEARCH_LONG,0.48707370255642124,0.4744186046511628,1,0.0014770516607824913,215,2025-12-02,HISTORICAL_RESEARCH_AS_OF_OOS
2025-12-04,2025-12-05,RESEARCH_LONG,0.4861908116066083,0.47685185185185186,1,0.007806036188352072,216,2025-12-03,HISTORICAL_RESEARCH_AS_OF_OOS
2025-12-05,2025-12-08,RESEARCH_LONG,0.4859535921243228,0.4792626728110599,1,0.009637350085665242,217,2025-12-04,HISTORICAL_RESEARCH_AS_OF_OOS
2025-12-08,2025-12-09,RESEARCH_LONG,0.49255472825559415,0.481651376146789,0,-0.0023333097645478196,218,2025-12-05,HISTORICAL_RESEARCH_AS_OF_OOS
2025-12-09,2025-12-10,RESEARCH_LONG,0.5073159157255164,0.4840182648401826,1,0.006307583274273609,219,2025-12-08,HISTORICAL_RESEARCH_AS_OF_OOS
2025-12-10,2025-12-11,RESEARCH_LONG,0.5017554651927776,0.4818181818181818,0,-0.010141559264736921,220,2025-12-09,HISTORICAL_RESEARCH_AS_OF_OOS
2025-12-11,2025-12-12,RESEARCH_LONG,0.44941658298365467,0.4841628959276018,1,0.006474564212024081,221,2025-12-10,HISTORICAL_RESEARCH_AS_OF_OOS
2025-12-12,2025-12-15,RESEARCH_LONG,0.49505951070717225,0.481981981981982,0,-0.013608087091757426,222,2025-12-11,HISTORICAL_RESEARCH_AS_OF_OOS
2025-12-15,2025-12-16,RESEARCH_SHORT,0.4689543567478502,0.484304932735426,1,0.010140824882645894,223,2025-12-12,HISTORICAL_RESEARCH_AS_OF_OOS
2025-12-16,2025-12-17,RESEARCH_SHORT,0.44567513091244776,0.48214285714285715,0,-0.0024616275702287194,224,2025-12-15,HISTORICAL_RESEARCH_AS_OF_OOS
2025-12-17,2025-12-18,RESEARCH_SHORT,0.5870969712715108,0.48444444444444446,1,0.003647262747363822,225,2025-12-16,HISTORICAL_RESEARCH_AS_OF_OOS
2025-12-18,2025-12-19,RESEARCH_SHORT,0.48495104453941185,0.4823008849557522,0,-0.01098184190496898,226,2025-12-17,HISTORICAL_RESEARCH_AS_OF_OOS
2025-12-19,2025-12-22,RESEARCH_SHORT,0.490437821225479,0.4845814977973568,0,-0.016024951602495063,227,2025-12-18,HISTORICAL_RESEARCH_AS_OF_OOS
2025-12-22,2025-12-23,RESEARCH_LONG,0.4951931264327263,0.4824561403508772,1,0.0025404890441409478,228,2025-12-19,HISTORICAL_RESEARCH_AS_OF_OOS
2025-12-23,2025-12-24,RESEARCH_LONG,0.5055310526171901,0.48034934497816595,1,0.0020765142716361318,229,2025-12-22,HISTORICAL_RESEARCH_AS_OF_OOS
2025-12-24,2025-12-26,RESEARCH_LONG,0.5024981715333566,0.4826086956521739,1,0.007059567294183777,230,2025-12-23,HISTORICAL_RESEARCH_AS_OF_OOS
2025-12-26,2025-12-29,RESEARCH_LONG,0.5119118235253567,0.48484848484848486,1,0.009660656366616616,231,2025-12-24,HISTORICAL_RESEARCH_AS_OF_OOS
2025-12-29,2025-12-30,RESEARCH_LONG,0.502501137207289,0.4870689655172414,0,-0.0023834196891191484,232,2025-12-26,HISTORICAL_RESEARCH_AS_OF_OOS
2025-12-30,2025-12-31,RESEARCH_LONG,0.5004324749500991,0.4892703862660944,1,0.004674353381115548,233,2025-12-29,HISTORICAL_RESEARCH_AS_OF_OOS
2025-12-31,2026-01-02,RESEARCH_LONG,0.4942601691314884,0.48717948717948717,1,0.01574993107251177,234,2025-12-30,HISTORICAL_RESEARCH_AS_OF_OOS
2026-01-02,2026-01-05,RESEARCH_LONG,0.4810734824735918,0.48936170212765956,1,0.028500661622501866,235,2025-12-31,HISTORICAL_RESEARCH_AS_OF_OOS
2026-01-05,2026-01-06,RESEARCH_LONG,0.47401394676838626,0.4915254237288136,1,0.01002870055751659,236,2026-01-02,HISTORICAL_RESEARCH_AS_OF_OOS
2026-01-06,2026-01-07,RESEARCH_LONG,0.5012959650797022,0.4936708860759494,0,-0.0032988209164842575,237,2026-01-05,HISTORICAL_RESEARCH_AS_OF_OOS
2026-01-07,2026-01-08,RESEARCH_LONG,0.5358931351358,0.4957983193277311,0,-0.0019006422860139427,238,2026-01-06,HISTORICAL_RESEARCH_AS_OF_OOS
2026-01-08,2026-01-09,RESEARCH_LONG,0.5162902978541725,0.49372384937238495,0,-6.566419331544004e-05,239,2026-01-07,HISTORICAL_RESEARCH_AS_OF_OOS
2026-01-09,2026-01-12,RESEARCH_LONG,0.4763603851361964,0.49166666666666664,1,0.008044391909640236,240,2026-01-08,HISTORICAL_RESEARCH_AS_OF_OOS
2026-01-12,2026-01-13,RESEARCH_LONG,0.5009261194287409,0.4896265560165975,1,0.005634995602749049,241,2026-01-09,HISTORICAL_RESEARCH_AS_OF_OOS
2026-01-13,2026-01-14,RESEARCH_LONG,0.4651745581713671,0.49173553719008267,1,0.003498089006931382,242,2026-01-12,HISTORICAL_RESEARCH_AS_OF_OOS
2026-01-14,2026-01-15,RESEARCH_LONG,0.5072643133424768,0.49382716049382713,1,0.002194822800335672,243,2026-01-13,HISTORICAL_RESEARCH_AS_OF_OOS
2026-01-15,2026-01-16,RESEARCH_LONG,0.50104162583013,0.4959016393442623,1,0.013655394524959785,244,2026-01-14,HISTORICAL_RESEARCH_AS_OF_OOS
2026-01-16,2026-01-19,RESEARCH_LONG,0.5009688242350574,0.49795918367346936,1,0.00619559001080261,245,2026-01-15,HISTORICAL_RESEARCH_AS_OF_OOS
2026-01-19,2026-01-20,RESEARCH_LONG,0.47255910798345974,0.5,1,9.472986201020106e-05,246,2026-01-16,HISTORICAL_RESEARCH_AS_OF_OOS
2026-01-20,2026-01-21,RESEARCH_LONG,0.47548360997459393,0.5020242914979757,0,-0.0059358423844405594,247,2026-01-19,HISTORICAL_RESEARCH_AS_OF_OOS
2026-01-21,2026-01-22,RESEARCH_LONG,0.6019462231942477,0.5040322580645161,1,0.011847287511116855,248,2026-01-20,HISTORICAL_RESEARCH_AS_OF_OOS
2026-01-22,2026-01-23,RESEARCH_LONG,0.5164293191737227,0.5020080321285141,1,0.009291521486643362,249,2026-01-21,HISTORICAL_RESEARCH_AS_OF_OOS
2026-01-23,2026-01-26,RESEARCH_LONG,0.5136358224404604,0.504,0,-0.0002799116723167794,250,2026-01-22,HISTORICAL_RESEARCH_AS_OF_OOS
2026-01-26,2026-01-27,RESEARCH_LONG,0.5194515798907599,0.5059760956175299,1,0.011355151816824227,251,2026-01-23,HISTORICAL_RESEARCH_AS_OF_OOS
2026-01-27,2026-01-28,RESEARCH_LONG,0.5156906144945733,0.503968253968254,1,0.012857977790765585,252,2026-01-26,HISTORICAL_RESEARCH_AS_OF_OOS
2026-01-28,2026-01-29,RESEARCH_LONG,0.534060955230441,0.5059288537549407,0,-0.0045555319342788225,253,2026-01-27,HISTORICAL_RESEARCH_AS_OF_OOS
2026-01-29,2026-01-30,RESEARCH_LONG,0.5155465616747161,0.5078740157480315,0,-0.016169875217378005,254,2026-01-28,HISTORICAL_RESEARCH_AS_OF_OOS
2026-01-30,2026-02-02,RESEARCH_LONG,0.4924444406822635,0.5058823529411764,0,-0.019753775545011898,255,2026-01-29,HISTORICAL_RESEARCH_AS_OF_OOS
2026-02-02,2026-02-03,RESEARCH_SHORT,0.4707631499296204,0.50390625,0,-0.020594748497311022,256,2026-01-30,HISTORICAL_RESEARCH_AS_OF_OOS
2026-02-03,2026-02-04,RESEARCH_SHORT,0.48177854475473336,0.5019455252918288,0,-0.005021543039583465,257,2026-02-02,HISTORICAL_RESEARCH_AS_OF_OOS
2026-02-04,2026-02-05,RESEARCH_SHORT,0.47509354031727274,0.5,1,0.015914628504456685,258,2026-02-03,HISTORICAL_RESEARCH_AS_OF_OOS
2026-02-05,2026-02-06,RESEARCH_SHORT,0.471965375001249,0.4980694980694981,1,0.0031341085028363525,259,2026-02-04,HISTORICAL_RESEARCH_AS_OF_OOS
2026-02-06,2026-02-09,RESEARCH_SHORT,0.4515857424372717,0.5,0,-0.02653503945672342,260,2026-02-05,HISTORICAL_RESEARCH_AS_OF_OOS
2026-02-09,2026-02-10,RESEARCH_LONG,0.5108606645572468,0.5019157088122606,1,0.020091268261309025,261,2026-02-06,HISTORICAL_RESEARCH_AS_OF_OOS
2026-02-10,2026-02-11,RESEARCH_LONG,0.48243398286796635,0.5,1,0.011529107995316368,262,2026-02-09,HISTORICAL_RESEARCH_AS_OF_OOS
2026-02-11,2026-02-23,RESEARCH_LONG,0.46450837914863263,0.5019011406844106,1,0.008014009676174716,263,2026-02-10,HISTORICAL_RESEARCH_AS_OF_OOS
2026-02-23,2026-02-24,RESEARCH_LONG,0.6397941231593739,0.5037878787878788,1,0.02549983804952749,264,2026-02-11,HISTORICAL_RESEARCH_AS_OF_OOS
2026-02-24,2026-02-25,RESEARCH_LONG,0.531301328898221,0.5056603773584906,1,0.01903695408734607,265,2026-02-23,HISTORICAL_RESEARCH_AS_OF_OOS
2026-02-25,2026-02-26,RESEARCH_LONG,0.5457566365755476,0.5075187969924813,1,0.0032121724429416965,266,2026-02-24,HISTORICAL_RESEARCH_AS_OF_OOS
2026-02-26,2026-03-31,RESEARCH_LONG,0.5633700885794961,0.5093632958801498,0,-0.10181440287608134,267,2026-02-25,HISTORICAL_RESEARCH_AS_OF_OOS
2026-03-31,2026-04-01,RESEARCH_SHORT,0.42344190133903004,0.5111940298507462,0,-0.04449795178085614,268,2026-02-26,HISTORICAL_RESEARCH_AS_OF_OOS
2026-04-01,2026-04-02,RESEARCH_SHORT,0.47840502030989973,0.5092936802973977,1,0.02739356924735048,269,2026-03-31,HISTORICAL_RESEARCH_AS_OF_OOS
2026-04-02,2026-04-07,RESEARCH_SHORT,0.3845342975421937,0.5074074074074074,0,-0.020685197155785318,270,2026-04-01,HISTORICAL_RESEARCH_AS_OF_OOS
2026-04-07,2026-04-08,RESEARCH_SHORT,0.42843871088868457,0.5092250922509225,0,-0.05539974064356579,271,2026-04-02,HISTORICAL_RESEARCH_AS_OF_OOS
2026-04-08,2026-04-09,RESEARCH_SHORT,0.4674976175677078,0.5073529411764706,1,0.0018287804320493706,272,2026-04-07,HISTORICAL_RESEARCH_AS_OF_OOS
2026-04-09,2026-04-10,RESEARCH_LONG,0.5993214822152804,0.5054945054945055,1,0.01817817473949379,273,2026-04-08,HISTORICAL_RESEARCH_AS_OF_OOS
2026-04-10,2026-04-13,RESEARCH_LONG,0.5678929899971825,0.5072992700729927,0,-0.003092754519638974,274,2026-04-09,HISTORICAL_RESEARCH_AS_OF_OOS
2026-04-13,2026-04-14,RESEARCH_LONG,0.5746308544984208,0.509090909090909,1,0.026059734326085104,275,2026-04-10,HISTORICAL_RESEARCH_AS_OF_OOS
2026-04-14,2026-04-15,RESEARCH_LONG,0.5630041748755579,0.5072463768115942,1,0.01638217751023885,276,2026-04-13,HISTORICAL_RESEARCH_AS_OF_OOS
2026-04-15,2026-04-16,RESEARCH_LONG,0.7642772715079222,0.5090252707581228,1,0.018065283825080547,277,2026-04-14,HISTORICAL_RESEARCH_AS_OF_OOS
2026-04-16,2026-04-17,RESEARCH_LONG,0.5981699399757603,0.5107913669064749,0,-0.014928941426484266,278,2026-04-15,HISTORICAL_RESEARCH_AS_OF_OOS
2026-04-17,2026-04-20,RESEARCH_LONG,0.5587413978360367,0.5125448028673835,1,0.004611277404740655,279,2026-04-16,HISTORICAL_RESEARCH_AS_OF_OOS
2026-04-20,2026-04-21,RESEARCH_LONG,0.5558111974488451,0.5107142857142857,1,0.02131314758146785,280,2026-04-17,HISTORICAL_RESEARCH_AS_OF_OOS
2026-04-21,2026-04-22,RESEARCH_LONG,0.5540894253560785,0.5124555160142349,1,0.004152649285113608,281,2026-04-20,HISTORICAL_RESEARCH_AS_OF_OOS
2026-04-22,2026-04-23,RESEARCH_LONG,0.5408458702282521,0.5141843971631206,0,-0.008663560697272699,282,2026-04-21,HISTORICAL_RESEARCH_AS_OF_OOS
2026-04-23,2026-04-24,RESEARCH_LONG,0.4537967755168714,0.5159010600706714,1,0.035617161716171575,283,2026-04-22,HISTORICAL_RESEARCH_AS_OF_OOS
2026-04-24,2026-04-27,RESEARCH_LONG,0.5562793387781048,0.5140845070422535,1,0.016928411176830416,284,2026-04-23,HISTORICAL_RESEARCH_AS_OF_OOS
2026-04-27,2026-04-28,RESEARCH_LONG,0.5982541728146732,0.5157894736842106,0,-0.003484757320497356,285,2026-04-24,HISTORICAL_RESEARCH_AS_OF_OOS
2026-04-28,2026-04-29,RESEARCH_LONG,0.5681909053953915,0.5174825174825175,0,-0.006515887192130587,286,2026-04-27,HISTORICAL_RESEARCH_AS_OF_OOS
2026-04-29,2026-04-30,RESEARCH_LONG,0.5445952354130372,0.5156794425087108,0,-0.003291972651304098,287,2026-04-28,HISTORICAL_RESEARCH_AS_OF_OOS
2026-04-30,2026-05-04,RESEARCH_LONG,0.5467864742991547,0.5138888888888888,1,0.04245426829268295,288,2026-04-29,HISTORICAL_RESEARCH_AS_OF_OOS
2026-05-04,2026-05-05,RESEARCH_LONG,0.5516692955315213,0.5121107266435986,1,9.748726572600397e-05,289,2026-04-30,HISTORICAL_RESEARCH_AS_OF_OOS
2026-05-05,2026-05-06,RESEARCH_LONG,0.5351804138571646,0.5137931034482759,1,0.01140489825758495,290,2026-05-04,HISTORICAL_RESEARCH_AS_OF_OOS
2026-05-06,2026-05-07,RESEARCH_LONG,0.5608656505568119,0.5154639175257731,1,0.020167216827699175,291,2026-05-05,HISTORICAL_RESEARCH_AS_OF_OOS
2026-05-07,2026-05-08,RESEARCH_LONG,0.6004101876269227,0.5171232876712328,0,-0.009518186112423277,292,2026-05-06,HISTORICAL_RESEARCH_AS_OF_OOS
2026-05-08,2026-05-11,RESEARCH_LONG,0.6004961174472994,0.5187713310580204,1,0.00019076233397719022,293,2026-05-07,HISTORICAL_RESEARCH_AS_OF_OOS
2026-05-11,2026-05-12,RESEARCH_LONG,0.5270885231852032,0.5170068027210885,0,-0.0059601859578019,294,2026-05-08,HISTORICAL_RESEARCH_AS_OF_OOS
2026-05-12,2026-05-13,RESEARCH_LONG,0.5238944030524116,0.5186440677966102,0,-0.005420314186353248,295,2026-05-11,HISTORICAL_RESEARCH_AS_OF_OOS
2026-05-13,2026-05-14,RESEARCH_SHORT,0.49605933841487226,0.5168918918918919,0,-0.003207215028093291,296,2026-05-12,HISTORICAL_RESEARCH_AS_OF_OOS
2026-05-14,2026-05-15,RESEARCH_SHORT,0.46964790755054603,0.5151515151515151,1,0.01418201048026535,297,2026-05-13,HISTORICAL_RESEARCH_AS_OF_OOS
2026-05-15,2026-05-18,RESEARCH_SHORT,0.46374345936107936,0.5134228187919463,1,0.004998537013557014,298,2026-05-14,HISTORICAL_RESEARCH_AS_OF_OOS
2026-05-18,2026-05-19,RESEARCH_SHORT,0.4300630979887192,0.5150501672240803,1,0.013698630136986356,299,2026-05-15,HISTORICAL_RESEARCH_AS_OF_OOS
2026-05-19,2026-05-20,RESEARCH_SHORT,0.41437600581728923,0.5166666666666667,1,0.0028324388789504606,300,2026-05-18,HISTORICAL_RESEARCH_AS_OF_OOS
2026-05-20,2026-05-21,RESEARCH_SHORT,0.7035326421735083,0.5182724252491694,0,-0.03336323316888423,301,2026-05-19,HISTORICAL_RESEARCH_AS_OF_OOS
2026-05-21,2026-05-22,RESEARCH_SHORT,0.508274359683002,0.5198675496688742,0,-0.02336459865454632,302,2026-05-20,HISTORICAL_RESEARCH_AS_OF_OOS
2026-05-22,2026-05-25,RESEARCH_LONG,0.5563358724419872,0.5181518151815182,1,0.03381084774515819,303,2026-05-21,HISTORICAL_RESEARCH_AS_OF_OOS
2026-05-25,2026-05-26,RESEARCH_LONG,0.6211422630106511,0.5164473684210527,1,0.00036465574218835783,304,2026-05-22,HISTORICAL_RESEARCH_AS_OF_OOS
2026-05-26,2026-05-27,RESEARCH_LONG,0.629635537765333,0.5180327868852459,1,0.020618321828081987,305,2026-05-25,HISTORICAL_RESEARCH_AS_OF_OOS
2026-05-27,2026-05-28,RESEARCH_LONG,0.6848707430305034,0.5196078431372549,0,-0.02134023840350019,306,2026-05-26,HISTORICAL_RESEARCH_AS_OF_OOS
2026-05-28,2026-05-29,RESEARCH_LONG,0.6624115463463158,0.5211726384364821,1,0.03291364445052691,307,2026-05-27,HISTORICAL_RESEARCH_AS_OF_OOS
2026-05-29,2026-06-01,RESEARCH_LONG,0.5995967123187117,0.5194805194805194,1,0.016561775422325287,308,2026-05-28,HISTORICAL_RESEARCH_AS_OF_OOS
2026-06-01,2026-06-02,RESEARCH_LONG,0.5988435386896378,0.5210355987055016,1,0.0011295753231237438,309,2026-05-29,HISTORICAL_RESEARCH_AS_OF_OOS
2026-06-02,2026-06-03,RESEARCH_LONG,0.5950290661008354,0.5225806451612903,1,0.016946210428103292,310,2026-06-01,HISTORICAL_RESEARCH_AS_OF_OOS
2026-06-03,2026-06-04,RESEARCH_LONG,0.5641613957456663,0.5241157556270096,0,-0.012247162242894905,311,2026-06-02,HISTORICAL_RESEARCH_AS_OF_OOS
2026-06-04,2026-06-05,RESEARCH_LONG,0.5825744243582284,0.5256410256410257,0,-0.02339396034043284,312,2026-06-03,HISTORICAL_RESEARCH_AS_OF_OOS
2026-06-05,2026-06-08,RESEARCH_SHORT,0.5408482445806768,0.5239616613418531,1,0.047134546902302565,313,2026-06-04,HISTORICAL_RESEARCH_AS_OF_OOS
2026-06-08,2026-06-09,RESEARCH_SHORT,0.47553043773840964,0.5222929936305732,0,-0.036792014856081634,314,2026-06-05,HISTORICAL_RESEARCH_AS_OF_OOS
2026-06-09,2026-06-10,RESEARCH_SHORT,0.5090687282889123,0.5238095238095238,1,0.027829396619276858,315,2026-06-08,HISTORICAL_RESEARCH_AS_OF_OOS
2026-06-10,2026-06-11,RESEARCH_SHORT,0.44662981263101037,0.5221518987341772,1,0.004168393901708867,316,2026-06-09,HISTORICAL_RESEARCH_AS_OF_OOS
2026-06-11,2026-06-12,RESEARCH_SHORT,0.4778035431937781,0.5236593059936908,0,-0.021900511089012697,317,2026-06-10,HISTORICAL_RESEARCH_AS_OF_OOS
2026-06-12,2026-06-15,RESEARCH_SHORT,0.5003561466612553,0.5251572327044025,0,-0.03150176518511816,318,2026-06-11,HISTORICAL_RESEARCH_AS_OF_OOS
2026-06-15,2026-06-16,RESEARCH_LONG,0.5704024997331079,0.5235109717868338,1,0.004212373848178963,319,2026-06-12,HISTORICAL_RESEARCH_AS_OF_OOS
2026-06-16,2026-06-17,RESEARCH_LONG,0.5268696171029532,0.521875,1,0.005658481167525986,320,2026-06-15,HISTORICAL_RESEARCH_AS_OF_OOS
2026-06-17,2026-06-18,RESEARCH_LONG,0.7372678367590846,0.5233644859813084,1,0.01603267363298655,321,2026-06-16,HISTORICAL_RESEARCH_AS_OF_OOS
2026-06-18,2026-06-22,RESEARCH_LONG,0.6249406263832481,0.5248447204968945,1,0.035151489234321875,322,2026-06-17,HISTORICAL_RESEARCH_AS_OF_OOS
2026-06-22,2026-06-23,RESEARCH_LONG,0.6879930426240355,0.5263157894736842,0,-0.020180530022927745,323,2026-06-18,HISTORICAL_RESEARCH_AS_OF_OOS
2026-06-23,2026-06-24,RESEARCH_LONG,0.627015597855157,0.5277777777777778,0,-0.022114006239986495,324,2026-06-22,HISTORICAL_RESEARCH_AS_OF_OOS
2026-06-24,2026-06-25,RESEARCH_LONG,0.565295792179419,0.5261538461538462,1,0.003384568952508271,325,2026-06-23,HISTORICAL_RESEARCH_AS_OF_OOS
2026-06-25,2026-06-26,RESEARCH_LONG,0.5354737227157417,0.5245398773006135,0,-0.0466440357511172,326,2026-06-24,HISTORICAL_RESEARCH_AS_OF_OOS
2026-06-26,2026-06-29,RESEARCH_SHORT,0.5012571833730788,0.5259938837920489,0,-0.026525139161201583,327,2026-06-25,HISTORICAL_RESEARCH_AS_OF_OOS
2026-06-29,2026-06-30,RESEARCH_SHORT,0.4577426345158483,0.524390243902439,0,-0.02590559824368821,328,2026-06-26,HISTORICAL_RESEARCH_AS_OF_OOS
2026-06-30,2026-07-01,RESEARCH_SHORT,0.4970067988312525,0.5227963525835866,0,-0.01072116413438895,329,2026-06-29,HISTORICAL_RESEARCH_AS_OF_OOS
2026-07-01,2026-07-02,RESEARCH_LONG,0.5353463577548497,0.5212121212121212,0,-0.013381042112172059,330,2026-06-30,HISTORICAL_RESEARCH_AS_OF_OOS
2026-07-02,2026-07-03,RESEARCH_LONG,0.5209584034095187,0.5196374622356495,1,0.007875705487242257,331,2026-07-01,HISTORICAL_RESEARCH_AS_OF_OOS
2026-07-03,2026-07-06,RESEARCH_LONG,0.6127706349384461,0.5180722891566265,0,-0.001703359877358035,332,2026-07-02,HISTORICAL_RESEARCH_AS_OF_OOS
2026-07-06,2026-07-07,RESEARCH_LONG,0.5562964857330166,0.5195195195195195,0,-0.02369577272533374,333,2026-07-03,HISTORICAL_RESEARCH_AS_OF_OOS
2026-07-07,2026-07-08,RESEARCH_SHORT,0.492581165064138,0.5179640718562875,1,0.004609503003823012,334,2026-07-06,HISTORICAL_RESEARCH_AS_OF_OOS
2026-07-08,2026-07-09,RESEARCH_SHORT,0.4462463259301965,0.5164179104477612,0,-0.002501975243613286,335,2026-07-07,HISTORICAL_RESEARCH_AS_OF_OOS
2026-07-09,2026-07-13,RESEARCH_SHORT,0.4743360297550832,0.5178571428571429,1,0.0013354350015324368,336,2026-07-08,HISTORICAL_RESEARCH_AS_OF_OOS
2026-07-13,2026-07-14,RESEARCH_SHORT,0.44982616711481804,0.516320474777448,1,0.01758116491658812,337,2026-07-09,HISTORICAL_RESEARCH_AS_OF_OOS
2026-07-14,2026-07-15,RESEARCH_SHORT,0.4394271483695159,0.5177514792899408,0,-0.027557737364721557,338,2026-07-13,HISTORICAL_RESEARCH_AS_OF_OOS
2026-07-15,2026-07-16,RESEARCH_LONG,0.696079585333181,0.5191740412979351,0,-0.007600434310532034,339,2026-07-14,HISTORICAL_RESEARCH_AS_OF_OOS
2026-07-16,2026-07-17,RESEARCH_LONG,0.5187168284479597,0.5176470588235295,0,-0.06509846827133481,340,2026-07-15,HISTORICAL_RESEARCH_AS_OF_OOS
2026-07-17,2026-07-20,RESEARCH_SHORT,0.44851276008130125,0.5161290322580645,1,0.001966062024575721,341,2026-07-16,HISTORICAL_RESEARCH_AS_OF_OOS
2026-07-20,2026-07-21,RESEARCH_SHORT,0.41480056519098313,0.5146198830409356,0,-0.040711990806969744,342,2026-07-17,HISTORICAL_RESEARCH_AS_OF_OOS
2026-07-21,2026-07-22,RESEARCH_SHORT,0.5095515314013687,0.5160349854227405,0,-0.00572368569303916,343,2026-07-20,HISTORICAL_RESEARCH_AS_OF_OOS
2026-07-22,2026-07-23,RESEARCH_SHORT,0.4574989006161882,0.5145348837209303,0,-0.006699379355156632,344,2026-07-21,HISTORICAL_RESEARCH_AS_OF_OOS
2026-07-23,2026-07-24,RESEARCH_SHORT,0.47943824685054465,0.5130434782608696,1,0.022813265079011824,345,2026-07-22,HISTORICAL_RESEARCH_AS_OF_OOS
2026-07-24,2026-07-27,RESEARCH_LONG,0.5417877702874796,0.5115606936416185,1,4.555289830321385e-05,346,2026-07-23,HISTORICAL_RESEARCH_AS_OF_OOS
2026-07-27,2026-07-28,RESEARCH_LONG,0.5488657266447087,0.5129682997118156,0,-0.052246794360808035,347,2026-07-24,HISTORICAL_RESEARCH_AS_OF_OOS
2026-07-28,2026-07-29,RESEARCH_SHORT,0.4264729603135485,0.514367816091954,1,0.029341792228390173,348,2026-07-27,HISTORICAL_RESEARCH_AS_OF_OOS
2026-07-29,2026-07-30,RESEARCH_SHORT,0.4306070127734129,0.5128939828080229,1,0.003020400079223662,349,2026-07-28,HISTORICAL_RESEARCH_AS_OF_OOS
2026-07-30,2026-07-31,RESEARCH_SHORT,0.39799248626893513,0.5142857142857142,0,-0.08462875589769059,350,2026-07-29,HISTORICAL_RESEARCH_AS_OF_OOS
2026-07-31,2026-08-03,RESEARCH_SHORT,0.5565030826167094,0.5156695156695157,1,0.010256879893768,351,2026-07-30,HISTORICAL_RESEARCH_AS_OF_OOS
2026-08-03,2026-08-04,RESEARCH_SHORT,0.48963637281106515,0.5142045454545454,0,-0.0029377746934999838,352,2026-07-31,HISTORICAL_RESEARCH_AS_OF_OOS
2026-08-04,2026-08-05,RESEARCH_LONG,0.5965410720183725,0.5155807365439093,1,0.026685425652143824,353,2026-08-03,HISTORICAL_RESEARCH_AS_OF_OOS
2026-08-05,2026-08-06,RESEARCH_LONG,0.6442630594518639,0.5141242937853108,0,-0.005256773150020266,354,2026-08-04,HISTORICAL_RESEARCH_AS_OF_OOS
2026-08-06,2026-08-07,RESEARCH_LONG,0.64355817174595,0.5154929577464789,1,0.0015582655826558156,355,2026-08-05,HISTORICAL_RESEARCH_AS_OF_OOS
2026-08-07,2026-08-10,RESEARCH_LONG,0.5298762698524536,0.5140449438202247,1,0.014385893706735153,356,2026-08-06,HISTORICAL_RESEARCH_AS_OF_OOS
2026-08-10,2026-08-11,RESEARCH_LONG,0.5506236253639887,0.5154061624649859,1,0.0022895503145352603,357,2026-08-07,HISTORICAL_RESEARCH_AS_OF_OOS
2026-08-11,2026-08-12,RESEARCH_LONG,0.5555102039778708,0.5167597765363129,1,0.00971390552228879,358,2026-08-10,HISTORICAL_RESEARCH_AS_OF_OOS
2026-08-12,2026-08-13,RESEARCH_LONG,0.5178232295288417,0.5181058495821727,1,0.010477069056404886,359,2026-08-11,HISTORICAL_RESEARCH_AS_OF_OOS
2026-08-13,2026-08-14,RESEARCH_LONG,0.5433454309972091,0.5194444444444445,0,-0.003564829909792455,360,2026-08-12,HISTORICAL_RESEARCH_AS_OF_OOS
2026-08-14,2026-08-17,RESEARCH_LONG,0.5595628767138606,0.5207756232686981,1,0.0010252830435635296,361,2026-08-13,HISTORICAL_RESEARCH_AS_OF_OOS
2026-08-17,2026-08-18,RESEARCH_LONG,0.5033331925233355,0.5193370165745856,0,-0.01749912831241285,362,2026-08-14,HISTORICAL_RESEARCH_AS_OF_OOS
2026-08-18,2026-08-19,RESEARCH_SHORT,0.5028797227959241,0.5206611570247934,1,0.012354441610291644,363,2026-08-17,HISTORICAL_RESEARCH_AS_OF_OOS
2026-08-19,2026-08-20,RESEARCH_SHORT,0.589971930742602,0.5192307692307693,0,-0.007635644987423751,364,2026-08-18,HISTORICAL_RESEARCH_AS_OF_OOS
2026-08-20,2026-08-21,RESEARCH_SHORT,0.4706166087583337,0.5205479452054794,0,-0.0062405277703485584,365,2026-08-19,HISTORICAL_RESEARCH_AS_OF_OOS
2026-08-21,2026-08-24,RESEARCH_SHORT,0.4864812506732642,0.5191256830601093,1,0.008549658899619006,366,2026-08-20,HISTORICAL_RESEARCH_AS_OF_OOS
2026-08-24,2026-08-25,RESEARCH_SHORT,0.46723801890959343,0.5177111716621253,0,-0.005920200169786893,367,2026-08-21,HISTORICAL_RESEARCH_AS_OF_OOS
2026-08-25,2026-08-26,RESEARCH_SHORT,0.5238114499359469,0.5190217391304348,0,-0.021853554533946218,368,2026-08-24,HISTORICAL_RESEARCH_AS_OF_OOS
2026-08-26,2026-08-27,RESEARCH_LONG,0.5892534763835555,0.5176151761517616,1,0.0014561735237226259,369,2026-08-25,HISTORICAL_RESEARCH_AS_OF_OOS
2026-08-27,2026-08-28,RESEARCH_LONG,0.5314593309183854,0.5162162162162162,1,0.006054950301662476,370,2026-08-26,HISTORICAL_RESEARCH_AS_OF_OOS
2026-08-28,2026-08-31,RESEARCH_LONG,0.5216576113990219,0.5175202156334232,0,-0.008067821472485304,371,2026-08-27,HISTORICAL_RESEARCH_AS_OF_OOS
2026-08-31,2026-09-01,RESEARCH_LONG,0.5444628953032523,0.5188172043010753,1,0.026662027270947908,372,2026-08-28,HISTORICAL_RESEARCH_AS_OF_OOS
2026-09-01,2026-09-02,RESEARCH_LONG,0.6164948504351023,0.517426273458445,0,-0.02160604969391433,373,2026-08-31,HISTORICAL_RESEARCH_AS_OF_OOS
2026-09-02,2026-09-03,RESEARCH_LONG,0.5050187399880416,0.5187165775401069,0,-0.007620862110026216,374,2026-09-01,HISTORICAL_RESEARCH_AS_OF_OOS
2026-09-03,2026-09-04,RESEARCH_SHORT,0.49967990474584345,0.5173333333333333,0,-0.018914850448327858,375,2026-09-02,HISTORICAL_RESEARCH_AS_OF_OOS
2026-09-04,2026-09-07,RESEARCH_LONG,0.5132631341687053,0.5159574468085106,1,0.016401164782459787,376,2026-09-03,HISTORICAL_RESEARCH_AS_OF_OOS
2026-09-07,2026-09-08,RESEARCH_LONG,0.5348222650354352,0.5145888594164456,0,-0.010322308826627324,377,2026-09-04,HISTORICAL_RESEARCH_AS_OF_OOS
2026-09-08,2026-09-09,RESEARCH_SHORT,0.4907706101501027,0.5158730158730159,0,-0.004406130268199249,378,2026-09-07,HISTORICAL_RESEARCH_AS_OF_OOS
2026-09-09,2026-09-10,RESEARCH_LONG,0.5212071746526221,0.5145118733509235,0,-0.006717951978299053,379,2026-09-08,HISTORICAL_RESEARCH_AS_OF_OOS
2026-09-10,2026-09-11,RESEARCH_LONG,0.515230515752086,0.5131578947368421,0,-0.013910817153829691,380,2026-09-09,HISTORICAL_RESEARCH_AS_OF_OOS
2026-09-11,2026-09-14,RESEARCH_SHORT,0.4709281801051713,0.5118110236220472,1,0.00947682721017784,381,2026-09-10,HISTORICAL_RESEARCH_AS_OF_OOS
2026-09-14,2026-09-15,RESEARCH_SHORT,0.43510702126833994,0.5104712041884817,1,0.003778942769768423,382,2026-09-11,HISTORICAL_RESEARCH_AS_OF_OOS
2026-09-15,2026-09-16,RESEARCH_SHORT,0.42616739577009527,0.5117493472584856,0,-0.010327362027758857,383,2026-09-14,HISTORICAL_RESEARCH_AS_OF_OOS
2026-09-16,2026-09-17,RESEARCH_SHORT,0.5296198870302595,0.5130208333333334,0,-0.007964755414731517,384,2026-09-15,HISTORICAL_RESEARCH_AS_OF_OOS
2026-09-17,2026-09-18,RESEARCH_SHORT,0.4831546831190408,0.5116883116883116,0,-0.02094951017332325,385,2026-09-16,HISTORICAL_RESEARCH_AS_OF_OOS
2026-09-18,2026-09-21,RESEARCH_LONG,0.5273477335301044,0.5103626943005182,1,0.013897675988021385,386,2026-09-17,HISTORICAL_RESEARCH_AS_OF_OOS
2026-09-21,2026-09-22,RESEARCH_LONG,0.5644181110068888,0.5090439276485789,1,0.003452794475528931,387,2026-09-18,HISTORICAL_RESEARCH_AS_OF_OOS
2026-09-22,2026-09-23,RESEARCH_LONG,0.5993736277674073,0.5103092783505154,1,0.0019277408121385342,388,2026-09-21,HISTORICAL_RESEARCH_AS_OF_OOS
2026-09-23,2026-09-24,RESEARCH_LONG,0.5530219979502211,0.5115681233933161,0,-0.00440665342601787,389,2026-09-22,HISTORICAL_RESEARCH_AS_OF_OOS
2026-09-24,2026-09-29,RESEARCH_LONG,0.5398491452016112,0.5128205128205128,0,-0.007397710034702687,390,2026-09-23,HISTORICAL_RESEARCH_AS_OF_OOS
2026-09-29,2026-09-30,RESEARCH_LONG,0.4984827290217498,0.5115089514066496,1,0.011786379718215612,391,2026-09-24,HISTORICAL_RESEARCH_AS_OF_OOS
2026-09-30,2026-10-01,RESEARCH_LONG,0.4822534852786494,0.5102040816326531,1,0.007345334160976602,392,2026-09-29,HISTORICAL_RESEARCH_AS_OF_OOS
