forecastDate,targetDate,researchDirection,probability,naiveProbability,trainingSampleCount,trainingPositiveCount,trainingNegativeCount,fitCutoff,provenance,feature_momentum_5,feature_range_pct_1,feature_open_interest_change_1
2025-02-06,2025-02-07,RESEARCH_SHORT,0.43137282310058056,0.36666666666666664,30,11,19,2025-02-05,HISTORICAL_RESEARCH_AS_OF_OOS,-0.0032099293815536223,0.00622584800343495,-0.0005467468562055933
2025-02-07,2025-02-10,RESEARCH_SHORT,0.366235945490824,0.3548387096774194,31,11,20,2025-02-06,HISTORICAL_RESEARCH_AS_OF_OOS,-0.011266773567389698,0.007980880030728521,0.020507209785109115
2025-02-10,2025-02-11,RESEARCH_LONG,0.40735703238137017,0.34375,32,11,21,2025-02-07,HISTORICAL_RESEARCH_AS_OF_OOS,0.028675103991503637,0.00856061257850813,-0.034321136982159106
2025-02-11,2025-02-12,RESEARCH_LONG,0.4082501658621898,0.36363636363636365,33,12,21,2025-02-10,HISTORICAL_RESEARCH_AS_OF_OOS,0.022478310402243462,0.008613670452110563,0.0008397739727001863
2025-02-12,2025-02-13,RESEARCH_LONG,0.38121069378204503,0.38235294117647056,34,13,21,2025-02-11,HISTORICAL_RESEARCH_AS_OF_OOS,0.007867548523754042,0.010465365644434912,0.011434097502702079
2025-02-13,2025-02-14,RESEARCH_LONG,0.38510303358287257,0.37142857142857144,35,13,22,2025-02-12,HISTORICAL_RESEARCH_AS_OF_OOS,0.0046801202232718,0.008974742510363691,-0.006594488188976344
2025-02-14,2025-02-17,RESEARCH_SHORT,0.3545087268309921,0.3888888888888889,36,14,22,2025-02-13,HISTORICAL_RESEARCH_AS_OF_OOS,-0.010754982715206363,0.010052202424608482,-0.02660967289918048
2025-02-17,2025-02-18,RESEARCH_LONG,0.34029640697848623,0.3783783783783784,37,14,23,2025-02-14,HISTORICAL_RESEARCH_AS_OF_OOS,0.011098683644497953,0.01093430905377808,-0.3968242427767519
2025-02-18,2025-02-19,RESEARCH_LONG,0.3741676507166336,0.3684210526315789,38,14,24,2025-02-17,HISTORICAL_RESEARCH_AS_OF_OOS,0.013456181701307024,0.008330161951879573,-0.4142137364094405
2025-02-19,2025-02-20,RESEARCH_LONG,0.6115243604973085,0.38461538461538464,39,15,24,2025-02-18,HISTORICAL_RESEARCH_AS_OF_OOS,0.012609907784687957,0.005379304502520226,1.7880571216922507
2025-02-20,2025-03-24,RESEARCH_LONG,0.4016305800395877,0.375,40,15,25,2025-02-19,HISTORICAL_RESEARCH_AS_OF_OOS,0.005940424804478761,0.008199507179879344,0.03988368488641569
2025-03-24,2025-03-25,RESEARCH_SHORT,0.2549716557338612,0.36585365853658536,41,15,26,2025-02-20,HISTORICAL_RESEARCH_AS_OF_OOS,-0.04396220717028343,0.012409747292418772,0.048190889863589215
2025-03-25,2025-03-26,RESEARCH_SHORT,0.24063623384111657,0.35714285714285715,42,15,27,2025-03-24,HISTORICAL_RESEARCH_AS_OF_OOS,-0.051310415248468355,0.0108081442281819,-0.01611505335572283
2025-03-26,2025-03-27,RESEARCH_SHORT,0.21049933604198087,0.3488372093023256,43,15,28,2025-03-25,HISTORICAL_RESEARCH_AS_OF_OOS,-0.05683115565140173,0.008025106478368078,0.012139730778759628
2025-03-27,2025-03-28,RESEARCH_SHORT,0.15756027125869418,0.3409090909090909,44,15,29,2025-03-26,HISTORICAL_RESEARCH_AS_OF_OOS,-0.06950739124909988,0.00732884195193008,0.05064186248912095
2025-03-28,2025-03-31,RESEARCH_SHORT,0.229718071051933,0.35555555555555557,45,16,29,2025-03-27,HISTORICAL_RESEARCH_AS_OF_OOS,-0.0822074942645934,0.014349858815905198,0.017577012684442117
2025-03-31,2025-04-01,RESEARCH_SHORT,0.2882701389015633,0.3695652173913043,46,17,29,2025-03-28,HISTORICAL_RESEARCH_AS_OF_OOS,-0.06277075812274369,0.01641870094852906,-0.016484774479126885
2025-04-01,2025-04-02,RESEARCH_SHORT,0.334943097914883,0.3829787234042553,47,18,29,2025-03-31,HISTORICAL_RESEARCH_AS_OF_OOS,-0.05009417885012113,0.01808224352013597,-0.025503737616719646
2025-04-02,2025-04-07,RESEARCH_SHORT,0.4788915549710748,0.375,48,18,30,2025-04-01,HISTORICAL_RESEARCH_AS_OF_OOS,-0.044877830082940995,0.008073601201652273,-0.02556071665560722
2025-04-07,2025-04-08,RESEARCH_SHORT,0.7667543089106608,0.3673469387755102,49,18,31,2025-04-02,HISTORICAL_RESEARCH_AS_OF_OOS,-0.12750364166059724,0.0,-0.017310416212682478
2025-04-08,2025-04-09,RESEARCH_SHORT,0.06184053980327768,0.38,50,19,31,2025-04-07,HISTORICAL_RESEARCH_AS_OF_OOS,-0.15798731657640142,0.04123144584936778,0.027607999667373484
2025-04-09,2025-04-10,RESEARCH_SHORT,0.002677725177826584,0.39215686274509803,51,20,31,2025-04-08,HISTORICAL_RESEARCH_AS_OF_OOS,-0.17165005537098565,0.06667054173448035,0.012070942072965218
2025-04-10,2025-04-11,RESEARCH_SHORT,0.8000781095278027,0.40384615384615385,52,21,31,2025-04-09,HISTORICAL_RESEARCH_AS_OF_OOS,-0.10759643076342007,0.0,-0.019003198294243018
2025-04-11,2025-04-14,RESEARCH_SHORT,0.08913053571983269,0.39622641509433965,53,21,32,2025-04-10,HISTORICAL_RESEARCH_AS_OF_OOS,-0.08355238452872704,0.05762138905961893,-0.06380579781019913
2025-04-14,2025-04-15,RESEARCH_LONG,0.20498893017022166,0.3888888888888889,54,21,33,2025-04-11,HISTORICAL_RESEARCH_AS_OF_OOS,0.01690405384254179,0.02729464881227233,-0.38170552984024264
2025-04-15,2025-04-16,RESEARCH_LONG,0.2360684210016504,0.4,55,22,33,2025-04-14,HISTORICAL_RESEARCH_AS_OF_OOS,0.08840021990104452,0.015961208202848774,-0.4455187627607895
2025-04-16,2025-04-17,RESEARCH_LONG,0.33754582904720376,0.4107142857142857,56,23,33,2025-04-15,HISTORICAL_RESEARCH_AS_OF_OOS,0.12491281097419216,0.016431560998294837,2.066618698946121
2025-04-17,2025-04-18,RESEARCH_LONG,0.34904189112976153,0.40350877192982454,57,23,34,2025-04-16,HISTORICAL_RESEARCH_AS_OF_OOS,0.024706380277219386,0.015178894109143477,0.03999723966599955
2025-04-18,2025-04-21,RESEARCH_SHORT,0.3949762830877736,0.41379310344827586,58,24,34,2025-04-17,HISTORICAL_RESEARCH_AS_OF_OOS,-0.00993648842450312,0.007449560269011899,-9.289610234497481e-05
2025-04-21,2025-04-22,RESEARCH_SHORT,0.41042267591814646,0.4067796610169492,59,24,35,2025-04-18,HISTORICAL_RESEARCH_AS_OF_OOS,-0.02011184649325326,0.01785433792345149,0.03466673745122506
2025-04-22,2025-04-23,RESEARCH_SHORT,0.43373135914763905,0.4166666666666667,60,25,35,2025-04-21,HISTORICAL_RESEARCH_AS_OF_OOS,-0.050560662693201364,0.013938394424642231,-0.00029503065753355706
2025-04-23,2025-04-24,RESEARCH_LONG,0.41432498846547045,0.4262295081967213,61,26,35,2025-04-22,HISTORICAL_RESEARCH_AS_OF_OOS,0.010385986668733471,0.02173468344072824,0.029614422274972796
2025-04-24,2025-04-25,RESEARCH_LONG,0.3996889365468375,0.41935483870967744,62,26,36,2025-04-23,HISTORICAL_RESEARCH_AS_OF_OOS,0.00500800247818689,0.013818966402959005,-0.04139924977879694
2025-04-25,2025-04-28,RESEARCH_LONG,0.3751474560499092,0.4126984126984127,63,26,37,2025-04-24,HISTORICAL_RESEARCH_AS_OF_OOS,0.028091050181065613,0.008051124641473355,-0.002366063883724845
2025-04-28,2025-04-29,RESEARCH_LONG,0.37595666094617364,0.421875,64,27,37,2025-04-25,HISTORICAL_RESEARCH_AS_OF_OOS,0.045342688098853445,0.006010518407212622,-0.015246484838217889
2025-04-29,2025-04-30,RESEARCH_LONG,0.3901241255811985,0.4307692307692308,65,28,37,2025-04-28,HISTORICAL_RESEARCH_AS_OF_OOS,0.07219237112305166,0.012106777810856405,0.020537521999761887
2025-04-30,2025-05-02,RESEARCH_LONG,0.42109940002511453,0.4393939393939394,66,29,37,2025-04-29,HISTORICAL_RESEARCH_AS_OF_OOS,0.030428556817019503,0.010074941684450842,-0.025207142023573326
2025-05-02,2025-05-05,RESEARCH_LONG,0.3963839258977195,0.43283582089552236,67,29,38,2025-04-30,HISTORICAL_RESEARCH_AS_OF_OOS,0.06221103462447353,0.011655462591285002,0.04198092501696005
2025-05-05,2025-05-06,RESEARCH_LONG,0.42617169989694886,0.4411764705882353,68,30,38,2025-05-02,HISTORICAL_RESEARCH_AS_OF_OOS,0.02671966990388963,0.028915898843364048,0.0008297907650671732
2025-05-06,2025-05-07,RESEARCH_LONG,0.4172078660283403,0.43478260869565216,69,30,39,2025-05-05,HISTORICAL_RESEARCH_AS_OF_OOS,0.01863260706235903,0.016374096474406255,0.04672313069210943
2025-05-07,2025-05-08,RESEARCH_LONG,0.40828392312404915,0.42857142857142855,70,30,40,2025-05-06,HISTORICAL_RESEARCH_AS_OF_OOS,0.011263272799444168,0.014474265247043816,0.013733685916574201
2025-05-08,2025-05-09,RESEARCH_LONG,0.41723658591936563,0.43661971830985913,71,31,40,2025-05-07,HISTORICAL_RESEARCH_AS_OF_OOS,0.02114248846096589,0.01181044957472661,0.022371015050247633
2025-05-09,2025-05-12,RESEARCH_LONG,0.4329329443790554,0.4444444444444444,72,32,40,2025-05-08,HISTORICAL_RESEARCH_AS_OF_OOS,0.008270058519127543,0.013238679969301611,0.02875989135674728
2025-05-12,2025-05-13,RESEARCH_LONG,0.4359396673024809,0.4520547945205479,73,33,40,2025-05-09,HISTORICAL_RESEARCH_AS_OF_OOS,0.032444618702215156,0.00740529763600114,0.018915366592376692
2025-05-13,2025-05-14,RESEARCH_LONG,0.4365909358240389,0.4594594594594595,74,34,40,2025-05-12,HISTORICAL_RESEARCH_AS_OF_OOS,0.050302404484437124,0.010861423220973783,-0.010431856421761032
2025-05-14,2025-05-15,RESEARCH_LONG,0.44888952017905087,0.4666666666666667,75,35,40,2025-05-13,HISTORICAL_RESEARCH_AS_OF_OOS,0.06805357931406708,0.009555310547592797,0.012706869190659775
2025-05-15,2025-05-16,RESEARCH_LONG,0.46917270544441514,0.47368421052631576,76,36,40,2025-05-14,HISTORICAL_RESEARCH_AS_OF_OOS,0.054386391251518784,0.0061768230847238864,-0.01809919297970697
2025-05-16,2025-05-19,RESEARCH_LONG,0.4496976351281536,0.4675324675324675,77,36,41,2025-05-15,HISTORICAL_RESEARCH_AS_OF_OOS,0.046671143514965374,0.009119655377847029,-0.06854452601340566
2025-05-19,2025-05-20,RESEARCH_LONG,0.44644056923050535,0.47435897435897434,78,37,41,2025-05-16,HISTORICAL_RESEARCH_AS_OF_OOS,0.022405772334567642,0.011560962020614728,-0.4143628152880273
2025-05-20,2025-05-21,RESEARCH_LONG,0.43515424204343045,0.46835443037974683,79,37,42,2025-05-19,HISTORICAL_RESEARCH_AS_OF_OOS,0.00838014981273405,0.01239611866846186,-0.46807932627003535
2025-05-21,2025-05-22,RESEARCH_SHORT,0.5971218462737363,0.475,80,38,42,2025-05-20,HISTORICAL_RESEARCH_AS_OF_OOS,-0.004410143329658167,0.012689184200812107,2.6123202640056573
2025-05-22,2025-05-23,RESEARCH_SHORT,0.4841663879028467,0.48148148148148145,81,39,42,2025-05-21,HISTORICAL_RESEARCH_AS_OF_OOS,-0.008804277680464656,0.007161791377947264,0.03144168443033024
2025-05-23,2025-05-26,RESEARCH_SHORT,0.48195481819754216,0.4878048780487805,82,40,42,2025-05-22,HISTORICAL_RESEARCH_AS_OF_OOS,-0.016085422299619623,0.01248253376804844,-0.008235008804394761
2025-05-26,2025-05-27,RESEARCH_SHORT,0.49266727484355455,0.4939759036144578,83,41,42,2025-05-23,HISTORICAL_RESEARCH_AS_OF_OOS,-0.007103723651221139,0.009913490764554594,0.021752535669480544
2025-05-27,2025-05-28,RESEARCH_SHORT,0.4953050569559895,0.5,84,42,42,2025-05-26,HISTORICAL_RESEARCH_AS_OF_OOS,-0.01420678768745065,0.014364432722648706,0.023318488304336915
2025-05-28,2025-05-29,RESEARCH_SHORT,0.4969425167466362,0.5058823529411764,85,43,42,2025-05-27,HISTORICAL_RESEARCH_AS_OF_OOS,-0.019379844961240345,0.017033690946734424,-0.0004779094005795681
2025-05-29,2025-06-02,RESEARCH_SHORT,0.49036581943898105,0.5,86,43,43,2025-05-28,HISTORICAL_RESEARCH_AS_OF_OOS,-0.008510440403664554,0.01599437148217636,0.005239170685059635
2025-06-02,2025-06-03,RESEARCH_SHORT,0.4930414411391448,0.4942528735632184,87,43,44,2025-05-29,HISTORICAL_RESEARCH_AS_OF_OOS,-0.028132277596646493,0.012412537141761718,0.006446520194711258
2025-06-03,2025-06-04,RESEARCH_SHORT,0.4938100237688855,0.5,88,44,44,2025-06-02,HISTORICAL_RESEARCH_AS_OF_OOS,-0.0193593640402151,0.012684182919269467,-0.0448969331322272
2025-06-04,2025-06-05,RESEARCH_LONG,0.4885359998351326,0.4943820224719101,89,44,45,2025-06-03,HISTORICAL_RESEARCH_AS_OF_OOS,0.011727028681769003,0.012661763336747045,0.017665947254829728
2025-06-05,2025-06-06,RESEARCH_LONG,0.48769235216819257,0.4888888888888889,90,44,46,2025-06-04,HISTORICAL_RESEARCH_AS_OF_OOS,0.014163372859025136,0.007655546791629935,-0.012724620589056879
2025-06-06,2025-06-09,RESEARCH_LONG,0.4962976964635517,0.4945054945054945,91,45,46,2025-06-05,HISTORICAL_RESEARCH_AS_OF_OOS,0.012101313320825424,0.005422189266845861,-0.015089120115683308
2025-06-09,2025-06-10,RESEARCH_LONG,0.5030538469961675,0.5,92,46,46,2025-06-06,HISTORICAL_RESEARCH_AS_OF_OOS,0.04126329914693749,0.00745616053757997,-0.007841009436872937
2025-06-10,2025-06-11,RESEARCH_LONG,0.49505937281854945,0.5053763440860215,93,47,46,2025-06-09,HISTORICAL_RESEARCH_AS_OF_OOS,0.05445615373611168,0.01745579523357301,0.023183494895770762
2025-06-11,2025-06-12,RESEARCH_LONG,0.5200699009021483,0.5106382978723404,94,48,46,2025-06-10,HISTORICAL_RESEARCH_AS_OF_OOS,0.040452471836886605,0.007382220034897767,-0.029763776226707783
2025-06-12,2025-06-13,RESEARCH_LONG,0.5303499201222776,0.5157894736842106,95,49,46,2025-06-11,HISTORICAL_RESEARCH_AS_OF_OOS,0.032431680044541444,0.005168074779795075,-0.028775735055844853
2025-06-13,2025-06-16,RESEARCH_LONG,0.5059720547542562,0.5104166666666666,96,49,47,2025-06-12,HISTORICAL_RESEARCH_AS_OF_OOS,0.016776346278617016,0.011212397447584321,-0.0836688391129301
2025-06-16,2025-06-17,RESEARCH_LONG,0.4752059780430391,0.5051546391752577,97,49,48,2025-06-13,HISTORICAL_RESEARCH_AS_OF_OOS,0.014037833110875919,0.00875998547567175,-0.47610782731123547
2025-06-17,2025-06-18,RESEARCH_LONG,0.47313655640334185,0.5102040816326531,98,50,48,2025-06-16,HISTORICAL_RESEARCH_AS_OF_OOS,0.002080224302446476,0.008980549663793493,-0.5781438235566676
2025-06-18,2025-06-19,RESEARCH_SHORT,0.7189579441034633,0.5151515151515151,99,51,48,2025-06-17,HISTORICAL_RESEARCH_AS_OF_OOS,-0.018835846270860324,0.012220702234382125,4.206546213410951
2025-06-19,2025-06-20,RESEARCH_SHORT,0.5028814088734834,0.51,100,51,49,2025-06-18,HISTORICAL_RESEARCH_AS_OF_OOS,-0.024626999820240858,0.008385551050497604,-0.001982996856738972
2025-06-20,2025-06-23,RESEARCH_SHORT,0.5038415557327232,0.5148514851485149,101,52,49,2025-06-19,HISTORICAL_RESEARCH_AS_OF_OOS,-0.013081130355515058,0.012607952708631598,0.0005284406772496641
2025-06-23,2025-06-24,RESEARCH_SHORT,0.5083938819774492,0.5196078431372549,102,53,49,2025-06-20,HISTORICAL_RESEARCH_AS_OF_OOS,-0.025372185911401557,0.012993061053415918,0.009844931761524567
2025-06-24,2025-06-25,RESEARCH_SHORT,0.520759551825331,0.5242718446601942,103,54,49,2025-06-23,HISTORICAL_RESEARCH_AS_OF_OOS,-0.009025678054063846,0.00919896170135252,0.013221757322175787
2025-06-25,2025-06-26,RESEARCH_LONG,0.5217367269418156,0.5192307692307693,104,54,50,2025-06-24,HISTORICAL_RESEARCH_AS_OF_OOS,0.010442316461468204,0.006814386930818178,0.021473406012553653
2025-06-26,2025-06-27,RESEARCH_LONG,0.5179313548723196,0.5142857142857142,105,54,51,2025-06-25,HISTORICAL_RESEARCH_AS_OF_OOS,0.01902875046074448,0.00836460641135778,0.0431254042690814
2025-06-27,2025-06-30,RESEARCH_LONG,0.5084554430724157,0.5094339622641509,106,54,52,2025-06-26,HISTORICAL_RESEARCH_AS_OF_OOS,0.021613633214796923,0.010487771800551512,0.013884179011927067
2025-06-30,2025-07-01,RESEARCH_LONG,0.5178311574957017,0.514018691588785,107,55,52,2025-06-27,HISTORICAL_RESEARCH_AS_OF_OOS,0.03129511479532443,0.007721833370964101,0.005179465616757861
2025-07-01,2025-07-02,RESEARCH_LONG,0.5139640957784959,0.5185185185185185,108,56,52,2025-06-30,HISTORICAL_RESEARCH_AS_OF_OOS,0.017942529259073803,0.017984163199570528,0.019032951153195254
2025-07-02,2025-07-03,RESEARCH_LONG,0.5215620620776755,0.5229357798165137,109,57,52,2025-07-01,HISTORICAL_RESEARCH_AS_OF_OOS,0.010695428494065684,0.008617610287551349,-0.013882150987050812
2025-07-03,2025-07-04,RESEARCH_LONG,0.5329985611081025,0.5272727272727272,110,58,52,2025-07-02,HISTORICAL_RESEARCH_AS_OF_OOS,0.025229461500203554,0.007453142227122381,-0.0021286660359508547
2025-07-04,2025-07-07,RESEARCH_LONG,0.5281451822390326,0.5315315315315315,111,59,52,2025-07-03,HISTORICAL_RESEARCH_AS_OF_OOS,0.01419465666109132,0.014753733006463116,-0.01938848068262622
2025-07-07,2025-07-08,RESEARCH_LONG,0.5236428815850022,0.5267857142857143,112,59,53,2025-07-04,HISTORICAL_RESEARCH_AS_OF_OOS,0.008624971776924895,0.011729942693409743,0.0031518901672629163
2025-07-08,2025-07-09,RESEARCH_SHORT,0.5128612956454636,0.5221238938053098,113,59,54,2025-07-07,HISTORICAL_RESEARCH_AS_OF_OOS,-0.004563145886458231,0.011505100894341827,-0.011902926095840205
2025-07-09,2025-07-10,RESEARCH_LONG,0.5091977334152928,0.5175438596491229,114,59,55,2025-07-08,HISTORICAL_RESEARCH_AS_OF_OOS,0.0016967315592069099,0.014576089863599893,-0.0021166395177573127
2025-07-10,2025-07-11,RESEARCH_SHORT,0.5036176719275737,0.5130434782608696,115,59,56,2025-07-09,HISTORICAL_RESEARCH_AS_OF_OOS,-0.002822491730981258,0.010481623988324267,-0.02586409133562717
2025-07-11,2025-07-14,RESEARCH_LONG,0.5106543290251937,0.5172413793103449,116,60,56,2025-07-10,HISTORICAL_RESEARCH_AS_OF_OOS,0.014664586583463368,0.012563697065542084,-0.054636858054546544
2025-07-14,2025-07-15,RESEARCH_LONG,0.4764111833675099,0.5128205128205128,117,60,57,2025-07-11,HISTORICAL_RESEARCH_AS_OF_OOS,0.009625716332378298,0.0077601880182696995,-0.4005604322121151
2025-07-15,2025-07-16,RESEARCH_LONG,0.45551156707344725,0.5084745762711864,118,60,58,2025-07-14,HISTORICAL_RESEARCH_AS_OF_OOS,0.02512246640600413,0.016220955721174924,-0.6113678618857902
2025-07-16,2025-07-17,RESEARCH_LONG,0.7671971384775275,0.5126050420168067,119,61,58,2025-07-15,HISTORICAL_RESEARCH_AS_OF_OOS,0.021663546402781453,0.012958115183246074,3.533533807180609
2025-07-17,2025-07-18,RESEARCH_LONG,0.5229286499632935,0.5166666666666667,120,62,58,2025-07-16,HISTORICAL_RESEARCH_AS_OF_OOS,0.023749502454557536,0.012268878520822533,0.024321119173484007
2025-07-18,2025-07-21,RESEARCH_LONG,0.5185061278851351,0.5206611570247934,121,63,58,2025-07-17,HISTORICAL_RESEARCH_AS_OF_OOS,0.021876647337901955,0.007265067492047116,-0.045436706501049806
2025-07-21,2025-07-22,RESEARCH_LONG,0.5292611941956181,0.5245901639344263,122,64,58,2025-07-18,HISTORICAL_RESEARCH_AS_OF_OOS,0.030020841647820484,0.005553642156018598,-0.024688820137525602
2025-07-22,2025-07-23,RESEARCH_LONG,0.5176922058555867,0.5203252032520326,123,64,59,2025-07-21,HISTORICAL_RESEARCH_AS_OF_OOS,0.007891275756247262,0.018660287081339714,0.007882894750708802
2025-07-23,2025-07-24,RESEARCH_LONG,0.5122902475294767,0.5161290322580645,124,64,60,2025-07-22,HISTORICAL_RESEARCH_AS_OF_OOS,0.011605584642233824,0.011127404468213578,0.005939123979213035
2025-07-24,2025-07-25,RESEARCH_LONG,0.5090127948712708,0.52,125,65,60,2025-07-23,HISTORICAL_RESEARCH_AS_OF_OOS,0.006998444790046632,0.007679107679107679,-0.012005613013876593
2025-07-25,2025-07-28,RESEARCH_SHORT,0.5080794736841754,0.5238095238095238,126,66,60,2025-07-24,HISTORICAL_RESEARCH_AS_OF_OOS,-0.0010317255610007292,0.0052069885532317756,0.004702788006312408
2025-07-28,2025-07-29,RESEARCH_LONG,0.5104427850741586,0.5196850393700787,127,66,61,2025-07-25,HISTORICAL_RESEARCH_AS_OF_OOS,0.007060444291372425,0.009319425444596444,-0.006167733017791166
2025-07-29,2025-07-30,RESEARCH_LONG,0.5118543325443244,0.515625,128,66,62,2025-07-28,HISTORICAL_RESEARCH_AS_OF_OOS,0.0075250108742932476,0.014333203816431378,-0.033643107008892836
2025-07-30,2025-07-31,RESEARCH_LONG,0.5015142207523609,0.5116279069767442,129,66,63,2025-07-29,HISTORICAL_RESEARCH_AS_OF_OOS,0.007547658069524621,0.009545824236976157,-0.007043558850787779
2025-07-31,2025-08-01,RESEARCH_LONG,0.5125567690749604,0.5153846153846153,130,67,63,2025-07-30,HISTORICAL_RESEARCH_AS_OF_OOS,0.011969111969111879,0.011276442409597694,0.0063029131757239565
2025-08-01,2025-08-04,RESEARCH_LONG,0.5188845099454703,0.5190839694656488,131,68,63,2025-07-31,HISTORICAL_RESEARCH_AS_OF_OOS,0.004561494104484032,0.01687799862919808,-0.04004670296694779
2025-08-04,2025-08-05,RESEARCH_SHORT,0.5022211696942647,0.5151515151515151,132,68,64,2025-08-01,HISTORICAL_RESEARCH_AS_OF_OOS,-0.0056429548563611265,0.011521926053310405,0.0003182794721108273
2025-08-05,2025-08-06,RESEARCH_LONG,0.5056695063542449,0.5112781954887218,133,68,65,2025-08-04,HISTORICAL_RESEARCH_AS_OF_OOS,0.01778698786858346,0.006914103923647932,0.020590675105964795
2025-08-06,2025-08-07,RESEARCH_LONG,0.4835019714046417,0.5074626865671642,134,68,66,2025-08-05,HISTORICAL_RESEARCH_AS_OF_OOS,0.0027396087496254218,0.004354322305229455,-0.04200950864574171
2025-08-07,2025-08-08,RESEARCH_LONG,0.5158067426831627,0.5037037037037037,135,68,67,2025-08-06,HISTORICAL_RESEARCH_AS_OF_OOS,0.01729619738013488,0.016710422136100345,0.029567642956764395
2025-08-08,2025-08-11,RESEARCH_LONG,0.5006786264237606,0.5073529411764706,136,69,67,2025-08-07,HISTORICAL_RESEARCH_AS_OF_OOS,0.025916723783413254,0.006179798738987014,-0.031360065023029016
2025-08-11,2025-08-12,RESEARCH_LONG,0.5140833946822129,0.5036496350364964,137,69,68,2025-08-08,HISTORICAL_RESEARCH_AS_OF_OOS,0.03877901977644016,0.01614104792649615,-0.01863506048528074
2025-08-12,2025-08-13,RESEARCH_LONG,0.5039391621559078,0.5072463768115942,138,70,68,2025-08-11,HISTORICAL_RESEARCH_AS_OF_OOS,0.023753976670201515,0.006339341205717837,-0.017730117448668148
2025-08-13,2025-08-14,RESEARCH_LONG,0.5075851522272363,0.5035971223021583,139,70,69,2025-08-12,HISTORICAL_RESEARCH_AS_OF_OOS,0.03935965848452505,0.010596788105310716,-0.005706410039412968
2025-08-14,2025-08-15,RESEARCH_LONG,0.5006258215980083,0.5071428571428571,140,71,69,2025-08-13,HISTORICAL_RESEARCH_AS_OF_OOS,0.010542984539734235,0.006391752577319588,-0.02112059531626176
2025-08-15,2025-08-18,RESEARCH_LONG,0.4896676928522487,0.5035460992907801,141,71,70,2025-08-14,HISTORICAL_RESEARCH_AS_OF_OOS,0.015157209069272204,0.008102994406054623,-0.11060182597354207
2025-08-18,2025-08-19,RESEARCH_LONG,0.4689374287947279,0.5070422535211268,142,72,70,2025-08-15,HISTORICAL_RESEARCH_AS_OF_OOS,0.010926247827166558,0.011708834848112666,-0.36683845197692766
2025-08-19,2025-08-20,RESEARCH_LONG,0.46985724105756854,0.5104895104895105,143,73,70,2025-08-18,HISTORICAL_RESEARCH_AS_OF_OOS,0.008576755748912257,0.005504888669788843,-0.4395279585309364
2025-08-20,2025-08-21,RESEARCH_SHORT,0.666357026734092,0.5069444444444444,144,73,71,2025-08-19,HISTORICAL_RESEARCH_AS_OF_OOS,-0.027929519037253048,0.02226729200997169,2.0321539611948523
2025-08-21,2025-08-22,RESEARCH_SHORT,0.49303670256562754,0.503448275862069,145,73,72,2025-08-20,HISTORICAL_RESEARCH_AS_OF_OOS,-0.01641237113402061,0.010565151769243669,0.01648408701521209
2025-08-22,2025-08-25,RESEARCH_SHORT,0.48781995864858324,0.5,146,73,73,2025-08-21,HISTORICAL_RESEARCH_AS_OF_OOS,-0.023116156630470508,0.010526315789473684,0.020468881681436235
2025-08-25,2025-08-26,RESEARCH_SHORT,0.4957862475811609,0.5034013605442177,147,74,73,2025-08-22,HISTORICAL_RESEARCH_AS_OF_OOS,-0.007164496847621438,0.010061440765329265,-0.005217913585344847
2025-08-26,2025-08-27,RESEARCH_SHORT,0.49352824108024923,0.5,148,74,74,2025-08-25,HISTORICAL_RESEARCH_AS_OF_OOS,-0.003656232026949313,0.007875314394095575,-0.017157232704402503
2025-08-27,2025-08-28,RESEARCH_LONG,0.5061502349242408,0.4966442953020134,149,74,75,2025-08-26,HISTORICAL_RESEARCH_AS_OF_OOS,0.03363332910804062,0.006744880022891714,0.015997747517149552
2025-08-28,2025-08-29,RESEARCH_LONG,0.4915974368135834,0.49333333333333335,150,74,76,2025-08-27,HISTORICAL_RESEARCH_AS_OF_OOS,0.015763877242998436,0.008956579164602938,-0.021338775098883933
2025-08-29,2025-09-01,RESEARCH_LONG,0.4899723447870696,0.4900662251655629,151,74,77,2025-08-28,HISTORICAL_RESEARCH_AS_OF_OOS,0.02176842105263166,0.008530102608480652,-0.009666374916336262
2025-09-01,2025-09-02,RESEARCH_SHORT,0.48079941314673114,0.4934210526315789,152,75,77,2025-08-29,HISTORICAL_RESEARCH_AS_OF_OOS,-0.010020205352356593,0.016577807397534155,0.006251543390390024
2025-09-02,2025-09-03,RESEARCH_SHORT,0.47818205235628697,0.49019607843137253,153,75,78,2025-09-01,HISTORICAL_RESEARCH_AS_OF_OOS,-0.011874819609945186,0.015439182140621741,0.006419364005063155
2025-09-03,2025-09-04,RESEARCH_SHORT,0.48066819300041036,0.4935064935064935,154,76,78,2025-09-02,HISTORICAL_RESEARCH_AS_OF_OOS,-0.019049176307076032,0.008126015751968996,0.006237246371231686
2025-09-04,2025-09-05,RESEARCH_SHORT,0.4807462613782501,0.49032258064516127,155,76,79,2025-09-03,HISTORICAL_RESEARCH_AS_OF_OOS,-0.003962357602773636,0.0104425658876181,-0.014004208915247784
2025-09-05,2025-09-08,RESEARCH_LONG,0.4817930707112898,0.48717948717948717,156,76,80,2025-09-04,HISTORICAL_RESEARCH_AS_OF_OOS,0.006263650224584749,0.005856095663213072,0.005782141332608903
2025-09-08,2025-09-09,RESEARCH_LONG,0.4843574912902527,0.4840764331210191,157,76,81,2025-09-05,HISTORICAL_RESEARCH_AS_OF_OOS,0.022617460846384496,0.006354119995112216,-0.005684595004758597
2025-09-09,2025-09-10,RESEARCH_LONG,0.496773526282412,0.4873417721518987,158,77,81,2025-09-08,HISTORICAL_RESEARCH_AS_OF_OOS,0.03492593365324437,0.007176840577372792,0.027602442052980125
2025-09-10,2025-09-11,RESEARCH_LONG,0.5062556111434657,0.49056603773584906,159,78,81,2025-09-09,HISTORICAL_RESEARCH_AS_OF_OOS,0.049214485143976416,0.011239971403606323,0.02055484228280835
2025-09-11,2025-09-12,RESEARCH_LONG,0.5083865122914789,0.49375,160,79,81,2025-09-10,HISTORICAL_RESEARCH_AS_OF_OOS,0.045914138902701795,0.011410459587955626,-0.009558578670185836
2025-09-12,2025-09-15,RESEARCH_LONG,0.5104556063682603,0.4968944099378882,161,80,81,2025-09-11,HISTORICAL_RESEARCH_AS_OF_OOS,0.042589786641549665,0.004556345496680938,-0.08853855349671247
2025-09-15,2025-09-16,RESEARCH_LONG,0.4825650224596965,0.5,162,81,81,2025-09-12,HISTORICAL_RESEARCH_AS_OF_OOS,0.032666693821025605,0.007139194572634402,-0.4435336229745608
2025-09-16,2025-09-17,RESEARCH_LONG,0.47234956007046736,0.49693251533742333,163,81,82,2025-09-15,HISTORICAL_RESEARCH_AS_OF_OOS,0.03334408515442311,0.009871629794373562,-0.4980603977412227
2025-09-17,2025-09-18,RESEARCH_LONG,0.6592813072134065,0.5,164,82,82,2025-09-16,HISTORICAL_RESEARCH_AS_OF_OOS,0.01159742632456906,0.006085590891244602,2.307963216591665
2025-09-18,2025-09-19,RESEARCH_LONG,0.5051995511313595,0.49696969696969695,165,82,83,2025-09-17,HISTORICAL_RESEARCH_AS_OF_OOS,0.01858161648177492,0.009996499280407639,0.05772756846276694
2025-09-19,2025-09-22,RESEARCH_LONG,0.4965441176121166,0.5,166,83,83,2025-09-18,HISTORICAL_RESEARCH_AS_OF_OOS,0.008327114183589224,0.008453118304701803,0.0034390202986076535
2025-09-22,2025-09-23,RESEARCH_LONG,0.5011090954268955,0.49700598802395207,167,83,84,2025-09-19,HISTORICAL_RESEARCH_AS_OF_OOS,0.021220368398217282,0.0097331118921633,0.006603694725403342
2025-09-23,2025-09-24,RESEARCH_LONG,0.5064595555343452,0.5,168,84,84,2025-09-22,HISTORICAL_RESEARCH_AS_OF_OOS,0.025127784931132657,0.011608876032428729,0.01097547472734317
2025-09-24,2025-09-25,RESEARCH_LONG,0.5096873952582246,0.5029585798816568,169,85,84,2025-09-23,HISTORICAL_RESEARCH_AS_OF_OOS,0.03011385944248146,0.012234630483668102,-0.029105346019576928
2025-09-25,2025-09-26,RESEARCH_LONG,0.49928059377465545,0.5,170,85,85,2025-09-24,HISTORICAL_RESEARCH_AS_OF_OOS,0.015091991131510385,0.0075104418132352375,-0.0232659794977369
2025-09-26,2025-09-30,RESEARCH_SHORT,0.4819237967171605,0.49707602339181284,171,85,86,2025-09-25,HISTORICAL_RESEARCH_AS_OF_OOS,-7.790892446735143e-05,0.019128131208851144,-0.003984466355801297
2025-09-30,2025-10-01,RESEARCH_LONG,0.48639615900891175,0.4941860465116279,172,85,87,2025-09-26,HISTORICAL_RESEARCH_AS_OF_OOS,0.002433277973040715,0.009593896894505663,-0.00552229936370352
2025-10-01,2025-10-02,RESEARCH_SHORT,0.47452056871258774,0.4913294797687861,173,85,88,2025-09-30,HISTORICAL_RESEARCH_AS_OF_OOS,-0.0086781106078484,0.014398157035899405,-0.006252550574243565
2025-10-02,2025-10-03,RESEARCH_LONG,0.4969971828030212,0.4942528735632184,174,86,88,2025-10-01,HISTORICAL_RESEARCH_AS_OF_OOS,0.007394138049319654,0.005523816730354508,0.02378892099203611
2025-10-03,2025-10-07,RESEARCH_LONG,0.4931584312880232,0.49142857142857144,175,86,89,2025-10-02,HISTORICAL_RESEARCH_AS_OF_OOS,0.024830440280491972,0.014058702561226398,0.021187594011890187
2025-10-07,2025-10-08,RESEARCH_LONG,0.5131128343108644,0.4943181818181818,176,87,89,2025-10-03,HISTORICAL_RESEARCH_AS_OF_OOS,0.06439674315321975,0.01321279554937413,0.005106335222490266
2025-10-08,2025-10-09,RESEARCH_LONG,0.5136005262628728,0.4971751412429379,177,88,89,2025-10-07,HISTORICAL_RESEARCH_AS_OF_OOS,0.04388533559374275,0.00793562912929539,-0.024383095131755295
2025-10-09,2025-10-13,RESEARCH_LONG,0.5092815539627951,0.4943820224719101,178,88,90,2025-10-08,HISTORICAL_RESEARCH_AS_OF_OOS,0.04952966020349403,0.006658130601792573,-0.03178781419436061
2025-10-13,2025-10-14,RESEARCH_LONG,0.44673253583537076,0.4972067039106145,179,89,90,2025-10-09,HISTORICAL_RESEARCH_AS_OF_OOS,0.017895652831901865,0.020628902765388046,-0.38787511635810223
2025-10-14,2025-10-15,RESEARCH_SHORT,0.41388857823374764,0.49444444444444446,180,89,91,2025-10-13,HISTORICAL_RESEARCH_AS_OF_OOS,-0.0010095344924284655,0.027472116176360507,-0.5269865791252293
2025-10-15,2025-10-16,RESEARCH_SHORT,0.6574892582555913,0.49171270718232046,181,89,92,2025-10-14,HISTORICAL_RESEARCH_AS_OF_OOS,-0.0012444184173925343,0.017553503371445324,2.1265054092671973
2025-10-16,2025-10-17,RESEARCH_LONG,0.4825306232137069,0.489010989010989,182,89,93,2025-10-15,HISTORICAL_RESEARCH_AS_OF_OOS,0.026907319233750338,0.015347566673855223,0.06073416357908834
2025-10-17,2025-10-20,RESEARCH_SHORT,0.48103207174677914,0.48633879781420764,183,89,94,2025-10-16,HISTORICAL_RESEARCH_AS_OF_OOS,-0.0002560819462228414,0.011014344262295082,0.007170554563919573
2025-10-20,2025-10-21,RESEARCH_LONG,0.47429442176488346,0.483695652173913,184,89,95,2025-10-17,HISTORICAL_RESEARCH_AS_OF_OOS,0.032671721677073995,0.014109347442680775,0.019540440614782995
2025-10-21,2025-10-22,RESEARCH_LONG,0.4931443436413327,0.4810810810810811,185,89,96,2025-10-20,HISTORICAL_RESEARCH_AS_OF_OOS,0.04173216558125614,0.008551000610785758,0.00935069605742278
2025-10-22,2025-10-23,RESEARCH_LONG,0.4824500388491271,0.4838709677419355,186,90,96,2025-10-21,HISTORICAL_RESEARCH_AS_OF_OOS,0.015244796247434689,0.009781980941380306,-0.04906691212494618
2025-10-23,2025-10-27,RESEARCH_SHORT,0.4713963887643124,0.48128342245989303,187,90,97,2025-10-22,HISTORICAL_RESEARCH_AS_OF_OOS,-0.009560779239450756,0.011467556974887503,-0.012068319490414092
2025-10-27,2025-10-28,RESEARCH_LONG,0.4915667030527488,0.4787234042553192,188,90,98,2025-10-23,HISTORICAL_RESEARCH_AS_OF_OOS,0.032823477751756425,0.0075110717449069974,0.01700406137897259
2025-10-28,2025-10-29,RESEARCH_LONG,0.47692234939416395,0.47619047619047616,189,90,99,2025-10-27,HISTORICAL_RESEARCH_AS_OF_OOS,0.007882518086599788,0.009499321477037354,0.00239297645870562
2025-10-29,2025-10-30,RESEARCH_LONG,0.4807174234173417,0.47368421052631576,190,90,100,2025-10-28,HISTORICAL_RESEARCH_AS_OF_OOS,0.020802644343046017,0.008552724201041813,0.024895750980483244
2025-10-30,2025-10-31,RESEARCH_LONG,0.4675520044823457,0.47643979057591623,191,91,100,2025-10-29,HISTORICAL_RESEARCH_AS_OF_OOS,0.025050534218885367,0.013064300302838228,-0.012569008545715743
2025-10-31,2025-11-03,RESEARCH_LONG,0.4850475186291783,0.4739583333333333,192,91,101,2025-10-30,HISTORICAL_RESEARCH_AS_OF_OOS,0.03175352010451449,0.007386303682599979,0.016328656332332603
2025-11-03,2025-11-04,RESEARCH_LONG,0.4681538094455355,0.47668393782383417,193,92,101,2025-10-31,HISTORICAL_RESEARCH_AS_OF_OOS,0.004074402125775034,0.012491178546224418,0.011032403918613376
2025-11-04,2025-11-05,RESEARCH_LONG,0.452572640939211,0.4742268041237113,194,92,102,2025-11-03,HISTORICAL_RESEARCH_AS_OF_OOS,0.004106849510749244,0.017107088238432266,-0.00043230672907779155
2025-11-05,2025-11-06,RESEARCH_SHORT,0.4510032950203997,0.4717948717948718,195,92,103,2025-11-04,HISTORICAL_RESEARCH_AS_OF_OOS,-0.021364212304660013,0.015644668225139362,0.01443634140157779
2025-11-06,2025-11-07,RESEARCH_SHORT,0.46915601864813794,0.46938775510204084,196,92,104,2025-11-05,HISTORICAL_RESEARCH_AS_OF_OOS,-0.012817804070709204,0.008489691089391453,-0.005807030181855577
2025-11-07,2025-11-10,RESEARCH_SHORT,0.463466659859125,0.467005076142132,197,92,105,2025-11-06,HISTORICAL_RESEARCH_AS_OF_OOS,-0.024656185150012333,0.008727010457987738,-0.005589566143199387
2025-11-10,2025-11-11,RESEARCH_SHORT,0.4615596951405939,0.4696969696969697,198,93,105,2025-11-07,HISTORICAL_RESEARCH_AS_OF_OOS,-0.011432604093154497,0.011457738435179898,-0.0007137758743754885
2025-11-11,2025-11-12,RESEARCH_SHORT,0.44579996310446046,0.46733668341708545,199,93,106,2025-11-10,HISTORICAL_RESEARCH_AS_OF_OOS,-0.011985631468506619,0.015046796256299497,-0.008928571428571397
2025-11-12,2025-11-13,RESEARCH_LONG,0.47744948198662884,0.47,200,94,106,2025-11-11,HISTORICAL_RESEARCH_AS_OF_OOS,0.008955223880596996,0.007842018963427675,0.015345345345345374
2025-11-13,2025-11-14,RESEARCH_SHORT,0.46763542191740454,0.46766169154228854,201,94,107,2025-11-12,HISTORICAL_RESEARCH_AS_OF_OOS,-0.001926232432046815,0.008649035025017869,-0.028171305196533658
2025-11-14,2025-11-17,RESEARCH_SHORT,0.4671598943310264,0.46534653465346537,202,94,108,2025-11-13,HISTORICAL_RESEARCH_AS_OF_OOS,-0.011864406779661052,0.008393854238896391,0.018610100887137326
2025-11-17,2025-11-18,RESEARCH_SHORT,0.43667655063711003,0.46798029556650245,203,95,108,2025-11-14,HISTORICAL_RESEARCH_AS_OF_OOS,-0.01916761850371218,0.008188070890498198,-0.42351359426351953
2025-11-18,2025-11-19,RESEARCH_SHORT,0.38794187101561056,0.46568627450980393,204,95,109,2025-11-17,HISTORICAL_RESEARCH_AS_OF_OOS,-0.03509719222462204,0.019623204626002613,-0.5071002850479398
2025-11-19,2025-11-20,RESEARCH_SHORT,0.6299027650878313,0.4682926829268293,205,96,109,2025-11-18,HISTORICAL_RESEARCH_AS_OF_OOS,-0.0520068439438226,0.01353637901861252,2.49192997213606
2025-11-20,2025-11-21,RESEARCH_SHORT,0.4679983726526299,0.470873786407767,206,97,109,2025-11-19,HISTORICAL_RESEARCH_AS_OF_OOS,-0.01779842744817728,0.010588748999345025,0.008882866606443773
2025-11-21,2025-11-24,RESEARCH_SHORT,0.453245643964188,0.46859903381642515,207,97,110,2025-11-20,HISTORICAL_RESEARCH_AS_OF_OOS,-0.033392941863435666,0.014082911726950087,0.07655573794955983
2025-11-24,2025-11-25,RESEARCH_SHORT,0.47537813104317345,0.47115384615384615,208,98,110,2025-11-21,HISTORICAL_RESEARCH_AS_OF_OOS,-0.031442192219513054,0.0072891226751831675,0.007637926254505212
2025-11-25,2025-11-26,RESEARCH_LONG,0.46121927111236666,0.4688995215311005,209,98,111,2025-11-24,HISTORICAL_RESEARCH_AS_OF_OOS,0.004775228502145179,0.01232688523372814,-0.015311386554043849
2025-11-26,2025-11-27,RESEARCH_LONG,0.4781306991181533,0.4666666666666667,210,98,112,2025-11-25,HISTORICAL_RESEARCH_AS_OF_OOS,0.027599172776837655,0.009184382889970361,0.05447204448294163
2025-11-27,2025-11-28,RESEARCH_LONG,0.4755685657834117,0.46919431279620855,211,99,112,2025-11-26,HISTORICAL_RESEARCH_AS_OF_OOS,0.0036751328142057282,0.006815792335859044,-0.02951892629542774
2025-11-28,2025-12-01,RESEARCH_LONG,0.48458343617666166,0.4716981132075472,212,100,112,2025-11-27,HISTORICAL_RESEARCH_AS_OF_OOS,0.047496790757381335,0.010668973471741637,0.007768024136848295
2025-12-01,2025-12-02,RESEARCH_LONG,0.4806930412965134,0.47417840375586856,213,101,112,2025-11-28,HISTORICAL_RESEARCH_AS_OF_OOS,0.02964493706556448,0.009962049335863378,-0.03453087322875181
2025-12-02,2025-12-03,RESEARCH_LONG,0.47779525688789415,0.4719626168224299,214,101,113,2025-12-01,HISTORICAL_RESEARCH_AS_OF_OOS,0.023317120261389324,0.009469903123979537,-0.008180274733755155
2025-12-03,2025-12-04,RESEARCH_LONG,0.48707370255642124,0.4744186046511628,215,102,113,2025-12-02,HISTORICAL_RESEARCH_AS_OF_OOS,0.01569761059680186,0.007133078752071475,0.005248564072093398
2025-12-04,2025-12-05,RESEARCH_LONG,0.4861908116066083,0.47685185185185186,216,103,113,2025-12-03,HISTORICAL_RESEARCH_AS_OF_OOS,0.00783091034332739,0.007554228569372999,0.0032790576579366792
2025-12-05,2025-12-08,RESEARCH_LONG,0.4859535921243228,0.4792626728110599,217,104,113,2025-12-04,HISTORICAL_RESEARCH_AS_OF_OOS,0.009803921568627416,0.009137635636778984,0.02805442558563609
2025-12-08,2025-12-09,RESEARCH_LONG,0.49255472825559415,0.481651376146789,218,105,113,2025-12-05,HISTORICAL_RESEARCH_AS_OF_OOS,0.03218508246971252,0.009863536731952203,0.015895756583435672
2025-12-09,2025-12-10,RESEARCH_LONG,0.5073159157255164,0.4840182648401826,219,106,113,2025-12-08,HISTORICAL_RESEARCH_AS_OF_OOS,0.023910598309204945,0.005527994330262225,-0.014438251292727133
2025-12-10,2025-12-11,RESEARCH_LONG,0.5017554651927776,0.4818181818181818,220,106,114,2025-12-09,HISTORICAL_RESEARCH_AS_OF_OOS,0.023056416168311777,0.006408902035354602,0.009498500953938338
2025-12-11,2025-12-12,RESEARCH_LONG,0.44941658298365467,0.4841628959276018,221,107,114,2025-12-10,HISTORICAL_RESEARCH_AS_OF_OOS,0.011187452786071361,0.019316969050160084,-0.012298014228438015
2025-12-12,2025-12-15,RESEARCH_LONG,0.49505951070717225,0.481981981981982,222,107,115,2025-12-11,HISTORICAL_RESEARCH_AS_OF_OOS,0.009851513420902291,0.006538950940195108,-0.04996856463384636
2025-12-15,2025-12-16,RESEARCH_SHORT,0.4689543567478502,0.484304932735426,223,108,115,2025-12-12,HISTORICAL_RESEARCH_AS_OF_OOS,-0.01339885455702472,0.008205826495144588,-0.33013954826643643
2025-12-16,2025-12-17,RESEARCH_SHORT,0.44567513091244776,0.48214285714285715,224,108,116,2025-12-15,HISTORICAL_RESEARCH_AS_OF_OOS,-0.021119773210488968,0.010063712713582392,-0.569799407241957
2025-12-17,2025-12-18,RESEARCH_SHORT,0.5870969712715108,0.48444444444444446,225,109,116,2025-12-16,HISTORICAL_RESEARCH_AS_OF_OOS,-0.024860905697584368,0.009641773797486639,2.31146722580001
2025-12-18,2025-12-19,RESEARCH_SHORT,0.48495104453941185,0.4823008849557522,226,109,117,2025-12-17,HISTORICAL_RESEARCH_AS_OF_OOS,-0.01846318036286021,0.008046101989779276,0.06951396007959953
2025-12-19,2025-12-22,RESEARCH_SHORT,0.490437821225479,0.4845814977973568,227,110,117,2025-12-18,HISTORICAL_RESEARCH_AS_OF_OOS,-0.014067580941608981,0.006739800673980068,0.012742624360402077
2025-12-22,2025-12-23,RESEARCH_LONG,0.4951931264327263,0.4824561403508772,228,110,118,2025-12-19,HISTORICAL_RESEARCH_AS_OF_OOS,0.015551653706955326,0.006986344871387742,0.01938842262029028
2025-12-23,2025-12-24,RESEARCH_LONG,0.5055310526171901,0.48034934497816595,229,110,119,2025-12-22,HISTORICAL_RESEARCH_AS_OF_OOS,0.028562119895742866,0.0033787350860521592,-0.004082468596395383
2025-12-24,2025-12-26,RESEARCH_LONG,0.5024981715333566,0.4826086956521739,230,111,119,2025-12-23,HISTORICAL_RESEARCH_AS_OF_OOS,0.028166979633106992,0.006216633885923012,0.01735649360441993
2025-12-26,2025-12-29,RESEARCH_LONG,0.5119118235253567,0.48484848484848486,231,112,119,2025-12-24,HISTORICAL_RESEARCH_AS_OF_OOS,0.03921568627450989,0.006207930805984725,0.023677011602678988
2025-12-29,2025-12-30,RESEARCH_LONG,0.502501137207289,0.4870689655172414,232,113,119,2025-12-26,HISTORICAL_RESEARCH_AS_OF_OOS,0.03785760378576031,0.009844559585492229,0.01694223579590326
2025-12-30,2025-12-31,RESEARCH_LONG,0.5004324749500991,0.4892703862660944,233,114,119,2025-12-29,HISTORICAL_RESEARCH_AS_OF_OOS,0.019053667831057552,0.008206087046847409,-0.029087002110005034
2025-12-31,2026-01-02,RESEARCH_LONG,0.4942601691314884,0.48717948717948717,234,114,120,2025-12-30,HISTORICAL_RESEARCH_AS_OF_OOS,0.021222679759265173,0.009339674662255307,-0.028651805237054018
2026-01-02,2026-01-05,RESEARCH_LONG,0.4810734824735918,0.48936170212765956,235,115,120,2025-12-31,HISTORICAL_RESEARCH_AS_OF_OOS,0.03515734756954192,0.016082516201268958,0.029675382609292367
2026-01-05,2026-01-06,RESEARCH_LONG,0.47401394676838626,0.4915254237288136,236,116,120,2026-01-02,HISTORICAL_RESEARCH_AS_OF_OOS,0.05719666585289307,0.021014086365585723,0.0087580148499673
2026-01-06,2026-01-07,RESEARCH_LONG,0.5012959650797022,0.4936708860759494,237,117,120,2026-01-05,HISTORICAL_RESEARCH_AS_OF_OOS,0.05758203799654571,0.015971519090701245,-0.00273541771282082
2026-01-07,2026-01-08,RESEARCH_LONG,0.5358931351358,0.4957983193277311,238,118,120,2026-01-06,HISTORICAL_RESEARCH_AS_OF_OOS,0.056611613171289044,0.007471490365709791,-0.016245511283077385
2026-01-08,2026-01-09,RESEARCH_LONG,0.5162902978541725,0.49372384937238495,239,118,121,2026-01-07,HISTORICAL_RESEARCH_AS_OF_OOS,0.049696719051557814,0.010177949963884693,-0.02237308225912904
2026-01-09,2026-01-12,RESEARCH_LONG,0.4763603851361964,0.49166666666666664,240,118,122,2026-01-08,HISTORICAL_RESEARCH_AS_OF_OOS,0.03335255997014208,0.018814026792750196,-0.004491595480848765
2026-01-12,2026-01-13,RESEARCH_LONG,0.5009261194287409,0.4896265560165975,241,118,123,2026-01-09,HISTORICAL_RESEARCH_AS_OF_OOS,0.012799788869461981,0.006775023614865965,-0.01309270075013147
2026-01-13,2026-01-14,RESEARCH_LONG,0.4651745581713671,0.49173553719008267,242,119,123,2026-01-12,HISTORICAL_RESEARCH_AS_OF_OOS,0.00839402946075718,0.020275960354991254,0.017136927133000412
2026-01-14,2026-01-15,RESEARCH_LONG,0.5072643133424768,0.49382716049382713,243,120,123,2026-01-13,HISTORICAL_RESEARCH_AS_OF_OOS,0.015270677677283961,0.007262281324640114,0.03994209292706463
2026-01-15,2026-01-16,RESEARCH_LONG,0.50104162583013,0.4959016393442623,244,121,123,2026-01-14,HISTORICAL_RESEARCH_AS_OF_OOS,0.019436601221354044,0.010080515297906602,0.004043644848661598
2026-01-16,2026-01-19,RESEARCH_LONG,0.5009688242350574,0.49795918367346936,245,122,123,2026-01-15,HISTORICAL_RESEARCH_AS_OF_OOS,0.03342526924087208,0.012041685200482937,-0.07426187080758462
2026-01-19,2026-01-20,RESEARCH_LONG,0.47255910798345974,0.5,246,123,123,2026-01-16,HISTORICAL_RESEARCH_AS_OF_OOS,0.03152991759226076,0.017872367299251634,-0.33432703828379073
2026-01-20,2026-01-21,RESEARCH_LONG,0.47548360997459393,0.5020242914979757,247,124,123,2026-01-19,HISTORICAL_RESEARCH_AS_OF_OOS,0.02584699099565979,0.013071482697650922,-0.5071889262679723
2026-01-21,2026-01-22,RESEARCH_LONG,0.6019462231942477,0.5040322580645161,248,125,123,2026-01-20,HISTORICAL_RESEARCH_AS_OF_OOS,0.016202956555419368,0.013498920086393088,1.8429062133136225
2026-01-22,2026-01-23,RESEARCH_LONG,0.5164293191737227,0.5020080321285141,249,125,124,2026-01-21,HISTORICAL_RESEARCH_AS_OF_OOS,0.025990338164251225,0.008600935430203722,0.01638015416615679
2026-01-23,2026-01-26,RESEARCH_LONG,0.5136358224404604,0.504,250,126,124,2026-01-22,HISTORICAL_RESEARCH_AS_OF_OOS,0.021573362140179242,0.009112679998755948,0.012053269129486122
2026-01-26,2026-01-27,RESEARCH_LONG,0.5194515798907599,0.5059760956175299,251,127,124,2026-01-23,HISTORICAL_RESEARCH_AS_OF_OOS,0.014998894818276653,0.004510950721752115,-0.018541096705126714
2026-01-27,2026-01-28,RESEARCH_LONG,0.5156906144945733,0.503968253968254,252,127,125,2026-01-26,HISTORICAL_RESEARCH_AS_OF_OOS,0.026427128062642025,0.01002799224830047,0.024011877168264917
2026-01-28,2026-01-29,RESEARCH_LONG,0.534060955230441,0.5059288537549407,253,128,125,2026-01-27,HISTORICAL_RESEARCH_AS_OF_OOS,0.0458328039639182,0.008199957481701946,0.013211231766133036
2026-01-29,2026-01-30,RESEARCH_LONG,0.5155465616747161,0.5078740157480315,254,129,125,2026-01-28,HISTORICAL_RESEARCH_AS_OF_OOS,0.028879053269297073,0.013027427769472496,0.03165564267671228
2026-01-30,2026-02-02,RESEARCH_LONG,0.4924444406822635,0.5058823529411764,255,129,126,2026-01-29,HISTORICAL_RESEARCH_AS_OF_OOS,0.0029235219108636468,0.013458616305392749,-0.0101903616163046
2026-02-02,2026-02-03,RESEARCH_SHORT,0.4707631499296204,0.50390625,256,129,127,2026-01-30,HISTORICAL_RESEARCH_AS_OF_OOS,-0.016612742658038804,0.01809553938627017,0.0344033745620933
2026-02-03,2026-02-04,RESEARCH_SHORT,0.48177854475473336,0.5019455252918288,257,129,128,2026-02-02,HISTORICAL_RESEARCH_AS_OF_OOS,-0.007628656679688706,0.013700753231455937,-0.006745828783124352
2026-02-04,2026-02-05,RESEARCH_SHORT,0.47509354031727274,0.5,258,129,129,2026-02-03,HISTORICAL_RESEARCH_AS_OF_OOS,-0.015306587299176999,0.013601455756715912,-0.0007097824725481594
2026-02-05,2026-02-06,RESEARCH_SHORT,0.471965375001249,0.4980694980694981,259,129,130,2026-02-04,HISTORICAL_RESEARCH_AS_OF_OOS,-0.02654300271531862,0.011533519290437834,0.003063981504693558
2026-02-06,2026-02-09,RESEARCH_SHORT,0.4515857424372717,0.5,260,130,130,2026-02-05,HISTORICAL_RESEARCH_AS_OF_OOS,-0.01364468012528297,0.02084446819882416,-0.06681291827497149
2026-02-09,2026-02-10,RESEARCH_LONG,0.5108606645572468,0.5019157088122606,261,131,130,2026-02-06,HISTORICAL_RESEARCH_AS_OF_OOS,0.032932616260676895,0.009831245597378335,-0.054262758518077714
2026-02-10,2026-02-11,RESEARCH_LONG,0.48243398286796635,0.5,262,131,131,2026-02-09,HISTORICAL_RESEARCH_AS_OF_OOS,0.032423049502495305,0.012910199057255232,-0.3099287321240344
2026-02-11,2026-02-23,RESEARCH_LONG,0.46450837914863263,0.5019011406844106,263,132,131,2026-02-10,HISTORICAL_RESEARCH_AS_OF_OOS,0.03910804058847117,0.01694814638924342,-0.482251555981123
2026-02-23,2026-02-24,RESEARCH_LONG,0.6397941231593739,0.5037878787878788,264,133,131,2026-02-11,HISTORICAL_RESEARCH_AS_OF_OOS,0.06437458864825896,0.0197579576573128,2.1476442095992954
2026-02-24,2026-02-25,RESEARCH_LONG,0.531301328898221,0.5056603773584906,265,134,131,2026-02-23,HISTORICAL_RESEARCH_AS_OF_OOS,0.09494765303235142,0.02457863152152066,0.10778786564637755
2026-02-25,2026-02-26,RESEARCH_LONG,0.5457566365755476,0.5075187969924813,266,135,131,2026-02-24,HISTORICAL_RESEARCH_AS_OF_OOS,0.08694986371014668,0.020061989292758525,0.02473859675708434
2026-02-26,2026-03-31,RESEARCH_LONG,0.5633700885794961,0.5093632958801498,267,136,131,2026-02-25,HISTORICAL_RESEARCH_AS_OF_OOS,0.06896448194073312,0.011431299853948994,0.011620885553378368
2026-03-31,2026-04-01,RESEARCH_SHORT,0.42344190133903004,0.5111940298507462,268,137,131,2026-02-26,HISTORICAL_RESEARCH_AS_OF_OOS,-0.0508147576504111,0.020169486225335376,-0.12883420635887444
2026-04-01,2026-04-02,RESEARCH_SHORT,0.47840502030989973,0.5092936802973977,269,137,132,2026-03-31,HISTORICAL_RESEARCH_AS_OF_OOS,-0.016460057124348504,0.01511885515837375,0.045641412870207176
2026-04-02,2026-04-07,RESEARCH_SHORT,0.3845342975421937,0.5074074074074074,270,137,133,2026-04-01,HISTORICAL_RESEARCH_AS_OF_OOS,-0.06718924972004481,0.03696863360728907,-0.04735349969242286
2026-04-07,2026-04-08,RESEARCH_SHORT,0.42843871088868457,0.5092250922509225,271,138,133,2026-04-02,HISTORICAL_RESEARCH_AS_OF_OOS,-0.06568047337278105,0.012726559908320516,0.0044218594269831435
2026-04-08,2026-04-09,RESEARCH_SHORT,0.4674976175677078,0.5073529411764706,272,138,134,2026-04-07,HISTORICAL_RESEARCH_AS_OF_OOS,-0.017076732951353812,0.01677334552520288,0.041312611806797905
2026-04-09,2026-04-10,RESEARCH_LONG,0.5993214822152804,0.5054945054945055,273,138,135,2026-04-08,HISTORICAL_RESEARCH_AS_OF_OOS,0.09234184933862855,0.01016260162601626,-0.024386643045042122
2026-04-10,2026-04-13,RESEARCH_LONG,0.5678929899971825,0.5072992700729927,274,139,135,2026-04-09,HISTORICAL_RESEARCH_AS_OF_OOS,0.0648164780552063,0.010262321815165744,-0.02125435060736547
2026-04-13,2026-04-14,RESEARCH_LONG,0.5746308544984208,0.509090909090909,275,140,135,2026-04-10,HISTORICAL_RESEARCH_AS_OF_OOS,0.09142118385815867,0.012042756014327213,-0.4599696398954263
2026-04-14,2026-04-15,RESEARCH_LONG,0.5630041748755579,0.5072463768115942,276,140,136,2026-04-13,HISTORICAL_RESEARCH_AS_OF_OOS,0.0971681896317742,0.012094225007558891,-0.5615939199916713
2026-04-15,2026-04-16,RESEARCH_LONG,0.7642772715079222,0.5090252707581228,277,141,136,2026-04-14,HISTORICAL_RESEARCH_AS_OF_OOS,0.056606469310778396,0.01216972712767396,3.3457611018760387
2026-04-16,2026-04-17,RESEARCH_LONG,0.5981699399757603,0.5107913669064749,278,142,136,2026-04-15,HISTORICAL_RESEARCH_AS_OF_OOS,0.07766517806023132,0.015407092575375215,0.05385245901639335
2026-04-17,2026-04-20,RESEARCH_LONG,0.5587413978360367,0.5125448028673835,279,143,136,2026-04-16,HISTORICAL_RESEARCH_AS_OF_OOS,0.042623780470661066,0.00957311975837985,0.019250213891265355
2026-04-20,2026-04-21,RESEARCH_LONG,0.5558111974488451,0.5107142857142857,280,143,137,2026-04-17,HISTORICAL_RESEARCH_AS_OF_OOS,0.05068110669261361,0.013287163794491866,0.01098859170513955
2026-04-21,2026-04-22,RESEARCH_LONG,0.5540894253560785,0.5124555160142349,281,144,137,2026-04-20,HISTORICAL_RESEARCH_AS_OF_OOS,0.04582062065363779,0.01345668629100084,0.03316098677837753
2026-04-22,2026-04-23,RESEARCH_LONG,0.5408458702282521,0.5141843971631206,282,145,137,2026-04-21,HISTORICAL_RESEARCH_AS_OF_OOS,0.0332368769775806,0.011621211328063655,-0.008596442095778478
2026-04-23,2026-04-24,RESEARCH_LONG,0.4537967755168714,0.5159010600706714,283,146,137,2026-04-22,HISTORICAL_RESEARCH_AS_OF_OOS,0.006109709124717755,0.04433003300330033,-0.038945726532467084
2026-04-24,2026-04-27,RESEARCH_LONG,0.5562793387781048,0.5140845070422535,284,146,138,2026-04-23,HISTORICAL_RESEARCH_AS_OF_OOS,0.05773535043011613,0.024882724862329186,0.020025559105431245
2026-04-27,2026-04-28,RESEARCH_LONG,0.5982541728146732,0.5157894736842106,285,147,138,2026-04-24,HISTORICAL_RESEARCH_AS_OF_OOS,0.0707038170397809,0.015568592057761732,0.0012653945901248687
2026-04-28,2026-04-29,RESEARCH_LONG,0.5681909053953915,0.5174825174825175,286,148,138,2026-04-27,HISTORICAL_RESEARCH_AS_OF_OOS,0.04470668629100083,0.017258295806183804,-0.0014264621236768082
2026-04-29,2026-04-30,RESEARCH_LONG,0.5445952354130372,0.5156794425087108,287,148,139,2026-04-28,HISTORICAL_RESEARCH_AS_OF_OOS,0.03360728681358949,0.016890351987845022,0.00017542980301743505
2026-04-30,2026-05-04,RESEARCH_LONG,0.5467864742991547,0.5138888888888888,288,148,140,2026-04-29,HISTORICAL_RESEARCH_AS_OF_OOS,0.03920792079207924,0.01707317073170732,-0.0011651507178831455
2026-05-04,2026-05-05,RESEARCH_LONG,0.5516692955315213,0.5121107266435986,289,148,141,2026-04-30,HISTORICAL_RESEARCH_AS_OF_OOS,0.04606873342851325,0.022105237503351124,0.036299780495453016
2026-05-05,2026-05-06,RESEARCH_LONG,0.5351804138571646,0.5137931034482759,290,149,141,2026-05-04,HISTORICAL_RESEARCH_AS_OF_OOS,0.028755515443241064,0.007286462775679298,0.014633437829070894
2026-05-06,2026-05-07,RESEARCH_LONG,0.5608656505568119,0.5154639175257731,291,150,141,2026-05-05,HISTORICAL_RESEARCH_AS_OF_OOS,0.04412689627412014,0.02329952051658916,0.009352483657012023
2026-05-07,2026-05-08,RESEARCH_LONG,0.6004101876269227,0.5171232876712328,292,151,141,2026-05-06,HISTORICAL_RESEARCH_AS_OF_OOS,0.07217016966320577,0.01093528578176665,0.02308183236420369
2026-05-08,2026-05-11,RESEARCH_LONG,0.6004961174472994,0.5187713310580204,293,152,141,2026-05-07,HISTORICAL_RESEARCH_AS_OF_OOS,0.06547256097560972,0.0191716145647042,0.03491018309940497
2026-05-11,2026-05-12,RESEARCH_LONG,0.5270885231852032,0.5170068027210885,294,152,142,2026-05-08,HISTORICAL_RESEARCH_AS_OF_OOS,0.022275840218371368,0.010871379187030634,-6.697400292454692e-05
2026-05-12,2026-05-13,RESEARCH_LONG,0.5238944030524116,0.5186440677966102,295,153,142,2026-05-11,HISTORICAL_RESEARCH_AS_OF_OOS,0.01608383087608134,0.018131670464084423,-0.021321485582880273
2026-05-13,2026-05-14,RESEARCH_SHORT,0.49605933841487226,0.5168918918918919,296,153,143,2026-05-12,HISTORICAL_RESEARCH_AS_OF_OOS,-0.0008192178878635437,0.014950927198630302,-0.010128776904563708
2026-05-14,2026-05-15,RESEARCH_SHORT,0.46964790755054603,0.5151515151515151,297,153,144,2026-05-13,HISTORICAL_RESEARCH_AS_OF_OOS,-0.01743032593292393,0.017811643670977356,-0.035917172718159085
2026-05-15,2026-05-18,RESEARCH_SHORT,0.46374345936107936,0.5134228187919463,298,153,145,2026-05-14,HISTORICAL_RESEARCH_AS_OF_OOS,-0.022056894866108734,0.03603823271237686,-0.09751870532832929
2026-05-18,2026-05-19,RESEARCH_SHORT,0.4300630979887192,0.5150501672240803,299,154,145,2026-05-15,HISTORICAL_RESEARCH_AS_OF_OOS,-0.027130766479914192,0.020119097213713334,-0.43190697551220414
2026-05-19,2026-05-20,RESEARCH_SHORT,0.41437600581728923,0.5166666666666667,300,155,145,2026-05-18,HISTORICAL_RESEARCH_AS_OF_OOS,-0.03470440100731498,0.01846054462333532,-0.6024711504837393
2026-05-20,2026-05-21,RESEARCH_SHORT,0.7035326421735083,0.5182724252491694,301,156,145,2026-05-19,HISTORICAL_RESEARCH_AS_OF_OOS,-0.03219272227447012,0.013430009468281257,3.703905700211119
2026-05-21,2026-05-22,RESEARCH_SHORT,0.508274359683002,0.5198675496688742,302,157,145,2026-05-20,HISTORICAL_RESEARCH_AS_OF_OOS,-0.003100812460939406,0.01709545969667012,0.01764097193651737
2026-05-22,2026-05-25,RESEARCH_LONG,0.5563358724419872,0.5181518151815182,303,157,146,2026-05-21,HISTORICAL_RESEARCH_AS_OF_OOS,0.034867843557983,0.016775835257527922,0.00591723225442875
2026-05-25,2026-05-26,RESEARCH_LONG,0.6211422630106511,0.5164473684210527,304,157,147,2026-05-22,HISTORICAL_RESEARCH_AS_OF_OOS,0.07523219055554198,0.023839369145566013,0.049349036037462435
2026-05-26,2026-05-27,RESEARCH_LONG,0.629635537765333,0.5180327868852459,305,158,147,2026-05-25,HISTORICAL_RESEARCH_AS_OF_OOS,0.0905635062611807,0.015059348871118402,0.017490511948561327
2026-05-27,2026-05-28,RESEARCH_LONG,0.6848707430305034,0.5196078431372549,306,159,147,2026-05-26,HISTORICAL_RESEARCH_AS_OF_OOS,0.11621069417451535,0.021496495379258,0.012809691107359633
2026-05-28,2026-05-29,RESEARCH_LONG,0.6624115463463158,0.5211726384364821,307,160,147,2026-05-27,HISTORICAL_RESEARCH_AS_OF_OOS,0.05712150073541822,0.04310934720131381,0.04542127017377884
2026-05-29,2026-06-01,RESEARCH_LONG,0.5995967123187117,0.5194805194805194,308,160,148,2026-05-28,HISTORICAL_RESEARCH_AS_OF_OOS,0.06698553319824696,0.018019211659489897,-0.009297164526415602
2026-06-01,2026-06-02,RESEARCH_LONG,0.5988435386896378,0.5210355987055016,309,161,148,2026-05-29,HISTORICAL_RESEARCH_AS_OF_OOS,0.04918294322765915,0.023025958509829476,0.032633398940855374
2026-06-02,2026-06-03,RESEARCH_LONG,0.5950290661008354,0.5225806451612903,310,162,148,2026-06-01,HISTORICAL_RESEARCH_AS_OF_OOS,0.049985191260565554,0.019419793000195282,0.0147743307849455
2026-06-03,2026-06-04,RESEARCH_LONG,0.5641613957456663,0.5241157556270096,311,163,148,2026-06-02,HISTORICAL_RESEARCH_AS_OF_OOS,0.046207419974106045,0.009473414696594691,0.004348051678513931
2026-06-04,2026-06-05,RESEARCH_LONG,0.5825744243582284,0.5256410256410257,312,164,148,2026-06-03,HISTORICAL_RESEARCH_AS_OF_OOS,0.055928105469641,0.009655678921674515,0.01856711853198867
2026-06-05,2026-06-08,RESEARCH_SHORT,0.5408482445806768,0.5239616613418531,313,164,149,2026-06-04,HISTORICAL_RESEARCH_AS_OF_OOS,-0.0016340951750027921,0.024993917409479992,-0.02613079599517143
2026-06-08,2026-06-09,RESEARCH_SHORT,0.47553043773840964,0.5222929936305732,314,164,150,2026-06-05,HISTORICAL_RESEARCH_AS_OF_OOS,-0.06419028999674159,0.03319405756731662,-0.04759127128795371
2026-06-09,2026-06-10,RESEARCH_SHORT,0.5090687282889123,0.5238095238095238,315,165,150,2026-06-08,HISTORICAL_RESEARCH_AS_OF_OOS,-0.030854687872935993,0.02682189633941565,-0.051752045146331915
2026-06-10,2026-06-11,RESEARCH_SHORT,0.44662981263101037,0.5221518987341772,316,165,151,2026-06-09,HISTORICAL_RESEARCH_AS_OF_OOS,-0.07352564649654347,0.031205379761411266,-0.04393107584425171
2026-06-11,2026-06-12,RESEARCH_SHORT,0.4778035431937781,0.5236593059936908,317,166,151,2026-06-10,HISTORICAL_RESEARCH_AS_OF_OOS,-0.06594807102432276,0.03374112532087602,-0.060232824657699524
2026-06-12,2026-06-15,RESEARCH_SHORT,0.5003561466612553,0.5251572327044025,318,167,151,2026-06-11,HISTORICAL_RESEARCH_AS_OF_OOS,-0.022627236734423017,0.02005069249570019,-0.08390028497342816
2026-06-15,2026-06-16,RESEARCH_LONG,0.5704024997331079,0.5235109717868338,319,167,152,2026-06-12,HISTORICAL_RESEARCH_AS_OF_OOS,0.05803156917363039,0.012395787626151821,-0.38047529635961097
2026-06-16,2026-06-17,RESEARCH_LONG,0.5268696171029532,0.521875,320,167,153,2026-06-15,HISTORICAL_RESEARCH_AS_OF_OOS,0.024784506884585333,0.016057851961898104,-0.5135367425870219
2026-06-17,2026-06-18,RESEARCH_LONG,0.7372678367590846,0.5233644859813084,321,168,153,2026-06-16,HISTORICAL_RESEARCH_AS_OF_OOS,0.060084749666067916,0.018465816514957312,3.188488004463456
2026-06-18,2026-06-22,RESEARCH_LONG,0.6249406263832481,0.5248447204968945,322,169,153,2026-06-17,HISTORICAL_RESEARCH_AS_OF_OOS,0.0815892324414329,0.011075712544634266,0.029971360699775795
2026-06-22,2026-06-23,RESEARCH_LONG,0.6879930426240355,0.5263157894736842,323,170,153,2026-06-18,HISTORICAL_RESEARCH_AS_OF_OOS,0.095614193898796,0.022824447978848656,0.049350117474618926
2026-06-23,2026-06-24,RESEARCH_LONG,0.627015597855157,0.5277777777777778,324,171,153,2026-06-22,HISTORICAL_RESEARCH_AS_OF_OOS,0.04071961386573064,0.027552913399106163,0.036193704103117064
2026-06-24,2026-06-25,RESEARCH_LONG,0.565295792179419,0.5261538461538462,325,171,154,2026-06-23,HISTORICAL_RESEARCH_AS_OF_OOS,0.013436161845669758,0.025201026149567766,0.03152970095847918
2026-06-25,2026-06-26,RESEARCH_LONG,0.5354737227157417,0.5245398773006135,326,171,155,2026-06-24,HISTORICAL_RESEARCH_AS_OF_OOS,0.011144663379027087,0.01946545204537642,-0.028173344864033778
2026-06-26,2026-06-29,RESEARCH_SHORT,0.5012571833730788,0.5259938837920489,327,172,155,2026-06-25,HISTORICAL_RESEARCH_AS_OF_OOS,-0.051230515940045795,0.03736506434092804,-0.0006426862306947445
2026-06-29,2026-06-30,RESEARCH_SHORT,0.4577426345158483,0.524390243902439,328,172,156,2026-06-26,HISTORICAL_RESEARCH_AS_OF_OOS,-0.059137008654700174,0.027749725576289793,-0.0015236512223838483
2026-06-30,2026-07-01,RESEARCH_SHORT,0.4970067988312525,0.5227963525835866,329,172,157,2026-06-29,HISTORICAL_RESEARCH_AS_OF_OOS,-0.014883211063327462,0.020564947571153434,0.031966230343146496
2026-07-01,2026-07-02,RESEARCH_LONG,0.5353463577548497,0.5212121212121212,330,172,158,2026-06-30,HISTORICAL_RESEARCH_AS_OF_OOS,0.018194752840235306,0.016938027990091253,0.00849776753564746
2026-07-02,2026-07-03,RESEARCH_LONG,0.5209584034095187,0.5196374622356495,331,172,159,2026-07-01,HISTORICAL_RESEARCH_AS_OF_OOS,0.001181677552423599,0.02590184338719715,-0.004950966390555034
2026-07-03,2026-07-06,RESEARCH_LONG,0.6127706349384461,0.5180722891566265,332,172,160,2026-07-02,HISTORICAL_RESEARCH_AS_OF_OOS,0.0584364365717891,0.03142698973725674,-0.013099224954549848
2026-07-06,2026-07-07,RESEARCH_LONG,0.5562964857330166,0.5195195195195195,333,173,160,2026-07-03,HISTORICAL_RESEARCH_AS_OF_OOS,0.029330406147091148,0.020603165123917588,-0.02201840199338767
2026-07-07,2026-07-08,RESEARCH_SHORT,0.492581165064138,0.5179640718562875,334,173,161,2026-07-06,HISTORICAL_RESEARCH_AS_OF_OOS,-0.020436550395891317,0.03469142545057346,-0.007038762763953654
2026-07-08,2026-07-09,RESEARCH_SHORT,0.4462463259301965,0.5164179104477612,335,173,162,2026-07-07,HISTORICAL_RESEARCH_AS_OF_OOS,-0.03529461582435267,0.015801948907031866,-0.0388079073482428
2026-07-09,2026-07-13,RESEARCH_SHORT,0.4743360297550832,0.5178571428571429,336,174,162,2026-07-08,HISTORICAL_RESEARCH_AS_OF_OOS,-0.019764372626022042,0.018104995840448355,-0.051239703759101696
2026-07-13,2026-07-14,RESEARCH_SHORT,0.44982616711481804,0.516320474777448,337,174,163,2026-07-09,HISTORICAL_RESEARCH_AS_OF_OOS,-0.028722905931950815,0.024705701821689283,-0.41833807751259033
2026-07-14,2026-07-15,RESEARCH_SHORT,0.4394271483695159,0.5177514792899408,338,175,163,2026-07-13,HISTORICAL_RESEARCH_AS_OF_OOS,-0.04417096787953756,0.03597009929711034,-0.6223907846938583
2026-07-15,2026-07-16,RESEARCH_LONG,0.696079585333181,0.5191740412979351,339,176,163,2026-07-14,HISTORICAL_RESEARCH_AS_OF_OOS,0.006007646095030017,0.016568946796959826,4.0458578406938495
2026-07-16,2026-07-17,RESEARCH_LONG,0.5187168284479597,0.5176470588235295,340,176,164,2026-07-15,HISTORICAL_RESEARCH_AS_OF_OOS,0.0029848125713283213,0.02312910284463895,0.05372913168033189
2026-07-17,2026-07-20,RESEARCH_SHORT,0.44851276008130125,0.5161290322580645,341,176,165,2026-07-16,HISTORICAL_RESEARCH_AS_OF_OOS,-0.06464818950041595,0.04645991808074897,0.039327264716084276
2026-07-20,2026-07-21,RESEARCH_SHORT,0.41480056519098313,0.5146198830409356,342,176,166,2026-07-17,HISTORICAL_RESEARCH_AS_OF_OOS,-0.06523883639871098,0.024460026734832673,-0.03482645403377116
2026-07-21,2026-07-22,RESEARCH_SHORT,0.5095515314013687,0.5160349854227405,343,177,166,2026-07-20,HISTORICAL_RESEARCH_AS_OF_OOS,-0.009773513332589578,0.027198774139757083,-0.0007756791865648482
2026-07-22,2026-07-23,RESEARCH_SHORT,0.4574989006161882,0.5145348837209303,344,177,167,2026-07-21,HISTORICAL_RESEARCH_AS_OF_OOS,-0.03081433224755703,0.016826869216463893,-0.027347549569771812
2026-07-23,2026-07-24,RESEARCH_SHORT,0.47943824685054465,0.5130434782608696,345,177,168,2026-07-22,HISTORICAL_RESEARCH_AS_OF_OOS,-0.016849015317286664,0.019897618517694192,-0.008644563252432791
2026-07-24,2026-07-27,RESEARCH_LONG,0.5417877702874796,0.5115606936416185,346,177,169,2026-07-23,HISTORICAL_RESEARCH_AS_OF_OOS,0.027618490345231228,0.019564969821204873,-0.0066151294412059025
2026-07-27,2026-07-28,RESEARCH_LONG,0.5488657266447087,0.5129682997118156,347,178,169,2026-07-24,HISTORICAL_RESEARCH_AS_OF_OOS,0.0296897352313501,0.02065729838066823,0.015183322755455642
2026-07-28,2026-07-29,RESEARCH_SHORT,0.4264729603135485,0.514367816091954,348,179,169,2026-07-27,HISTORICAL_RESEARCH_AS_OF_OOS,-0.06228451675417446,0.02669838752312979,0.009839376743291384
2026-07-29,2026-07-30,RESEARCH_SHORT,0.4306070127734129,0.5128939828080229,349,179,170,2026-07-28,HISTORICAL_RESEARCH_AS_OF_OOS,-0.09497882637628552,0.06506238859180036,0.03346889792652852
2026-07-30,2026-07-31,RESEARCH_SHORT,0.39799248626893513,0.5142857142857142,350,180,170,2026-07-29,HISTORICAL_RESEARCH_AS_OF_OOS,-0.10371689294458042,0.038862676930717654,0.001225727372427654
2026-07-31,2026-08-03,RESEARCH_SHORT,0.5565030826167094,0.5156695156695157,351,181,170,2026-07-30,HISTORICAL_RESEARCH_AS_OF_OOS,-0.005170253957408,0.03768487568112093,0.02450294550810006
2026-08-03,2026-08-04,RESEARCH_SHORT,0.48963637281106515,0.5142045454545454,352,181,171,2026-07-31,HISTORICAL_RESEARCH_AS_OF_OOS,-0.015418953697588056,0.01959287531806616,-0.015390559019604289
2026-08-04,2026-08-05,RESEARCH_LONG,0.5965410720183725,0.5155807365439093,353,182,171,2026-08-03,HISTORICAL_RESEARCH_AS_OF_OOS,0.0419099800543099,0.028530571764651614,-0.027256385221144486
2026-08-05,2026-08-06,RESEARCH_LONG,0.6442630594518639,0.5141242937853108,354,182,172,2026-08-04,HISTORICAL_RESEARCH_AS_OF_OOS,0.10204991087344029,0.015815249135103564,-0.0033301438997391797
2026-08-06,2026-08-07,RESEARCH_LONG,0.64355817174595,0.5154929577464789,355,183,172,2026-08-05,HISTORICAL_RESEARCH_AS_OF_OOS,0.09957784951576865,0.01470189701897019,0.00545897766525183
2026-08-07,2026-08-10,RESEARCH_LONG,0.5298762698524536,0.5140449438202247,356,183,173,2026-08-06,HISTORICAL_RESEARCH_AS_OF_OOS,0.015362425019460613,0.01851225506775801,-0.03882913495651852
2026-08-10,2026-08-11,RESEARCH_LONG,0.5506236253639887,0.5154061624649859,357,184,173,2026-08-07,HISTORICAL_RESEARCH_AS_OF_OOS,0.04064307194078176,0.012247982750572388,-0.007460142775056244
2026-08-11,2026-08-12,RESEARCH_LONG,0.5555102039778708,0.5167597765363129,358,185,173,2026-08-10,HISTORICAL_RESEARCH_AS_OF_OOS,0.039970477662199855,0.013972055888223553,-0.028249585430710544
2026-08-12,2026-08-13,RESEARCH_LONG,0.5178232295288417,0.5181058495821727,359,186,173,2026-08-11,HISTORICAL_RESEARCH_AS_OF_OOS,0.022779350316754376,0.008895624670532419,-0.03759314982733197
2026-08-13,2026-08-14,RESEARCH_LONG,0.5433454309972091,0.5194444444444445,360,187,173,2026-08-12,HISTORICAL_RESEARCH_AS_OF_OOS,0.03895663956639561,0.008912074774481034,-0.028747993411043837
2026-08-14,2026-08-17,RESEARCH_LONG,0.5595628767138606,0.5207756232686981,361,188,173,2026-08-13,HISTORICAL_RESEARCH_AS_OF_OOS,0.03364224672484162,0.01732073907637268,-0.08892633762193347
2026-08-17,2026-08-18,RESEARCH_LONG,0.5033331925233355,0.5193370165745856,362,188,174,2026-08-14,HISTORICAL_RESEARCH_AS_OF_OOS,0.02002800809122629,0.008760460251046025,-0.3933174450728607
2026-08-18,2026-08-19,RESEARCH_SHORT,0.5028797227959241,0.5206611570247934,363,189,174,2026-08-17,HISTORICAL_RESEARCH_AS_OF_OOS,-0.0001108893324461846,0.0201175557280692,-0.5946997087966854
2026-08-19,2026-08-20,RESEARCH_SHORT,0.589971930742602,0.5192307692307693,364,189,175,2026-08-18,HISTORICAL_RESEARCH_AS_OF_OOS,-0.02196450535933936,0.012935680919870643,3.8413058154113218
2026-08-20,2026-08-21,RESEARCH_SHORT,0.4706166087583337,0.5205479452054794,365,190,175,2026-08-19,HISTORICAL_RESEARCH_AS_OF_OOS,-0.024714704923377906,0.01502184184719622,0.022121734280222016
2026-08-21,2026-08-24,RESEARCH_SHORT,0.4864812506732642,0.5191256830601093,366,190,176,2026-08-20,HISTORICAL_RESEARCH_AS_OF_OOS,-0.015117471259353032,0.016124745282183044,-0.0027090235821477515
2026-08-24,2026-08-25,RESEARCH_SHORT,0.46723801890959343,0.5177111716621253,367,190,177,2026-08-21,HISTORICAL_RESEARCH_AS_OF_OOS,-0.024538005578800592,0.015258478173450695,0.002110570440288395
2026-08-25,2026-08-26,RESEARCH_SHORT,0.5238114499359469,0.5190217391304348,368,191,177,2026-08-24,HISTORICAL_RESEARCH_AS_OF_OOS,-0.0012864589109460312,0.021076243143003087,0.0015600928255230517
2026-08-26,2026-08-27,RESEARCH_LONG,0.5892534763835555,0.5176151761517616,369,191,178,2026-08-25,HISTORICAL_RESEARCH_AS_OF_OOS,0.03330488681279187,0.02525483036665145,0.03304192059814248
2026-08-27,2026-08-28,RESEARCH_LONG,0.5314593309183854,0.5162162162162162,370,191,179,2026-08-26,HISTORICAL_RESEARCH_AS_OF_OOS,0.02696799500757785,0.011089891054299231,-0.011600949939686411
2026-08-28,2026-08-31,RESEARCH_LONG,0.5216576113990219,0.5175202156334232,371,192,179,2026-08-27,HISTORICAL_RESEARCH_AS_OF_OOS,0.026778594843625436,0.00787367603598162,0.006979338488382059
2026-08-31,2026-09-01,RESEARCH_LONG,0.5444628953032523,0.5188172043010753,372,193,179,2026-08-28,HISTORICAL_RESEARCH_AS_OF_OOS,0.02727760153701797,0.014026922993280126,-0.011400111728669726
2026-09-01,2026-09-02,RESEARCH_LONG,0.6164948504351023,0.517426273458445,373,193,180,2026-08-31,HISTORICAL_RESEARCH_AS_OF_OOS,0.04845981300108826,0.026117901247643457,-0.000392686454232849
2026-09-02,2026-09-03,RESEARCH_LONG,0.5050187399880416,0.5187165775401069,374,194,180,2026-09-01,HISTORICAL_RESEARCH_AS_OF_OOS,0.003868640107800303,0.013314858516096905,0.010070136440288202
2026-09-03,2026-09-04,RESEARCH_SHORT,0.49967990474584345,0.5173333333333333,375,194,181,2026-09-02,HISTORICAL_RESEARCH_AS_OF_OOS,-0.005230261730109764,0.01653685886947226,-0.018080232216203918
2026-09-04,2026-09-07,RESEARCH_LONG,0.5132631341687053,0.5159574468085106,376,194,182,2026-09-03,HISTORICAL_RESEARCH_AS_OF_OOS,0.007485385162974367,0.014966598150051387,0.005786712780037284
2026-09-07,2026-09-08,RESEARCH_LONG,0.5348222650354352,0.5145888594164456,377,194,183,2026-09-04,HISTORICAL_RESEARCH_AS_OF_OOS,0.032338037970554234,0.01009058352643775,-0.004024512063931174
2026-09-08,2026-09-09,RESEARCH_SHORT,0.4907706101501027,0.5158730158730159,378,195,183,2026-09-07,HISTORICAL_RESEARCH_AS_OF_OOS,-0.004850769980300318,0.01402724563644104,-0.014706875102465933
2026-09-09,2026-09-10,RESEARCH_LONG,0.5212071746526221,0.5145118733509235,379,195,184,2026-09-08,HISTORICAL_RESEARCH_AS_OF_OOS,0.021606876096040173,0.011401445313327823,-0.036205073995771664
2026-09-10,2026-09-11,RESEARCH_LONG,0.515230515752086,0.5131578947368421,380,195,185,2026-09-09,HISTORICAL_RESEARCH_AS_OF_OOS,0.022536378907869192,0.009473010454448474,-0.035330916328996986
2026-09-11,2026-09-14,RESEARCH_SHORT,0.4709281801051713,0.5118110236220472,381,195,186,2026-09-10,HISTORICAL_RESEARCH_AS_OF_OOS,-0.010405960945529258,0.012116491410273053,-0.06870196862827671
2026-09-14,2026-09-15,RESEARCH_SHORT,0.43510702126833994,0.5104712041884817,382,195,187,2026-09-11,HISTORICAL_RESEARCH_AS_OF_OOS,-0.03560143248367387,0.01564001747487986,-0.4640079580394285
2026-09-15,2026-09-16,RESEARCH_SHORT,0.42616739577009527,0.5117493472584856,383,196,187,2026-09-14,HISTORICAL_RESEARCH_AS_OF_OOS,-0.029225202213707946,0.009910759313263314,-0.60357263371014
2026-09-16,2026-09-17,RESEARCH_SHORT,0.5296198870302595,0.5130208333333334,384,197,187,2026-09-15,HISTORICAL_RESEARCH_AS_OF_OOS,-0.02350223578527988,0.012240114588306783,4.101665159333936
2026-09-17,2026-09-18,RESEARCH_SHORT,0.4831546831190408,0.5116883116883116,385,197,188,2026-09-16,HISTORICAL_RESEARCH_AS_OF_OOS,-0.009067633880947334,0.014231887178383034,0.037332109785600975
2026-09-18,2026-09-21,RESEARCH_LONG,0.5273477335301044,0.5103626943005182,386,197,189,2026-09-17,HISTORICAL_RESEARCH_AS_OF_OOS,0.025963910164870763,0.011957484499557131,0.02429731794603729
2026-09-21,2026-09-22,RESEARCH_LONG,0.5644181110068888,0.5090439276485789,387,197,190,2026-09-18,HISTORICAL_RESEARCH_AS_OF_OOS,0.050174748798601954,0.012375980198431683,-0.0038373587979547708
2026-09-22,2026-09-23,RESEARCH_LONG,0.5993736277674073,0.5103092783505154,388,198,190,2026-09-21,HISTORICAL_RESEARCH_AS_OF_OOS,0.057798145021597636,0.018904296996455443,0.014226320663632164
2026-09-23,2026-09-24,RESEARCH_LONG,0.5530219979502211,0.5115681233933161,389,199,190,2026-09-22,HISTORICAL_RESEARCH_AS_OF_OOS,0.049003863014887905,0.00827540549486925,0.0035455481514581333
2026-09-24,2026-09-29,RESEARCH_LONG,0.5398491452016112,0.5128205128205128,390,200,190,2026-09-23,HISTORICAL_RESEARCH_AS_OF_OOS,0.036128754440736266,0.009932880327494129,-0.01935902275653123
2026-09-29,2026-09-30,RESEARCH_LONG,0.4984827290217498,0.5115089514066496,391,200,191,2026-09-24,HISTORICAL_RESEARCH_AS_OF_OOS,0.0073600742334134495,0.011807314673310025,0.007027864693863517
2026-09-30,2026-10-01,RESEARCH_LONG,0.4822534852786494,0.5102040816326531,392,200,192,2026-09-29,HISTORICAL_RESEARCH_AS_OF_OOS,0.005262391580173498,0.008607490171735982,0.032698509159699185
