ユら戳,,戳る(秅),秨絃基,程蔼基,程基,Μ絃基,害禴基,害禴%,Θユ秖,挡衡基,ゼ≧綪计,程程ㄎ禦基,程程ㄎ芥基,菌程蔼基,菌程基,琌癟既氨ユ,ユ琿,基畉癸虫Α〆癠Θユ秖
2025/05/23,TX,202506  ,21558,21640,21372,21470,-29,-0.13%,51667,21466,94058,21465,21469,24547,17000,,,,
2025/05/23,TX,202506  ,21508,21588,21333,21531,32,0.15%,44296,-,-,21526,21531,24547,17000,,絃,,
2025/05/23,TX,202507  ,21256,21350,21098,21185,-35,-0.16%,378,21185,703,21178,21186,21465,18558,,,,
2025/05/23,TX,202507  ,21230,21298,21055,21230,10,0.05%,265,-,-,21238,21247,21465,18558,,絃,,
2025/05/23,TX,202508  ,21138,21177,20936,20947,-121,-0.57%,13,21022,43,21018,21026,21177,20936,,,,
2025/05/23,TX,202508  ,21050,21132,20966,21080,12,0.06%,22,-,-,21074,21089,21132,20966,,絃,,
2025/05/23,TX,202509  ,21078,21078,20888,20888,-111,-0.53%,9,20955,1300,20952,20958,23902,16850,,,,
2025/05/23,TX,202509  ,20851,21074,20850,21074,75,0.36%,12,-,-,21014,21026,23902,16850,,絃,,
2025/05/23,TX,202512  ,20988,21042,20817,20817,-97,-0.46%,7,20870,466,20865,20875,24048,16873,,,,
2025/05/23,TX,202512  ,20831,20976,20831,20976,62,0.30%,4,-,-,20930,20942,24048,16873,,絃,,
2025/05/23,TX,202603  ,20855,20855,20855,20855,-11,-0.05%,1,20817,198,20810,20824,22263,17068,,,,
2025/05/23,TX,202603  ,20770,20887,20770,20887,21,0.10%,3,-,-,20877,20896,22263,17068,,絃,,
2025/05/26,TX,202506  ,21450,21569,21357,21385,-81,-0.38%,56961,21381,96104,21379,21385,24547,17000,,,,
2025/05/26,TX,202506  ,21449,21526,21072,21250,-216,-1.01%,65610,-,-,21250,21251,24547,17000,,絃,,
2025/05/26,TX,202507  ,21142,21262,21048,21070,-115,-0.54%,1020,21070,1189,21068,21075,21465,18558,,,,
2025/05/26,TX,202507  ,21184,21237,20792,20954,-231,-1.09%,862,-,-,20955,20959,21465,18558,,絃,,
2025/05/26,TX,202508  ,21004,21060,20888,20888,-134,-0.64%,11,20910,47,20904,20916,21177,20670,,,,
2025/05/26,TX,202508  ,21027,21055,20670,20792,-230,-1.09%,18,-,-,20792,20802,21177,20670,,絃,,
2025/05/26,TX,202509  ,20900,20900,20840,20840,-115,-0.55%,16,20846,1304,20841,20852,23902,16850,,,,
2025/05/26,TX,202509  ,20800,20800,20580,20760,-195,-0.93%,28,-,-,20735,20742,23902,16850,,絃,,
2025/05/26,TX,202512  ,20906,20918,20776,20776,-94,-0.45%,5,20747,467,20742,20753,24048,16873,,,,
2025/05/26,TX,202512  ,20879,20879,20547,20650,-220,-1.05%,9,-,-,20642,20653,24048,16873,,絃,,
2025/05/26,TX,202603  ,20870,20876,20739,20739,-78,-0.37%,3,20698,200,20692,20705,22263,17068,,,,
2025/05/26,TX,202603  ,20768,20768,20450,20620,-197,-0.95%,6,-,-,20592,20604,22263,17068,,絃,,
2025/05/27,TX,202506  ,21403,21438,21133,21233,-148,-0.69%,61109,21221,98345,21230,21234,24547,17000,,,,
2025/05/27,TX,202506  ,21410,21435,21333,21399,18,0.08%,14162,-,-,21390,21400,24547,17000,,絃,,
2025/05/27,TX,202507  ,21088,21133,20829,20922,-148,-0.70%,859,20914,1664,20924,20929,21465,18558,,,,
2025/05/27,TX,202507  ,21091,21125,21048,21088,18,0.09%,145,-,-,21085,21099,21465,18558,,絃,,
2025/05/27,TX,202508  ,20888,20888,20740,20740,-170,-0.81%,27,20759,63,20757,20762,21177,20670,,,,
2025/05/27,TX,202508  ,20910,20937,20890,20905,-5,-0.02%,7,-,-,20918,20933,21177,20670,,絃,,
2025/05/27,TX,202509  ,20755,20755,20600,20600,-246,-1.18%,33,20694,1331,20691,20697,23902,16850,,,,
2025/05/27,TX,202509  ,20855,20855,20841,20841,-5,-0.02%,4,-,-,20855,20871,23902,16850,,絃,,
2025/05/27,TX,202512  ,20625,20625,20522,20522,-225,-1.08%,16,20594,469,20590,20599,24048,16873,,,,
2025/05/27,TX,202512  ,20765,20784,20758,20758,11,0.05%,7,-,-,20757,20772,24048,16873,,絃,,
2025/05/27,TX,202603  ,20476,20476,20476,20476,-222,-1.07%,1,20545,200,20539,20551,22263,17068,,,,
2025/05/27,TX,202603  ,-,-,-,-,-,-,0,-,-,20705,20722,22263,17068,,絃,,
2025/05/28,TX,202506  ,21420,21512,21150,21252,31,0.15%,69146,21250,98298,21250,21254,24547,17000,,,,
2025/05/28,TX,202506  ,21227,21417,21218,21404,183,0.86%,35176,-,-,21401,21404,24547,17000,,絃,,
2025/05/28,TX,202507  ,21106,21196,20850,20945,31,0.15%,596,20945,1758,20944,20951,21465,18558,,,,
2025/05/28,TX,202507  ,20929,21098,20914,21083,169,0.81%,303,-,-,21088,21094,21465,18558,,絃,,
2025/05/28,TX,202508  ,20933,20955,20685,20713,-46,-0.22%,29,20767,69,20762,20773,21177,20670,,,,
2025/05/28,TX,202508  ,20816,20818,20816,20818,59,0.28%,2,-,-,20902,20924,21177,20670,,絃,,
2025/05/28,TX,202509  ,20921,20921,20600,20600,-94,-0.45%,46,20698,1368,20695,20702,23902,16850,,,,
2025/05/28,TX,202509  ,-,-,-,-,-,-,0,-,-,20841,20861,23902,16850,,絃,,
2025/05/28,TX,202512  ,20796,20796,20528,20594,0,0.00%,11,20594,472,20592,20601,24048,16873,,,,
2025/05/28,TX,202512  ,20643,20760,20595,20760,166,0.81%,6,-,-,20745,20758,24048,16873,,絃,,
2025/05/28,TX,202603  ,20545,-,-,20545,0,0.00%,13,20523,201,20516,20531,22263,17068,,,,
2025/05/28,TX,202603  ,20545,-,-,20545,0,0.00%,1,-,-,20690,20707,22263,17068,,絃,,
2025/05/29,TX,202506  ,21513,21616,21275,21320,70,0.33%,76415,21317,98813,21319,21322,24547,17000,,,,
2025/05/29,TX,202506  ,21254,21316,21192,21315,65,0.31%,31412,-,-,21310,21316,24547,17000,,絃,,
2025/05/29,TX,202507  ,21188,21290,20973,21013,68,0.32%,576,21011,1868,21012,21018,21465,18558,,,,
2025/05/29,TX,202507  ,20952,21000,20896,20997,52,0.25%,371,-,-,20998,21008,21465,18558,,絃,,
2025/05/29,TX,202508  ,21015,21113,20798,20798,31,0.15%,36,20833,76,20830,20837,21177,20670,,,,
2025/05/29,TX,202508  ,20783,20783,20761,20761,-6,-0.03%,10,-,-,20818,20829,21177,20670,,絃,,
2025/05/29,TX,202509  ,20978,21039,20739,20739,41,0.20%,20,20767,1368,20764,20771,23902,16850,,,,
2025/05/29,TX,202509  ,20710,20710,20710,20710,12,0.06%,1,-,-,20751,20760,23902,16850,,絃,,
2025/05/29,TX,202512  ,20898,20932,20660,20660,66,0.32%,16,20660,469,20660,20669,24048,16873,,,,
2025/05/29,TX,202512  ,20600,20600,20600,20600,6,0.03%,1,-,-,20650,20661,24048,16873,,絃,,
2025/05/29,TX,202603  ,20680,20680,20680,20680,157,0.76%,1,20590,202,20584,20597,22263,17068,,,,
2025/05/29,TX,202603  ,-,-,-,-,-,-,0,-,-,20572,20590,22263,17068,,絃,,
2025/06/02,TX,202506  ,20976,21049,20790,20866,-451,-2.12%,66441,20870,99450,20865,20871,24547,17000,,,,
2025/06/02,TX,202506  ,21281,21285,20934,21060,-257,-1.21%,56079,-,-,21059,21074,24547,17000,,絃,,
2025/06/02,TX,202507  ,20652,20739,20496,20578,-433,-2.06%,596,20578,2345,20565,20573,21465,18558,,,,
2025/06/02,TX,202507  ,21007,21007,20642,20760,-251,-1.19%,579,-,-,20754,20773,21465,18558,,絃,,
2025/06/02,TX,202508  ,20508,20508,20375,20388,-445,-2.14%,138,20388,143,20386,20395,21177,20375,,,,
2025/06/02,TX,202508  ,20761,20770,20513,20596,-237,-1.14%,11,-,-,20578,20599,21177,20513,,絃,,
2025/06/02,TX,202509  ,20428,20428,20259,20314,-453,-2.18%,87,20327,1441,20322,20332,23902,16850,,,,
2025/06/02,TX,202509  ,20673,20678,20400,20500,-267,-1.29%,45,-,-,20513,20537,23902,16850,,絃,,
2025/06/02,TX,202512  ,20200,20249,20200,20246,-414,-2.00%,13,20225,478,20220,20231,24048,16873,,,,
2025/06/02,TX,202512  ,20590,20590,20300,20445,-215,-1.04%,18,-,-,20411,20433,24048,16873,,絃,,
2025/06/02,TX,202603  ,20123,20123,20123,20123,-467,-2.27%,1,20149,203,20142,20156,22263,17068,,,,
2025/06/02,TX,202603  ,20422,20422,20291,20291,-299,-1.45%,2,-,-,20333,20361,22263,17068,,絃,,
2025/06/03,TX,202506  ,21034,21221,20955,20971,101,0.48%,64909,20974,94985,20971,20975,24547,17000,,,,
2025/06/03,TX,202506  ,20881,21102,20830,21082,212,1.02%,37198,-,-,21074,21083,24547,17000,,絃,,
2025/06/03,TX,202507  ,20722,20915,20661,20685,107,0.52%,555,20676,2342,20673,20679,21465,18558,,,,
2025/06/03,TX,202507  ,20614,20794,20534,20788,210,1.02%,328,-,-,20768,20781,21465,18558,,絃,,
2025/06/03,TX,202508  ,20553,20730,20500,20505,117,0.57%,13,20505,146,20497,20504,21177,20375,,,,
2025/06/03,TX,202508  ,20384,20592,20384,20592,204,1.00%,16,-,-,20587,20601,21177,20375,,絃,,
2025/06/03,TX,202509  ,20608,20656,20420,20420,93,0.46%,31,20431,1449,20427,20435,23902,16850,,,,
2025/06/03,TX,202509  ,20330,20489,20322,20489,162,0.80%,23,-,-,20527,20540,23902,16850,,絃,,
2025/06/03,TX,202512  ,20561,20561,20353,20353,128,0.63%,7,20330,474,20326,20334,24048,16873,,,,
2025/06/03,TX,202512  ,20374,20375,20316,20316,91,0.45%,8,-,-,20425,20438,24048,16873,,絃,,
2025/06/03,TX,202603  ,20400,20400,20254,20254,105,0.52%,3,20254,202,20251,20264,22263,17068,,,,
2025/06/03,TX,202603  ,-,-,-,-,-,-,0,-,-,20351,20365,22263,17068,,絃,,
2025/06/04,TX,202506  ,21280,21533,21261,21482,508,2.42%,61616,21479,96663,21480,21482,24547,17000,,,,
2025/06/04,TX,202506  ,21026,21254,20975,21217,243,1.16%,35014,-,-,21211,21217,24547,17000,,絃,,
2025/06/04,TX,202507  ,20977,21235,20977,21191,515,2.49%,945,21191,2557,21189,21193,21465,18558,,,,
2025/06/04,TX,202507  ,20723,20955,20678,20919,243,1.18%,434,-,-,20912,20921,21465,18558,,絃,,
2025/06/04,TX,202508  ,20804,21032,20804,21023,518,2.53%,21,21023,148,21010,21018,21177,20375,,,,
2025/06/04,TX,202508  ,20554,20770,20525,20770,265,1.29%,33,-,-,20732,20743,21177,20375,,絃,,
2025/06/04,TX,202509  ,20723,20988,20723,20960,529,2.59%,15,20950,1453,20947,20953,23902,16850,,,,
2025/06/04,TX,202509  ,20464,20708,20464,20700,269,1.32%,42,-,-,20668,20678,23902,16850,,絃,,
2025/06/04,TX,202512  ,20788,20887,20788,20887,557,2.74%,8,20853,474,20850,20857,24048,16873,,,,
2025/06/04,TX,202512  ,20344,20411,20344,20411,81,0.40%,11,-,-,20565,20576,24048,16873,,絃,,
2025/06/04,TX,202603  ,20782,20810,20782,20810,556,2.75%,3,20786,201,20781,20792,22263,17068,,,,
2025/06/04,TX,202603  ,-,-,-,-,-,-,0,-,-,20493,20509,22263,17068,,絃,,
2025/06/05,TX,202506  ,21589,21677,21512,21553,74,0.34%,46482,21554,95433,21552,21558,24547,17000,,,,
2025/06/05,TX,202506  ,21496,21597,21453,21548,69,0.32%,32913,-,-,21547,21553,24547,17000,,絃,,
2025/06/05,TX,202507  ,21298,21380,21217,21260,69,0.33%,818,21260,2976,21253,21260,21465,18558,,,,
2025/06/05,TX,202507  ,21202,21301,21168,21263,72,0.34%,522,-,-,21261,21267,21465,18558,,絃,,
2025/06/05,TX,202508  ,21134,21134,21068,21068,45,0.21%,6,21091,153,21087,21096,21177,20375,,,,
2025/06/05,TX,202508  ,21079,21089,21067,21089,66,0.31%,21,-,-,21086,21096,21177,20375,,絃,,
2025/06/05,TX,202509  ,21050,21114,21018,21024,74,0.35%,16,21024,1448,21027,21034,23902,16850,,,,
2025/06/05,TX,202509  ,21005,21060,20970,21060,110,0.53%,20,-,-,21026,21037,23902,16850,,絃,,
2025/06/05,TX,202512  ,20987,20987,20906,20915,62,0.30%,8,20931,474,20927,20935,24048,16873,,,,
2025/06/05,TX,202512  ,20856,20938,20856,20880,27,0.13%,11,-,-,20931,20945,24048,16873,,絃,,
2025/06/05,TX,202603  ,-,-,-,-,-,-,0,20868,204,20861,20876,22263,17068,,,,
2025/06/05,TX,202603  ,20780,20855,20780,20815,29,0.14%,9,-,-,20863,20879,22263,17068,,絃,,
2025/06/06,TX,202506  ,21599,21630,21513,21578,24,0.11%,37655,21566,93993,21571,21579,24547,17000,,,,
2025/06/06,TX,202506  ,21554,21752,21502,21530,-24,-0.11%,55509,-,-,21523,21531,24547,17000,,絃,,
2025/06/06,TX,202507  ,21277,21333,21227,21281,21,0.10%,525,21274,3244,21277,21287,21465,18558,,,,
2025/06/06,TX,202507  ,21265,21450,21215,21224,-36,-0.17%,757,-,-,21225,21240,21465,18558,,絃,,
2025/06/06,TX,202508  ,21123,21132,21089,21132,41,0.19%,8,21116,155,21110,21122,21199,20375,,,,
2025/06/06,TX,202508  ,21199,21199,21097,21097,6,0.03%,11,-,-,21061,21076,21199,20375,,絃,,
2025/06/06,TX,202509  ,21070,21070,21000,21038,14,0.07%,8,21052,1456,21047,21058,23902,16850,,,,
2025/06/06,TX,202509  ,21046,21186,21000,21050,26,0.12%,16,-,-,20999,21013,23902,16850,,絃,,
2025/06/06,TX,202512  ,20991,20991,20938,20942,11,0.05%,5,20958,470,20951,20965,24048,16873,,,,
2025/06/06,TX,202512  ,21109,21114,21030,21033,102,0.49%,6,-,-,20899,20914,24048,16873,,絃,,
2025/06/06,TX,202603  ,20942,20942,20942,20942,74,0.35%,1,20893,207,20886,20901,22263,17068,,,,
2025/06/06,TX,202603  ,20933,20933,20900,20900,32,0.15%,2,-,-,20834,20851,22263,17068,,絃,,
2025/06/09,TX,202506  ,21663,21788,21626,21727,161,0.75%,43471,21719,93256,21725,21728,24547,17000,,,,
2025/06/09,TX,202506  ,21577,21712,21534,21660,94,0.44%,29760,-,-,21653,21660,24547,17000,,絃,,
2025/06/09,TX,202507  ,21374,21490,21340,21438,164,0.77%,1060,21432,3850,21437,21442,21490,18558,,,,
2025/06/09,TX,202507  ,21288,21416,21245,21380,106,0.50%,454,-,-,21362,21372,21465,18558,,絃,,
2025/06/09,TX,202508  ,21207,21319,21178,21263,147,0.70%,13,21278,154,21275,21282,21319,20375,,,,
2025/06/09,TX,202508  ,21160,21223,21157,21200,84,0.40%,5,-,-,21194,21208,21223,20375,,絃,,
2025/06/09,TX,202509  ,21142,21244,21128,21185,133,0.63%,5,21214,1455,21212,21216,23902,16850,,,,
2025/06/09,TX,202509  ,21030,21178,21030,21124,72,0.34%,8,-,-,21130,21143,23902,16850,,絃,,
2025/06/09,TX,202512  ,21140,21140,21114,21114,156,0.74%,2,21114,468,21115,21124,24048,16873,,,,
2025/06/09,TX,202512  ,20956,21070,20940,21070,112,0.53%,11,-,-,21034,21047,24048,16873,,絃,,
2025/06/09,TX,202603  ,21026,21032,21026,21032,139,0.67%,2,21054,206,21047,21061,22263,17068,,,,
2025/06/09,TX,202603  ,20868,21005,20868,21005,112,0.54%,7,-,-,20969,20982,22263,17068,,絃,,
2025/06/10,TX,202506  ,21879,22236,21850,22113,394,1.81%,70320,22116,95418,22113,22119,24547,17000,,,,
2025/06/10,TX,202506  ,21750,21880,21721,21846,127,0.58%,25973,-,-,21842,21847,24547,17000,,絃,,
2025/06/10,TX,202507  ,21572,21941,21566,21826,394,1.84%,1713,21824,4518,21821,21830,21941,18558,,,,
2025/06/10,TX,202507  ,21459,21588,21439,21553,121,0.56%,635,-,-,21552,21560,21588,18558,,絃,,
2025/06/10,TX,202508  ,21437,21675,21437,21675,397,1.87%,9,21664,154,21659,21669,21675,20375,,,,
2025/06/10,TX,202508  ,21299,21403,21299,21403,125,0.59%,19,-,-,21394,21404,21403,20375,,絃,,
2025/06/10,TX,202509  ,21384,21705,21384,21588,374,1.76%,50,21588,1500,21584,21591,23902,16850,,,,
2025/06/10,TX,202509  ,21254,21280,21254,21280,66,0.31%,17,-,-,21326,21336,23902,16850,,絃,,
2025/06/10,TX,202512  ,21398,21601,21398,21508,394,1.87%,8,21508,471,21497,21507,24048,16873,,,,
2025/06/10,TX,202512  ,21230,21265,21211,21265,151,0.72%,8,-,-,21233,21244,24048,16873,,絃,,
2025/06/10,TX,202603  ,21364,21364,21364,21364,310,1.47%,1,21436,206,21431,21442,22263,17068,,,,
2025/06/10,TX,202603  ,-,-,-,-,-,-,0,-,-,21165,21179,22263,17068,,絃,,
2025/06/11,TX,202506  ,22296,22355,22190,22351,235,1.06%,53385,22344,92578,22347,22351,24547,17000,,,,
2025/06/11,TX,202506  ,22129,22312,22096,22312,196,0.89%,36796,-,-,22310,22312,24547,17000,,絃,,
2025/06/11,TX,202507  ,22030,22074,21911,22071,247,1.13%,2197,22069,5918,22070,22075,22074,18558,,,,
2025/06/11,TX,202507  ,21841,22023,21820,22023,199,0.91%,776,-,-,22020,22025,22023,18558,,絃,,
2025/06/11,TX,202508  ,21838,21900,21796,21896,232,1.07%,24,21908,157,21904,21912,21900,20375,,,,
2025/06/11,TX,202508  ,21700,21856,21670,21856,192,0.89%,7,-,-,21859,21866,21856,20375,,絃,,
2025/06/11,TX,202509  ,21704,21826,21672,21815,227,1.05%,35,21815,1514,21820,21826,23902,16850,,,,
2025/06/11,TX,202509  ,21635,21635,21629,21629,41,0.19%,2,-,-,21782,21789,23902,16850,,絃,,
2025/06/11,TX,202512  ,-,-,-,-,-,-,0,21739,472,21735,21743,24048,16873,,,,
2025/06/11,TX,202512  ,21508,21508,21508,21508,0,0.00%,1,-,-,21693,21699,24048,16873,,絃,,
2025/06/11,TX,202603  ,21585,21666,21585,21666,230,1.07%,6,21666,183,21660,21671,22263,17068,,,,
2025/06/11,TX,202603  ,21498,21498,21485,21485,49,0.23%,28,-,-,21619,21628,22263,17068,,絃,,
2025/06/12,TX,202506  ,22315,22329,22214,22252,-92,-0.41%,43973,22253,89914,22251,22255,24547,17000,,,,
2025/06/12,TX,202506  ,22363,22493,22311,22353,9,0.04%,41912,-,-,22349,22354,24547,17000,,絃,,
2025/06/12,TX,202507  ,22055,22059,21941,21955,-114,-0.52%,4154,21953,7937,21951,21958,22214,18558,,,,
2025/06/12,TX,202507  ,22088,22214,22047,22080,11,0.05%,1586,-,-,22081,22089,22214,18558,,絃,,
2025/06/12,TX,202508  ,21894,21894,21789,21810,-98,-0.45%,25,21805,160,21799,21811,22013,20375,,,,
2025/06/12,TX,202508  ,21942,22013,21908,22001,93,0.42%,9,-,-,21914,21931,22013,20375,,絃,,
2025/06/12,TX,202509  ,21747,21748,21699,21711,-104,-0.48%,23,21720,1520,21712,21728,23902,16850,,,,
2025/06/12,TX,202509  ,21828,21955,21803,21803,-12,-0.06%,10,-,-,21825,21833,23902,16850,,絃,,
2025/06/12,TX,202512  ,21641,21678,21640,21677,-62,-0.29%,6,21631,471,21620,21643,24048,16873,,,,
2025/06/12,TX,202512  ,21860,21860,21779,21845,106,0.49%,5,-,-,21742,21754,24048,16873,,絃,,
2025/06/12,TX,202603  ,21580,21610,21580,21605,-61,-0.28%,4,21560,184,21546,21575,22263,17068,,,,
2025/06/12,TX,202603  ,21710,21786,21666,21697,31,0.14%,9,-,-,21667,21679,22263,17068,,絃,,
2025/06/13,TX,202506  ,21954,22139,21893,21940,-313,-1.41%,87803,21940,82391,21934,21938,24547,17000,,,,
2025/06/13,TX,202506  ,22236,22350,22135,22309,56,0.25%,36808,-,-,22308,22310,24547,17000,,絃,,
2025/06/13,TX,202507  ,21651,21821,21576,21609,-344,-1.57%,14241,21616,17460,21608,21616,22214,18558,,,,
2025/06/13,TX,202507  ,21950,22027,21821,21998,45,0.20%,2836,-,-,21989,21997,22214,18558,,絃,,
2025/06/13,TX,202508  ,21498,21665,21440,21458,-347,-1.59%,83,21458,198,21445,21454,22013,20375,,,,
2025/06/13,TX,202508  ,21792,21850,21702,21850,45,0.21%,26,-,-,21822,21843,22013,20375,,絃,,
2025/06/13,TX,202509  ,21415,21568,21353,21450,-270,-1.24%,59,21360,1541,21354,21366,23902,16850,,,,
2025/06/13,TX,202509  ,21720,21775,21590,21750,30,0.14%,21,-,-,21738,21764,23902,16850,,絃,,
2025/06/13,TX,202512  ,21360,21470,21300,21392,-239,-1.10%,9,21274,471,21269,21279,24048,16873,,,,
2025/06/13,TX,202512  ,21525,21676,21525,21676,45,0.21%,4,-,-,21640,21671,24048,16873,,絃,,
2025/06/13,TX,202603  ,21240,21372,21215,21307,-253,-1.17%,16,21178,188,21164,21193,22263,17068,,,,
2025/06/13,TX,202603  ,21466,21482,21466,21482,-78,-0.36%,2,-,-,21558,21597,22263,17068,,絃,,
2025/06/16,TX,202506  ,22030,22061,21868,22032,92,0.42%,95307,22032,43164,22032,22035,24547,17000,,,,
2025/06/16,TX,202506  ,21960,22146,21948,21991,51,0.23%,42610,-,-,21987,22001,24547,17000,,絃,,
2025/06/16,TX,202507  ,21686,21717,21559,21686,70,0.32%,51028,21692,55179,21689,21694,22214,18558,,,,
2025/06/16,TX,202507  ,21638,21800,21616,21640,24,0.11%,2758,-,-,21642,21661,22214,18558,,絃,,
2025/06/16,TX,202508  ,21522,21527,21400,21513,55,0.26%,67,21524,329,21518,21530,22013,20375,,,,
2025/06/16,TX,202508  ,21487,21621,21468,21478,20,0.09%,130,-,-,21472,21499,22013,20375,,絃,,
2025/06/16,TX,202509  ,21423,21443,21350,21430,70,0.33%,10,21430,1536,21416,21447,23902,16850,,,,
2025/06/16,TX,202509  ,21400,21520,21354,21430,70,0.33%,30,-,-,21384,21427,23902,16850,,絃,,
2025/06/16,TX,202512  ,21250,21285,21250,21285,11,0.05%,5,21328,470,21307,21350,24048,16873,,,,
2025/06/16,TX,202512  ,21302,21416,21297,21416,142,0.67%,19,-,-,21290,21328,24048,16873,,絃,,
2025/06/16,TX,202603  ,-,-,-,-,-,-,0,21247,188,21212,21282,22263,17068,,,,
2025/06/16,TX,202603  ,-,-,-,-,-,-,0,-,-,21167,21251,22263,17068,,絃,,
2025/06/17,TX,202506  ,22150,22260,22061,22159,127,0.58%,88076,22163,18209,22159,22164,24547,17000,,,,
2025/06/17,TX,202506  ,22061,22278,22036,22221,189,0.86%,30885,-,-,22217,22221,24547,17000,,絃,,
2025/06/17,TX,202507  ,21801,21906,21683,21784,92,0.42%,49873,21791,86337,21785,21791,22214,18558,,,,
2025/06/17,TX,202507  ,21720,21931,21693,21880,188,0.87%,4988,-,-,21877,21886,22214,18558,,絃,,
2025/06/17,TX,202508  ,21702,21708,21520,21620,96,0.45%,47,21613,353,21607,21619,22013,20375,,,,
2025/06/17,TX,202508  ,21567,21724,21518,21658,134,0.62%,21,-,-,21684,21711,22013,20375,,絃,,
2025/06/17,TX,202509  ,21551,21593,21420,21496,66,0.31%,26,21511,1546,21496,21527,23902,16850,,,,
2025/06/17,TX,202509  ,21470,21659,21395,21631,201,0.94%,30,-,-,21569,21596,23902,16850,,絃,,
2025/06/17,TX,202512  ,21435,21435,21367,21390,62,0.29%,8,21401,470,21375,21427,24048,16873,,,,
2025/06/17,TX,202512  ,21380,21515,21309,21515,187,0.88%,6,-,-,21462,21502,24048,16873,,絃,,
2025/06/17,TX,202603  ,21345,21345,21345,21345,98,0.46%,1,21345,189,21193,21361,22263,17068,,,,
2025/06/17,TX,202603  ,-,-,-,-,-,-,0,-,-,21377,21449,22263,17068,,絃,,
2025/06/18,TX,202506  ,22109,22384,22080,22308,145,0.65%,40498,0,11123,22307,22308,24547,17000,,,,
2025/06/18,TX,202506  ,22144,22189,22028,22070,-93,-0.42%,29346,-,-,22062,22071,24547,17000,,絃,,
2025/06/18,TX,202507  ,21714,21962,21694,21930,139,0.64%,40655,21931,94806,21926,21931,22214,18558,,,,
2025/06/18,TX,202507  ,21790,21800,21661,21683,-108,-0.50%,8451,-,-,21674,21685,22214,18558,,絃,,
2025/06/18,TX,202508  ,21605,21775,21604,21756,143,0.66%,169,21752,406,21746,21756,22013,20375,,,,
2025/06/18,TX,202508  ,21590,21617,21495,21497,-116,-0.54%,36,-,-,21499,21515,22013,20375,,絃,,
2025/06/18,TX,202509  ,21510,21654,21510,21647,136,0.63%,34,21647,1560,21639,21648,23902,16850,,,,
2025/06/18,TX,202509  ,21492,21526,21410,21436,-75,-0.35%,27,-,-,21391,21421,23902,16850,,絃,,
2025/06/18,TX,202512  ,21373,21438,21373,21438,37,0.17%,9,21526,474,21520,21533,24048,16873,,,,
2025/06/18,TX,202512  ,21300,21323,21300,21323,-78,-0.36%,4,-,-,21252,21322,24048,16873,,絃,,
2025/06/18,TX,202603  ,21445,21445,21421,21421,76,0.36%,3,21441,190,21432,21450,22263,17068,,,,
2025/06/18,TX,202603  ,21300,21300,21216,21216,-129,-0.60%,2,-,-,21152,21253,22263,17068,,絃,,
2025/06/19,TX,202507  ,21820,21857,21675,21704,-227,-1.04%,52900,21703,94618,21704,21706,22214,18558,,,,
2025/06/19,TX,202507  ,21963,21990,21741,21853,-78,-0.36%,45988,-,-,21851,21860,22214,18558,,絃,,
2025/06/19,TX,202508  ,21664,21675,21520,21548,-204,-0.94%,398,21548,633,21546,21552,22013,20375,,,,
2025/06/19,TX,202508  ,21782,21793,21569,21659,-93,-0.43%,405,-,-,21673,21687,22013,20375,,絃,,
2025/06/19,TX,202509  ,21520,21559,21430,21459,-188,-0.87%,32,21445,1559,21443,21448,23902,16850,,,,
2025/06/19,TX,202509  ,21658,21658,21486,21572,-75,-0.35%,49,-,-,21570,21585,23902,16850,,絃,,
2025/06/19,TX,202512  ,21419,21419,21332,21341,-185,-0.86%,33,21331,482,21327,21335,24048,16873,,,,
2025/06/19,TX,202512  ,21562,21566,21376,21448,-78,-0.36%,12,-,-,21453,21470,24048,16873,,絃,,
2025/06/19,TX,202603  ,21290,21290,21257,21257,-184,-0.86%,6,21248,196,21243,21254,22263,17068,,,,
2025/06/19,TX,202603  ,21310,21415,21310,21320,-121,-0.56%,15,-,-,21363,21390,22263,17068,,絃,,
2025/06/19,TX,202606  ,21141,21236,21124,21142,-204,-0.96%,11,21116,6,21098,21135,21236,21124,,,,
2025/05/23,TX,202506/202507    ,-286,-282,-286,-283,-,-,11,-,-,-287,-283,-264,-301,,,216,
2025/05/23,TX,202506/202507    ,-,-,-,-,-,-,0,-,-,-288,-284,-264,-301,,絃,127,
2025/05/23,TX,202506/202508    ,-445,-445,-445,-445,-,-,2,-,-,-447,-443,-403,-445,,,10,
2025/05/23,TX,202506/202508    ,-,-,-,-,-,-,0,-,-,-452,-442,-403,-434,,絃,19,
2025/05/23,TX,202506/202509    ,-511,-511,-511,-511,-,-,5,-,-,-513,-511,-179,-514,,,3,
2025/05/23,TX,202506/202509    ,-503,-503,-503,-503,-,-,1,-,-,-512,-505,-179,-514,,絃,11,
2025/05/23,TX,202506/202512    ,-,-,-,-,-,-,0,-,-,-600,-594,-304,-598,,,6,
2025/05/23,TX,202506/202512    ,-,-,-,-,-,-,0,-,-,-596,-589,-304,-598,,絃,4,
2025/05/23,TX,202506/202603    ,-,-,-,-,-,-,0,-,-,-655,-645,-292,-315,,,1,
2025/05/23,TX,202506/202603    ,-,-,-,-,-,-,0,-,-,-649,-635,-292,-315,,絃,3,
2025/05/23,TX,202507/202508    ,-,-,-,-,-,-,0,-,-,-,-,-129,-139,,,1,
2025/05/23,TX,202508/202509    ,-,-,-,-,-,-,0,-,-,-,-51,-,-,,絃,3,
2025/05/26,TX,202506/202507    ,-291,-290,-311,-310,-,-,396,-,-,-311,-310,-264,-311,,,484,
2025/05/26,TX,202506/202507    ,-285,-285,-288,-288,-,-,40,-,-,-295,-292,-264,-301,,絃,402,
2025/05/26,TX,202506/202508    ,-,-,-,-,-,-,0,-,-,-475,-469,-403,-445,,,9,
2025/05/26,TX,202506/202508    ,-,-,-,-,-,-,0,-,-,-458,-449,-403,-445,,絃,17,
2025/05/26,TX,202506/202509    ,-519,-519,-531,-531,-,-,13,-,-,-538,-533,-179,-531,,,1,
2025/05/26,TX,202506/202509    ,-,-,-,-,-,-,0,-,-,-515,-509,-179,-514,,絃,28,
2025/05/26,TX,202506/202512    ,-,-,-,-,-,-,0,-,-,-637,-632,-304,-598,,,5,
2025/05/26,TX,202506/202512    ,-598,-598,-598,-598,-,-,2,-,-,-608,-598,-304,-598,,絃,7,
2025/05/26,TX,202506/202603    ,-,-,-,-,-,-,0,-,-,-687,-680,-292,-315,,,2,
2025/05/26,TX,202506/202603    ,-,-,-,-,-,-,0,-,-,-658,-647,-292,-315,,絃,4,
2025/05/26,TX,202508/202509    ,-,-,-,-,-,-,0,-,-,-,-66,-,-,,,2,
2025/05/27,TX,202506/202507    ,-303,-299,-305,-305,-,-,301,-,-,-306,-305,-264,-311,,,485,
2025/05/27,TX,202506/202507    ,-308,-306,-308,-306,-,-,9,-,-,-305,-301,-264,-311,,絃,70,
2025/05/27,TX,202506/202508    ,-468,-468,-472,-472,-,-,19,-,-,-473,-472,-403,-472,,,8,
2025/05/27,TX,202506/202508    ,-,-,-,-,-,-,0,-,-,-472,-467,-403,-445,,絃,7,
2025/05/27,TX,202506/202509    ,-527,-527,-537,-537,-,-,24,-,-,-539,-537,-179,-537,,,9,
2025/05/27,TX,202506/202509    ,-,-,-,-,-,-,0,-,-,-535,-529,-179,-531,,絃,4,
2025/05/27,TX,202506/202512    ,-631,-631,-634,-634,-,-,5,-,-,-640,-635,-304,-634,,,10,
2025/05/27,TX,202506/202512    ,-,-,-,-,-,-,0,-,-,-633,-628,-304,-598,,絃,7,
2025/05/27,TX,202506/202603    ,-,-,-,-,-,-,0,-,-,-691,-683,-292,-315,,,1,
2025/05/28,TX,202506/202507    ,-312,-302,-312,-302,-,-,11,-,-,-306,-303,-264,-312,,,428,
2025/05/28,TX,202506/202507    ,-306,-305,-306,-305,-,-,2,-,-,-313,-310,-264,-311,,絃,127,
2025/05/28,TX,202506/202508    ,-486,-484,-490,-487,-,-,14,-,-,-488,-481,-403,-490,,,14,
2025/05/28,TX,202506/202508    ,-,-,-,-,-,-,0,-,-,-499,-480,-403,-472,,絃,2,
2025/05/28,TX,202506/202509    ,-556,-552,-560,-552,-,-,41,-,-,-555,-551,-179,-560,,,5,
2025/05/28,TX,202506/202512    ,-,-,-,-,-,-,0,-,-,-658,-653,-304,-634,,,10,
2025/05/28,TX,202506/202512    ,-,-,-,-,-,-,0,-,-,-656,-646,-304,-634,,絃,6,
2025/05/28,TX,202506/202603    ,-718,-718,-726,-726,-,-,13,-,-,-734,-723,-292,-726,,,0,
2025/05/28,TX,202506/202603    ,-701,-701,-701,-701,-,-,1,-,-,-711,-697,-292,-701,,絃,0,
2025/05/29,TX,202506/202507    ,-315,-303,-315,-303,-,-,15,-,-,-307,-304,-264,-315,,,426,
2025/05/29,TX,202506/202507    ,-306,-306,-314,-311,-,-,150,-,-,-312,-308,-264,-314,,絃,117,
2025/05/29,TX,202506/202508    ,-,-,-,-,-,-,0,-,-,-489,-485,-403,-490,,,33,
2025/05/29,TX,202506/202508    ,-,-,-,-,-,-,0,-,-,-492,-487,-403,-490,,絃,10,
2025/05/29,TX,202506/202509    ,-559,-557,-560,-557,-,-,4,-,-,-555,-551,-179,-560,,,15,
2025/05/29,TX,202506/202509    ,-,-,-,-,-,-,0,-,-,-559,-556,-179,-560,,絃,1,
2025/05/29,TX,202506/202512    ,-662,-662,-662,-662,-,-,1,-,-,-659,-653,-304,-662,,,15,
2025/05/29,TX,202506/202603    ,-,-,-,-,-,-,0,-,-,-735,-725,-292,-726,,,1,
2025/06/02,TX,202506/202507    ,-304,-295,-304,-297,-,-,68,-,-,-300,-298,-264,-315,,,436,
2025/06/02,TX,202506/202507    ,-304,-303,-305,-305,-,-,9,-,-,-305,-301,-264,-315,,絃,403,
2025/06/02,TX,202506/202508    ,-479,-476,-480,-476,-,-,133,-,-,-479,-476,-403,-490,,,4,
2025/06/02,TX,202506/202508    ,-,-,-,-,-,-,0,-,-,-481,-475,-403,-490,,絃,11,
2025/06/02,TX,202506/202509    ,-542,-542,-544,-544,-,-,40,-,-,-543,-539,-179,-560,,,47,
2025/06/02,TX,202506/202509    ,-,-,-,-,-,-,0,-,-,-546,-537,-179,-560,,絃,44,
2025/06/02,TX,202506/202512    ,-645,-645,-647,-647,-,-,6,-,-,-645,-640,-304,-662,,,7,
2025/06/02,TX,202506/202512    ,-,-,-,-,-,-,0,-,-,-648,-641,-304,-662,,絃,18,
2025/06/02,TX,202506/202603    ,-,-,-,-,-,-,0,-,-,-723,-715,-292,-726,,,1,
2025/06/02,TX,202506/202603    ,-,-,-,-,-,-,0,-,-,-726,-713,-292,-726,,絃,2,
2025/06/03,TX,202506/202507    ,-302,-295,-302,-299,-,-,51,-,-,-298,-296,-264,-315,,,359,
2025/06/03,TX,202506/202507    ,-304,-304,-304,-304,-,-,1,-,-,-306,-302,-264,-315,,絃,233,
2025/06/03,TX,202506/202508    ,-,-,-,-,-,-,0,-,-,-474,-471,-403,-490,,,12,
2025/06/03,TX,202506/202508    ,-,-,-,-,-,-,0,-,-,-487,-482,-403,-490,,絃,16,
2025/06/03,TX,202506/202509    ,-,-,-,-,-,-,0,-,-,-544,-540,-179,-560,,,31,
2025/06/03,TX,202506/202509    ,-,-,-,-,-,-,0,-,-,-547,-543,-179,-560,,絃,23,
2025/06/03,TX,202506/202512    ,-,-,-,-,-,-,0,-,-,-645,-641,-304,-662,,,6,
2025/06/03,TX,202506/202512    ,-,-,-,-,-,-,0,-,-,-649,-645,-304,-662,,絃,8,
2025/06/03,TX,202506/202603    ,-,-,-,-,-,-,0,-,-,-720,-711,-292,-726,,,3,
2025/06/04,TX,202506/202507    ,-300,-280,-300,-292,-,-,225,-,-,-291,-289,-264,-315,,,479,
2025/06/04,TX,202506/202507    ,-,-,-,-,-,-,0,-,-,-299,-296,-264,-315,,絃,272,
2025/06/04,TX,202506/202508    ,-,-,-,-,-,-,0,-,-,-470,-464,-403,-490,,,18,
2025/06/04,TX,202506/202508    ,-,-,-,-,-,-,0,-,-,-479,-474,-403,-490,,絃,33,
2025/06/04,TX,202506/202509    ,-539,-532,-539,-532,-,-,3,-,-,-533,-529,-179,-560,,,11,
2025/06/04,TX,202506/202509    ,-,-,-,-,-,-,0,-,-,-543,-539,-179,-560,,絃,41,
2025/06/04,TX,202506/202512    ,-,-,-,-,-,-,0,-,-,-630,-625,-304,-662,,,7,
2025/06/04,TX,202506/202512    ,-,-,-,-,-,-,0,-,-,-646,-641,-304,-662,,絃,11,
2025/06/04,TX,202506/202603    ,-,-,-,-,-,-,0,-,-,-699,-690,-292,-726,,,3,
2025/06/04,TX,202507/202508    ,-,-,-,-,-,-,0,-,-,-187,-,-129,-139,,,2,
2025/06/05,TX,202506/202507    ,-286,-285,-300,-297,-,-,290,-,-,-299,-296,-264,-315,,,365,
2025/06/05,TX,202506/202507    ,-291,-291,-291,-291,-,-,9,-,-,-290,-286,-264,-315,,絃,291,
2025/06/05,TX,202506/202508    ,-460,-460,-460,-460,-,-,1,-,-,-465,-462,-403,-490,,,3,
2025/06/05,TX,202506/202508    ,-461,-455,-461,-455,-,-,6,-,-,-463,-457,-403,-490,,絃,12,
2025/06/05,TX,202506/202509    ,-526,-525,-526,-525,-,-,4,-,-,-525,-524,-179,-560,,,11,
2025/06/05,TX,202506/202509    ,-532,-516,-532,-516,-,-,6,-,-,-522,-516,-179,-560,,絃,14,
2025/06/05,TX,202506/202512    ,-622,-622,-623,-623,-,-,4,-,-,-625,-623,-304,-662,,,4,
2025/06/05,TX,202506/202512    ,-,-,-,-,-,-,0,-,-,-616,-608,-304,-662,,絃,11,
2025/06/05,TX,202506/202603    ,-685,-684,-685,-684,-,-,3,-,-,-684,-674,-292,-726,,絃,5,
2025/06/05,TX,202507/202508    ,-175,-175,-175,-175,-,-,3,-,-,-175,-,-129,-175,,絃,0,
2025/06/06,TX,202506/202507    ,-293,-291,-296,-292,-,-,170,-,-,-294,-292,-264,-315,,,186,
2025/06/06,TX,202506/202507    ,-295,-295,-297,-297,-,-,6,-,-,-298,-291,-264,-315,,絃,368,
2025/06/06,TX,202506/202508    ,-,-,-,-,-,-,0,-,-,-461,-457,-403,-490,,,7,
2025/06/06,TX,202506/202508    ,-,-,-,-,-,-,0,-,-,-462,-455,-403,-490,,絃,11,
2025/06/06,TX,202506/202509    ,-522,-522,-523,-523,-,-,4,-,-,-524,-521,-179,-560,,,3,
2025/06/06,TX,202506/202509    ,-525,-525,-525,-525,-,-,1,-,-,-524,-518,-179,-560,,絃,15,
2025/06/06,TX,202506/202512    ,-,-,-,-,-,-,0,-,-,-620,-614,-304,-662,,,5,
2025/06/06,TX,202506/202512    ,-,-,-,-,-,-,0,-,-,-624,-617,-304,-662,,絃,6,
2025/06/06,TX,202506/202603    ,-,-,-,-,-,-,0,-,-,-685,-678,-292,-726,,,1,
2025/06/06,TX,202506/202603    ,-,-,-,-,-,-,0,-,-,-689,-680,-292,-726,,絃,2,
2025/06/09,TX,202506/202507    ,-294,-282,-294,-286,-,-,459,-,-,-288,-286,-264,-315,,,389,
2025/06/09,TX,202506/202507    ,-292,-289,-292,-289,-,-,41,-,-,-291,-288,-264,-315,,絃,193,
2025/06/09,TX,202506/202508    ,-,-,-,-,-,-,0,-,-,-450,-446,-403,-490,,,12,
2025/06/09,TX,202506/202508    ,-,-,-,-,-,-,0,-,-,-459,-452,-403,-490,,絃,5,
2025/06/09,TX,202506/202509    ,-,-,-,-,-,-,0,-,-,-513,-512,-179,-560,,,3,
2025/06/09,TX,202506/202509    ,-,-,-,-,-,-,0,-,-,-523,-517,-179,-560,,絃,7,
2025/06/09,TX,202506/202512    ,-,-,-,-,-,-,0,-,-,-610,-604,-304,-662,,,2,
2025/06/09,TX,202506/202512    ,-,-,-,-,-,-,0,-,-,-619,-613,-304,-662,,絃,11,
2025/06/09,TX,202506/202603    ,-,-,-,-,-,-,0,-,-,-678,-667,-292,-726,,,2,
2025/06/09,TX,202506/202603    ,-,-,-,-,-,-,0,-,-,-684,-678,-292,-726,,絃,6,
2025/06/10,TX,202506/202507    ,-288,-288,-299,-291,-,-,572,-,-,-292,-289,-264,-315,,,859,
2025/06/10,TX,202506/202507    ,-288,-288,-288,-288,-,-,21,-,-,-290,-287,-264,-315,,絃,395,
2025/06/10,TX,202506/202508    ,-451,-451,-451,-451,-,-,1,-,-,-454,-450,-403,-490,,,8,
2025/06/10,TX,202506/202508    ,-,-,-,-,-,-,0,-,-,-448,-443,-403,-490,,絃,19,
2025/06/10,TX,202506/202509    ,-519,-519,-529,-528,-,-,38,-,-,-529,-528,-179,-560,,,11,
2025/06/10,TX,202506/202509    ,-,-,-,-,-,-,0,-,-,-516,-511,-179,-560,,絃,17,
2025/06/10,TX,202506/202512    ,-,-,-,-,-,-,0,-,-,-616,-612,-304,-662,,,7,
2025/06/10,TX,202506/202512    ,-,-,-,-,-,-,0,-,-,-609,-603,-304,-662,,絃,8,
2025/06/10,TX,202506/202603    ,-,-,-,-,-,-,0,-,-,-682,-677,-292,-726,,,1,
2025/06/10,TX,202507/202603    ,-,-,-,-,-,-,0,-,-,-,-,-,-,,,1,
2025/06/11,TX,202506/202507    ,-287,-272,-288,-277,-,-,1147,-,-,-277,-276,-264,-315,,,736,
2025/06/11,TX,202506/202507    ,-289,-285,-289,-285,-,-,94,-,-,-290,-287,-264,-315,,絃,322,
2025/06/11,TX,202506/202508    ,-,-,-,-,-,-,0,-,-,-443,-439,-403,-490,,,24,
2025/06/11,TX,202506/202508    ,-,-,-,-,-,-,0,-,-,-451,-446,-403,-490,,絃,7,
2025/06/11,TX,202506/202509    ,-527,-524,-530,-524,-,-,26,-,-,-527,-524,-179,-560,,,9,
2025/06/11,TX,202506/202509    ,-,-,-,-,-,-,0,-,-,-528,-523,-179,-560,,絃,2,
2025/06/11,TX,202506/202512    ,-,-,-,-,-,-,0,-,-,-617,-612,-304,-662,,絃,1,
2025/06/11,TX,202506/202603    ,-,-,-,-,-,-,0,-,-,-687,-680,-292,-726,,,6,
2025/06/11,TX,202506/202603    ,-,-,-,-,-,-,0,-,-,-691,-684,-292,-726,,絃,26,
2025/06/12,TX,202506/202507    ,-267,-266,-300,-299,-,-,1957,-,-,-300,-297,-264,-315,,,1297,
2025/06/12,TX,202506/202507    ,-274,-272,-275,-272,-,-,10,-,-,-268,-265,-264,-315,,絃,562,
2025/06/12,TX,202506/202508    ,-444,-444,-448,-448,-,-,6,-,-,-452,-444,-403,-490,,,15,
2025/06/12,TX,202506/202508    ,-,-,-,-,-,-,0,-,-,-435,-423,-403,-490,,絃,7,
2025/06/12,TX,202506/202509    ,-527,-527,-530,-530,-,-,10,-,-,-539,-527,-179,-560,,,10,
2025/06/12,TX,202506/202509    ,-,-,-,-,-,-,0,-,-,-524,-521,-179,-560,,絃,10,
2025/06/12,TX,202506/202512    ,-,-,-,-,-,-,0,-,-,-631,-612,-304,-662,,,6,
2025/06/12,TX,202506/202512    ,-,-,-,-,-,-,0,-,-,-607,-600,-304,-662,,絃,5,
2025/06/12,TX,202506/202603    ,-,-,-,-,-,-,0,-,-,-705,-680,-292,-726,,,4,
2025/06/12,TX,202506/202603    ,-,-,-,-,-,-,0,-,-,-682,-675,-292,-726,,絃,6,
2025/06/12,TX,202512/202603    ,-,-,-,-,-,-,0,-,-,-77,-45,56,-19,,絃,2,
2025/06/13,TX,202506/202507    ,-307,-306,-332,-326,-,-,7924,-,-,-326,-322,-264,-332,,,4306,
2025/06/13,TX,202506/202507    ,-298,-298,-325,-318,-,-,548,-,-,-319,-313,-264,-325,,絃,835,
2025/06/13,TX,202506/202508    ,-470,-470,-487,-486,-,-,43,-,-,-489,-484,-403,-490,,,29,
2025/06/13,TX,202506/202508    ,-488,-488,-489,-489,-,-,2,-,-,-486,-467,-403,-490,,絃,12,
2025/06/13,TX,202506/202509    ,-560,-556,-580,-572,-,-,29,-,-,-580,-572,-179,-580,,,23,
2025/06/13,TX,202506/202509    ,-537,-537,-545,-545,-,-,6,-,-,-570,-546,-179,-560,,絃,9,
2025/06/13,TX,202506/202512    ,-653,-653,-660,-660,-,-,3,-,-,-665,-659,-304,-662,,,1,
2025/06/13,TX,202506/202512    ,-,-,-,-,-,-,0,-,-,-668,-639,-304,-662,,絃,2,
2025/06/13,TX,202506/202603    ,-740,-740,-745,-745,-,-,12,-,-,-770,-745,-292,-745,,,3,
2025/06/13,TX,202512/202603    ,-,-,-,-,-,-,0,-,-,-87,-45,56,-19,,,2,
2025/06/16,TX,202506/202507    ,-342,-306,-351,-344,-,-,38330,-,-,-348,-341,-264,-351,,,7022,
2025/06/16,TX,202506/202507    ,-322,-322,-343,-340,-,-,96,-,-,-345,-340,-264,-343,,絃,678,
2025/06/16,TX,202506/202508    ,-501,-484,-501,-499,-,-,21,-,-,-514,-501,-403,-515,,,34,
2025/06/16,TX,202506/202508    ,-515,-515,-515,-515,-,-,1,-,-,-515,-502,-403,-515,,絃,113,
2025/06/16,TX,202506/202509    ,-574,-574,-574,-574,-,-,2,-,-,-616,-576,-179,-580,,,2,
2025/06/16,TX,202506/202509    ,-,-,-,-,-,-,0,-,-,-620,-574,-179,-580,,絃,9,
2025/06/16,TX,202506/202512    ,-674,-674,-674,-674,-,-,1,-,-,-725,-677,-304,-674,,,1,
2025/06/16,TX,202506/202512    ,-,-,-,-,-,-,0,-,-,-725,-673,-304,-662,,絃,2,
2025/06/16,TX,202507/202508    ,-164,-164,-164,-164,-,-,2,-,-,-188,-163,-129,-175,,,29,
2025/06/16,TX,202507/202508    ,-,-,-,-,-,-,0,-,-,-,-166,-129,-175,,絃,76,
2025/06/16,TX,202507/202509    ,-,-,-,-,-,-,0,-,-,-284,-246,-125,-217,,,1,
2025/06/16,TX,202507/202509    ,-,-,-,-,-,-,0,-,-,-,-243,-125,-217,,絃,2,
2025/06/16,TX,202508/202509    ,-,-,-,-,-,-,0,-,-,-,-83,-91,-95,,,1,
2025/06/16,TX,202508/202509    ,-95,-91,-95,-91,-,-,4,-,-,-,-,-91,-95,,絃,1,
2025/06/16,TX,202509/202512    ,-,-,-,-,-,-,0,-,-,-,-94,106,-67,,絃,1,
2025/06/17,TX,202506/202507    ,-350,-332,-413,-378,-,-,27402,-,-,-378,-373,-264,-413,,,11931,
2025/06/17,TX,202506/202507    ,-347,-339,-351,-340,-,-,197,-,-,-340,-335,-264,-351,,絃,1025,
2025/06/17,TX,202506/202508    ,-533,-533,-537,-537,-,-,2,-,-,-602,-538,-403,-537,,,10,
2025/06/17,TX,202506/202508    ,-,-,-,-,-,-,0,-,-,-533,-510,-403,-515,,絃,3,
2025/06/17,TX,202506/202509    ,-,-,-,-,-,-,0,-,-,-648,-582,-179,-580,,絃,3,
2025/06/17,TX,202506/202512    ,-,-,-,-,-,-,0,-,-,-755,-684,-304,-674,,絃,1,
2025/06/17,TX,202507/202508    ,-175,-175,-176,-176,-,-,2,-,-,-178,-172,-129,-176,,,35,
2025/06/17,TX,202507/202508    ,-,-,-,-,-,-,0,-,-,-192,-168,-129,-175,,絃,9,
2025/06/17,TX,202507/202509    ,-,-,-,-,-,-,0,-,-,-292,-264,-125,-217,,,4,
2025/06/17,TX,202507/202509    ,-,-,-,-,-,-,0,-,-,-310,-249,-125,-217,,絃,4,
2025/06/17,TX,202508/202509    ,-,-,-,-,-,-,0,-,-,-,-71,-91,-95,,絃,2,
2025/06/17,TX,202509/202512    ,-,-,-,-,-,-,0,-,-,-,-94,106,-67,,絃,1,
2025/06/18,TX,202506/202507    ,-388,-369,-435,-407,-,-,3502,-,-,-408,-397,-264,-435,,,5433,
2025/06/18,TX,202506/202507    ,-382,-363,-389,-382,-,-,169,-,-,-389,-380,-264,-413,,絃,883,
2025/06/18,TX,202506/202508    ,-,-,-,-,-,-,0,-,-,-,-,-403,-537,,,6,
2025/06/18,TX,202506/202508    ,-,-,-,-,-,-,0,-,-,-585,-535,-403,-537,,絃,5,
2025/06/18,TX,202506/202509    ,-,-,-,-,-,-,0,-,-,-,-586,-179,-580,,,11,
2025/06/18,TX,202507/202508    ,-179,-178,-179,-178,-,-,2,-,-,-180,-175,-129,-179,,,139,
2025/06/18,TX,202507/202508    ,-,-,-,-,-,-,0,-,-,-175,-170,-129,-176,,絃,23,
2025/06/18,TX,202507/202509    ,-284,-284,-284,-284,-,-,2,-,-,-287,-283,-125,-284,,,18,
2025/06/18,TX,202507/202509    ,-280,-268,-280,-268,-,-,2,-,-,-283,-264,-125,-280,,絃,10,
2025/06/18,TX,202507/202512    ,-,-,-,-,-,-,0,-,-,-406,-398,-,-,,,4,
2025/06/18,TX,202507/202512    ,-,-,-,-,-,-,0,-,-,-,-363,-,-,,絃,4,
2025/06/18,TX,202507/202603    ,-,-,-,-,-,-,0,-,-,-494,-481,-,-,,,1,
2025/06/18,TX,202508/202509    ,-90,-90,-90,-90,-,-,1,-,-,-,-63,-90,-95,,絃,1,
2025/06/18,TX,202508/202603    ,-,-,-,-,-,-,0,-,-,-343,-,-,-,,,1,
2025/06/18,TX,202508/202603    ,-,-,-,-,-,-,0,-,-,-357,-264,-,-,,絃,1,
2025/06/19,TX,202507/202508    ,-164,-154,-164,-154,-,-,45,-,-,-158,-154,-129,-179,,,240,
2025/06/19,TX,202507/202508    ,-175,-175,-178,-178,-,-,9,-,-,-178,-173,-129,-179,,絃,198,
2025/06/19,TX,202507/202509    ,-264,-261,-264,-261,-,-,3,-,-,-261,-258,-125,-284,,,28,
2025/06/19,TX,202507/202509    ,-,-,-,-,-,-,0,-,-,-281,-275,-125,-284,,絃,47,
2025/06/19,TX,202507/202512    ,-379,-375,-379,-375,-,-,8,-,-,-377,-371,-375,-379,,,24,
2025/06/19,TX,202507/202512    ,-,-,-,-,-,-,0,-,-,-398,-390,-,-,,絃,10,
2025/06/19,TX,202507/202603    ,-,-,-,-,-,-,0,-,-,-461,-452,-,-,,,6,
2025/06/19,TX,202507/202603    ,-,-,-,-,-,-,0,-,-,-488,-470,-,-,,絃,11,
2025/06/19,TX,202507/202606    ,-,-,-,-,-,-,0,-,-,-606,-571,-,-,,,5,
2025/06/19,TX,202508/202509    ,-,-,-,-,-,-,0,-,-,-103,-,-90,-95,,,1,
2025/06/19,TX,202508/202603    ,-,-,-,-,-,-,0,-,-,-312,-,-,-,,絃,1,
2025/06/19,TX,202508/202606    ,-,-,-,-,-,-,0,-,-,-450,-,-,-,,,1,
