forecastDate,targetDate,trainingSampleCount,trainingPositiveCount,trainingBaseRate,forecast,naiveForecast,realizedTarget
2025-03-05,2025-03-06,30,12,0.4,0.427237901397509,0.4,1
2025-03-06,2025-03-07,31,12,0.3870967741935484,0.3788106586200961,0.3870967741935484,1
2025-03-07,2025-03-10,32,13,0.40625,0.5461217969163854,0.40625,1
2025-03-10,2025-03-11,33,14,0.42424242424242425,0.5035704380263989,0.42424242424242425,1
2025-03-11,2025-03-12,34,15,0.4411764705882353,0.356426912587323,0.4411764705882353,0
2025-03-12,2025-03-13,35,16,0.45714285714285713,0.543989642802627,0.45714285714285713,1
2025-03-13,2025-03-14,36,16,0.4444444444444444,0.21819203834433343,0.4444444444444444,0
2025-03-14,2025-03-17,37,17,0.4594594594594595,0.5681814522405678,0.4594594594594595,0
2025-03-17,2025-03-18,38,17,0.4473684210526316,0.4019664261893143,0.4473684210526316,0
2025-03-26,2025-03-27,40,17,0.425,0.4804205092674995,0.425,0
2025-03-27,2025-03-28,40,17,0.425,0.6750720899515343,0.425,1
2025-03-28,2025-03-31,41,17,0.4146341463414634,0.4636747018665444,0.4146341463414634,1
2025-03-31,2025-04-01,42,18,0.42857142857142855,0.5929522299543344,0.42857142857142855,0
2025-04-01,2025-04-02,43,19,0.4418604651162791,0.49990520043638836,0.4418604651162791,0
2025-04-02,2025-04-07,44,19,0.4318181818181818,0.6995685795182939,0.4318181818181818,1
2025-04-07,2025-04-08,45,19,0.4222222222222222,0.9610335793578003,0.4222222222222222,1
2025-04-08,2025-04-09,46,20,0.43478260869565216,0.13792446884740886,0.43478260869565216,1
2025-04-09,2025-04-10,47,21,0.44680851063829785,0.00386433828249795,0.44680851063829785,0
2025-04-10,2025-04-11,48,22,0.4583333333333333,0.9626739152441287,0.4583333333333333,0
2025-04-11,2025-04-14,49,22,0.4489795918367347,0.032726695017327126,0.4489795918367347,1
2025-04-14,2025-04-15,50,22,0.44,0.06581580634734374,0.44,1
2025-04-23,2025-04-24,52,24,0.46153846153846156,0.45175064307773816,0.46153846153846156,0
2025-04-24,2025-04-25,52,24,0.46153846153846156,0.4395981416767494,0.46153846153846156,1
2025-04-25,2025-04-28,53,24,0.4528301886792453,0.42602281765475897,0.4528301886792453,1
2025-04-28,2025-04-29,54,25,0.46296296296296297,0.42727614636564787,0.46296296296296297,1
2025-04-29,2025-04-30,55,26,0.4727272727272727,0.4368299071192548,0.4727272727272727,0
2025-04-30,2025-05-02,56,27,0.48214285714285715,0.47895954639649746,0.48214285714285715,1
2025-05-02,2025-05-05,57,27,0.47368421052631576,0.44331295348473493,0.47368421052631576,0
2025-05-05,2025-05-06,58,28,0.4827586206896552,0.43112799703527244,0.4827586206896552,0
2025-05-06,2025-05-07,59,28,0.4745762711864407,0.4612815972230578,0.4745762711864407,1
2025-05-07,2025-05-08,60,28,0.4666666666666667,0.4477115049913086,0.4666666666666667,1
2025-05-08,2025-05-09,61,29,0.47540983606557374,0.4697725557933406,0.47540983606557374,1
2025-05-09,2025-05-12,62,30,0.4838709677419355,0.49386244631244,0.4838709677419355,1
2025-05-12,2025-05-13,63,31,0.49206349206349204,0.5056208923529493,0.49206349206349204,1
2025-05-13,2025-05-14,64,32,0.5,0.4793372034557801,0.5,1
2025-05-14,2025-05-15,65,33,0.5076923076923077,0.5040692823391554,0.5076923076923077,0
2025-05-15,2025-05-16,66,34,0.5151515151515151,0.5299192570501221,0.5151515151515151,1
2025-05-16,2025-05-19,67,34,0.5074626865671642,0.4716117886119724,0.5074626865671642,0
2025-05-19,2025-05-20,68,35,0.5147058823529411,0.3208139127705896,0.5147058823529411,1
2025-05-28,2025-05-29,70,36,0.5142857142857142,0.5163745454578091,0.5142857142857142,0
2025-05-29,2025-06-02,70,36,0.5142857142857142,0.5166752355640687,0.5142857142857142,1
2025-06-02,2025-06-03,71,36,0.5070422535211268,0.5316467969111983,0.5070422535211268,0
2025-06-03,2025-06-04,72,37,0.5138888888888888,0.5209954354494171,0.5138888888888888,0
2025-06-04,2025-06-05,73,37,0.5068493150684932,0.5166038963288363,0.5068493150684932,1
2025-06-05,2025-06-06,74,37,0.5,0.5200265015844501,0.5,1
2025-06-06,2025-06-09,75,38,0.5066666666666667,0.5350893087107926,0.5066666666666667,1
2025-06-09,2025-06-10,76,39,0.5131578947368421,0.5347669325276627,0.5131578947368421,1
2025-06-10,2025-06-11,77,40,0.5194805194805194,0.5112990247619426,0.5194805194805194,1
2025-06-11,2025-06-12,78,41,0.5256410256410257,0.5505147773480782,0.5256410256410257,0
2025-06-12,2025-06-13,79,42,0.5316455696202531,0.5690318434345648,0.5316455696202531,0
2025-06-13,2025-06-16,80,42,0.525,0.5177002196651792,0.525,1
2025-06-16,2025-06-17,81,42,0.5185185185185185,0.38894617675553816,0.5185185185185185,1
2025-06-25,2025-06-26,83,44,0.5301204819277109,0.5555094622187848,0.5301204819277109,0
2025-06-26,2025-06-27,83,44,0.5301204819277109,0.5534577267862205,0.5301204819277109,1
2025-06-27,2025-06-30,84,44,0.5238095238095238,0.535778066030947,0.5238095238095238,1
2025-06-30,2025-07-01,85,45,0.5294117647058824,0.5526543266069041,0.5294117647058824,1
2025-07-01,2025-07-02,86,46,0.5348837209302325,0.5315991860096837,0.5348837209302325,1
2025-07-02,2025-07-03,87,47,0.5402298850574713,0.5590599917204351,0.5402298850574713,1
2025-07-03,2025-07-04,88,48,0.5454545454545454,0.5743021382549429,0.5454545454545454,0
2025-07-04,2025-07-07,89,49,0.550561797752809,0.5557207792596763,0.550561797752809,0
2025-07-07,2025-07-08,90,49,0.5444444444444444,0.5560231459574332,0.5444444444444444,0
2025-07-08,2025-07-09,91,49,0.5384615384615384,0.5442307922547456,0.5384615384615384,0
2025-07-09,2025-07-10,92,49,0.532608695652174,0.5324858282691007,0.532608695652174,1
2025-07-10,2025-07-11,93,49,0.5268817204301075,0.5332867824610799,0.5268817204301075,0
2025-07-11,2025-07-14,94,50,0.5319148936170213,0.5350581867217878,0.5319148936170213,0
2025-07-14,2025-07-15,95,50,0.5263157894736842,0.5010783268009456,0.5263157894736842,1
2025-07-23,2025-07-24,97,51,0.5257731958762887,0.5321416196980945,0.5257731958762887,1
2025-07-24,2025-07-25,97,51,0.5257731958762887,0.5402951137492011,0.5257731958762887,0
2025-07-25,2025-07-28,98,52,0.5306122448979592,0.5498986084328814,0.5306122448979592,0
2025-07-28,2025-07-29,99,52,0.5252525252525253,0.5346626011015032,0.5252525252525253,0
2025-07-29,2025-07-30,100,52,0.52,0.5200398639807365,0.52,1
2025-07-30,2025-07-31,101,52,0.5148514851485149,0.5209502152678611,0.5148514851485149,1
2025-07-31,2025-08-01,102,53,0.5196078431372549,0.5245625525929564,0.5196078431372549,0
2025-08-01,2025-08-04,103,54,0.5242718446601942,0.5204252837009165,0.5242718446601942,0
2025-08-04,2025-08-05,104,54,0.5192307692307693,0.5171970669375512,0.5192307692307693,0
2025-08-05,2025-08-06,105,54,0.5142857142857142,0.5274162022618021,0.5142857142857142,0
2025-08-06,2025-08-07,106,54,0.5094339622641509,0.524818195609803,0.5094339622641509,1
2025-08-07,2025-08-08,107,54,0.5046728971962616,0.4987596540893006,0.5046728971962616,0
2025-08-08,2025-08-11,108,55,0.5092592592592593,0.5278489234160113,0.5092592592592593,1
2025-08-11,2025-08-12,109,55,0.5045871559633027,0.49944322190411855,0.5045871559633027,0
2025-08-12,2025-08-13,110,56,0.509090909090909,0.5282024670167825,0.509090909090909,1
2025-08-13,2025-08-14,111,56,0.5045045045045045,0.5078183338063388,0.5045045045045045,0
2025-08-14,2025-08-15,112,57,0.5089285714285714,0.5292153584910182,0.5089285714285714,1
2025-08-15,2025-08-18,113,57,0.504424778761062,0.528402888823607,0.504424778761062,1
2025-08-18,2025-08-19,114,58,0.5087719298245614,0.5493125894975639,0.5087719298245614,0
2025-08-27,2025-08-28,116,59,0.5086206896551724,0.5278707063982625,0.5086206896551724,0
2025-08-28,2025-08-29,116,59,0.5086206896551724,0.520969092657627,0.5086206896551724,1
2025-08-29,2025-09-01,117,59,0.5042735042735043,0.5146663557622518,0.5042735042735043,0
2025-09-01,2025-09-02,118,60,0.5084745762711864,0.4903379239802919,0.5084745762711864,1
2025-09-02,2025-09-03,119,60,0.5042016806722689,0.491698916573993,0.5042016806722689,0
2025-09-03,2025-09-04,120,61,0.5083333333333333,0.5274054180315796,0.5083333333333333,0
2025-09-04,2025-09-05,121,61,0.5041322314049587,0.5114263355976255,0.5041322314049587,0
2025-09-05,2025-09-08,122,61,0.5,0.5196986027491178,0.5,1
2025-09-08,2025-09-09,123,61,0.4959349593495935,0.5127293464177746,0.4959349593495935,1
2025-09-09,2025-09-10,124,62,0.5,0.5130888556551882,0.5,1
2025-09-10,2025-09-11,125,63,0.504,0.5032213103224458,0.504,1
2025-09-11,2025-09-12,126,64,0.5079365079365079,0.5119025522581462,0.5079365079365079,1
2025-09-12,2025-09-15,127,65,0.5118110236220472,0.5485821338635443,0.5118110236220472,0
2025-09-15,2025-09-16,128,66,0.515625,0.5413444664647682,0.515625,1
2025-09-24,2025-09-25,130,67,0.5153846153846153,0.5219830028261466,0.5153846153846153,0
2025-09-25,2025-09-26,130,67,0.5153846153846153,0.5328702023763727,0.5153846153846153,0
2025-09-26,2025-09-30,131,67,0.5114503816793893,0.48139013648057494,0.5114503816793893,0
2025-09-30,2025-10-01,132,67,0.5075757575757576,0.5121283032236147,0.5075757575757576,1
2025-10-01,2025-10-02,133,67,0.5037593984962406,0.48895102324827,0.5037593984962406,0
2025-10-02,2025-10-03,134,68,0.5074626865671642,0.5280405839754514,0.5074626865671642,1
2025-10-03,2025-10-07,135,68,0.5037037037037037,0.49220924743059097,0.5037037037037037,1
2025-10-07,2025-10-08,136,69,0.5073529411764706,0.5057611119934698,0.5073529411764706,0
2025-10-08,2025-10-09,137,70,0.5109489051094891,0.5360989452091184,0.5109489051094891,1
2025-10-09,2025-10-13,138,70,0.5072463768115942,0.5321650229326389,0.5072463768115942,0
2025-10-13,2025-10-14,139,71,0.5107913669064749,0.49945371663693,0.5107913669064749,0
2025-10-22,2025-10-23,141,71,0.5035460992907801,0.5136989340622973,0.5035460992907801,0
2025-10-23,2025-10-27,141,71,0.5035460992907801,0.5077449654261295,0.5035460992907801,0
2025-10-27,2025-10-28,142,71,0.5,0.5201012823881045,0.5,0
2025-10-28,2025-10-29,143,71,0.4965034965034965,0.5087878432815236,0.4965034965034965,1
2025-10-29,2025-10-30,144,71,0.4930555555555556,0.506750930375409,0.4930555555555556,0
2025-10-30,2025-10-31,145,72,0.496551724137931,0.4870710461320355,0.496551724137931,1
2025-10-31,2025-11-03,146,72,0.4931506849315068,0.5097765139200486,0.4931506849315068,0
2025-11-03,2025-11-04,147,73,0.4965986394557823,0.49307956713234247,0.4965986394557823,0
2025-11-04,2025-11-05,148,73,0.49324324324324326,0.4676074329491118,0.49324324324324326,0
2025-11-05,2025-11-06,149,73,0.4899328859060403,0.47434072795344273,0.4899328859060403,0
2025-11-06,2025-11-07,150,73,0.4866666666666667,0.5060751669451921,0.4866666666666667,1
2025-11-07,2025-11-10,151,73,0.48344370860927155,0.5023019918899472,0.48344370860927155,0
2025-11-10,2025-11-11,152,74,0.4868421052631579,0.4907886617241567,0.4868421052631579,1
2025-11-11,2025-11-12,153,74,0.48366013071895425,0.4671533682547125,0.48366013071895425,0
2025-11-12,2025-11-13,154,75,0.487012987012987,0.5047732500204215,0.487012987012987,0
2025-11-13,2025-11-14,155,75,0.4838709677419355,0.5015336495004212,0.4838709677419355,1
2025-11-14,2025-11-17,156,75,0.4807692307692308,0.49665188560281726,0.4807692307692308,0
2025-11-17,2025-11-18,157,76,0.4840764331210191,0.5343197306206694,0.4840764331210191,1
2025-11-26,2025-11-27,159,77,0.48427672955974843,0.47831433231680054,0.48427672955974843,1
2025-11-27,2025-11-28,159,77,0.48427672955974843,0.5104193541092322,0.48427672955974843,1
2025-11-28,2025-12-01,160,78,0.4875,0.4813723242159614,0.4875,0
2025-12-01,2025-12-02,161,79,0.4906832298136646,0.49660424599285763,0.4906832298136646,1
2025-12-02,2025-12-03,162,79,0.4876543209876543,0.4914319389802808,0.4876543209876543,1
2025-12-03,2025-12-04,163,80,0.49079754601226994,0.5094372622496072,0.49079754601226994,1
2025-12-04,2025-12-05,164,81,0.49390243902439024,0.5124826568978329,0.49390243902439024,1
2025-12-05,2025-12-08,165,82,0.49696969696969695,0.5028568275972379,0.49696969696969695,1
2025-12-08,2025-12-09,166,83,0.5,0.49960507909189233,0.5,0
2025-12-09,2025-12-10,167,84,0.5029940119760479,0.5377725550579137,0.5029940119760479,1
2025-12-10,2025-12-11,168,84,0.5,0.5246299863055238,0.5,0
2025-12-11,2025-12-12,169,85,0.5029585798816568,0.4438452891948836,0.5029585798816568,1
2025-12-12,2025-12-15,170,85,0.5,0.5348752415549461,0.5,0
2025-12-15,2025-12-16,171,86,0.5029239766081871,0.5656699496527139,0.5029239766081871,1
2025-12-24,2025-12-26,173,87,0.5028901734104047,0.5199631072417877,0.5028901734104047,1
2025-12-26,2025-12-29,173,87,0.5028901734104047,0.5161856755611481,0.5028901734104047,1
2025-12-29,2025-12-30,174,88,0.5057471264367817,0.5003377414402381,0.5057471264367817,0
2025-12-30,2025-12-31,175,89,0.5085714285714286,0.5268093627423694,0.5085714285714286,1
2025-12-31,2026-01-02,176,89,0.5056818181818182,0.5150120146498333,0.5056818181818182,1
2026-01-02,2026-01-05,177,90,0.5084745762711864,0.4599998748552949,0.5084745762711864,1
2026-01-05,2026-01-06,178,91,0.5112359550561798,0.43037935172776765,0.5112359550561798,1
2026-01-06,2026-01-07,179,92,0.5139664804469274,0.4784957104688809,0.5139664804469274,0
2026-01-07,2026-01-08,180,93,0.5166666666666667,0.5437561798975212,0.5166666666666667,0
2026-01-08,2026-01-09,181,93,0.5138121546961326,0.520131428824708,0.5138121546961326,0
2026-01-09,2026-01-12,182,93,0.510989010989011,0.46137940030415037,0.510989010989011,1
2026-01-12,2026-01-13,183,93,0.5081967213114754,0.5314698339148494,0.5081967213114754,1
2026-01-13,2026-01-14,184,94,0.5108695652173914,0.45769897136941834,0.5108695652173914,1
2026-01-14,2026-01-15,185,95,0.5135135135135135,0.5250586852898634,0.5135135135135135,1
2026-01-15,2026-01-16,186,96,0.5161290322580645,0.5175584977222188,0.5161290322580645,1
2026-01-16,2026-01-19,187,97,0.5187165775401069,0.5191498186966303,0.5187165775401069,1
2026-01-19,2026-01-20,188,98,0.5212765957446809,0.5210091991798155,0.5212765957446809,1
2026-01-28,2026-01-29,190,100,0.5263157894736842,0.537147612981751,0.5263157894736842,0
2026-01-29,2026-01-30,190,100,0.5263157894736842,0.5102727976566488,0.5263157894736842,0
2026-01-30,2026-02-02,191,100,0.5235602094240838,0.510437001931226,0.5235602094240838,0
2026-02-02,2026-02-03,192,100,0.5208333333333334,0.47722189482198957,0.5208333333333334,0
2026-02-03,2026-02-04,193,100,0.5181347150259067,0.5029024826592193,0.5181347150259067,0
2026-02-04,2026-02-05,194,100,0.5154639175257731,0.4980629400915772,0.5154639175257731,1
2026-02-05,2026-02-06,195,100,0.5128205128205128,0.5037348852418714,0.5128205128205128,1
2026-02-06,2026-02-09,196,101,0.5153061224489796,0.47667432921149916,0.5153061224489796,0
2026-02-09,2026-02-10,197,102,0.5177664974619289,0.5289936187684171,0.5177664974619289,1
2026-02-10,2026-02-11,198,102,0.5151515151515151,0.564266380286324,0.5151515151515151,1
2026-03-03,2026-03-04,200,104,0.52,0.4129915993043969,0.52,0
2026-03-04,2026-03-05,200,104,0.52,0.41233975937286604,0.52,0
2026-03-05,2026-03-06,201,104,0.5174129353233831,0.42799735438733083,0.5174129353233831,0
2026-03-06,2026-03-09,202,104,0.5148514851485149,0.462528165769173,0.5148514851485149,1
2026-03-09,2026-03-10,203,104,0.5123152709359606,0.3646593732821667,0.5123152709359606,0
2026-03-10,2026-03-11,204,105,0.5147058823529411,0.384378572101493,0.5147058823529411,0
2026-03-11,2026-03-12,205,105,0.5121951219512195,0.3707449896660248,0.5121951219512195,0
2026-03-12,2026-03-13,206,105,0.5097087378640777,0.45783855535408235,0.5097087378640777,1
2026-03-13,2026-03-16,207,105,0.5072463768115942,0.3865893174556882,0.5072463768115942,1
2026-03-16,2026-03-17,208,106,0.5096153846153846,0.5483193738691623,0.5096153846153846,1
2026-03-25,2026-03-26,210,108,0.5142857142857142,0.48494690649533867,0.5142857142857142,1
2026-03-26,2026-03-27,210,108,0.5142857142857142,0.4379401102196678,0.5142857142857142,1
2026-03-27,2026-03-30,211,109,0.5165876777251185,0.463879380248903,0.5165876777251185,1
2026-03-30,2026-03-31,212,110,0.5188679245283019,0.4444705819602277,0.5188679245283019,1
2026-03-31,2026-04-01,213,111,0.5211267605633803,0.4487440357902435,0.5211267605633803,0
2026-04-01,2026-04-02,214,112,0.5233644859813084,0.47841117619140605,0.5233644859813084,1
2026-04-02,2026-04-07,215,112,0.5209302325581395,0.35820262488180277,0.5209302325581395,0
2026-04-07,2026-04-08,216,113,0.5231481481481481,0.5088066507808093,0.5231481481481481,1
2026-04-08,2026-04-09,217,113,0.5207373271889401,0.4707238344325094,0.5207373271889401,0
2026-04-09,2026-04-10,218,114,0.5229357798165137,0.543934410983394,0.5229357798165137,1
2026-04-10,2026-04-13,219,114,0.5205479452054794,0.5284674588449494,0.5205479452054794,0
2026-04-13,2026-04-14,220,115,0.5227272727272727,0.6656991422896973,0.5227272727272727,1
2026-04-22,2026-04-23,222,116,0.5225225225225225,0.5210970031240991,0.5225225225225225,0
2026-04-23,2026-04-24,222,116,0.5225225225225225,0.29090574371509337,0.5225225225225225,1
2026-04-24,2026-04-27,223,116,0.5201793721973094,0.4029433469661639,0.5201793721973094,1
2026-04-27,2026-04-28,224,117,0.5223214285714286,0.5028055609517378,0.5223214285714286,0
2026-04-28,2026-04-29,225,118,0.5244444444444445,0.5030492239680361,0.5244444444444445,0
2026-04-29,2026-04-30,226,118,0.5221238938053098,0.49248999046589204,0.5221238938053098,0
2026-04-30,2026-05-04,227,118,0.5198237885462555,0.48636069302528945,0.5198237885462555,1
2026-05-04,2026-05-05,228,118,0.5175438596491229,0.43702382586207483,0.5175438596491229,1
2026-05-05,2026-05-06,229,119,0.519650655021834,0.5340998632582423,0.519650655021834,1
2026-05-06,2026-05-07,230,120,0.5217391304347826,0.4627939195862651,0.5217391304347826,1
2026-05-07,2026-05-08,231,121,0.5238095238095238,0.5296999196156321,0.5238095238095238,0
2026-05-08,2026-05-11,232,122,0.5258620689655172,0.49485976451852537,0.5258620689655172,1
2026-05-11,2026-05-12,233,122,0.5236051502145923,0.5244904556935182,0.5236051502145923,0
2026-05-12,2026-05-13,234,123,0.5256410256410257,0.5026350472727317,0.5256410256410257,0
2026-05-13,2026-05-14,235,123,0.5234042553191489,0.5036851051984315,0.5234042553191489,0
2026-05-14,2026-05-15,236,123,0.5211864406779662,0.4925784096362606,0.5211864406779662,1
2026-05-15,2026-05-18,237,123,0.5189873417721519,0.4298317095930898,0.5189873417721519,1
2026-05-18,2026-05-19,238,124,0.5210084033613446,0.6219541262075208,0.5210084033613446,1
2026-05-27,2026-05-28,240,126,0.525,0.506616469938688,0.525,0
2026-05-28,2026-05-29,240,126,0.525,0.4051361012754527,0.525,1
2026-05-29,2026-06-01,241,126,0.5228215767634855,0.49597233230767207,0.5228215767634855,1
2026-06-01,2026-06-02,242,127,0.5247933884297521,0.48258633573650983,0.5247933884297521,1
2026-06-02,2026-06-03,243,128,0.5267489711934157,0.5076855547403328,0.5267489711934157,1
2026-06-03,2026-06-04,244,129,0.5286885245901639,0.537141233665863,0.5286885245901639,0
2026-06-04,2026-06-05,245,130,0.5306122448979592,0.5403988510188897,0.5306122448979592,0
2026-06-05,2026-06-08,246,130,0.5284552845528455,0.503260640865023,0.5284552845528455,1
2026-06-08,2026-06-09,247,130,0.5263157894736842,0.47401541668934566,0.5263157894736842,0
2026-06-09,2026-06-10,248,131,0.5282258064516129,0.5047797252483166,0.5282258064516129,1
2026-06-10,2026-06-11,249,131,0.5261044176706827,0.46343746918154655,0.5261044176706827,1
2026-06-11,2026-06-12,250,132,0.528,0.48135393962162437,0.528,0
2026-06-12,2026-06-15,251,133,0.5298804780876494,0.5346692475760951,0.5298804780876494,0
2026-06-15,2026-06-16,252,133,0.5277777777777778,0.6831820616563153,0.5277777777777778,1
2026-06-25,2026-06-26,254,134,0.5275590551181102,0.5182727688516878,0.5275590551181102,0
2026-06-26,2026-06-29,254,134,0.5275590551181102,0.45049436677965005,0.5275590551181102,0
2026-06-29,2026-06-30,255,134,0.5254901960784314,0.45650298072931295,0.5254901960784314,0
2026-06-30,2026-07-01,256,134,0.5234375,0.46791241606559175,0.5234375,0
2026-07-01,2026-07-02,257,134,0.5214007782101168,0.5009200620067259,0.5214007782101168,0
2026-07-02,2026-07-03,258,134,0.5193798449612403,0.47250104605580207,0.5193798449612403,1
2026-07-03,2026-07-06,259,134,0.5173745173745173,0.4919238092736454,0.5173745173745173,0
2026-07-06,2026-07-07,260,135,0.5192307692307693,0.5120115328733742,0.5192307692307693,0
2026-07-07,2026-07-08,261,135,0.5172413793103449,0.4330074668910126,0.5172413793103449,1
2026-07-08,2026-07-09,262,135,0.5152671755725191,0.49351699573303354,0.5152671755725191,0
2026-07-09,2026-07-13,263,136,0.5171102661596958,0.5034854348236656,0.5171102661596958,1
2026-07-13,2026-07-14,264,136,0.5151515151515151,0.645242229756497,0.5151515151515151,1
2026-07-22,2026-07-23,266,138,0.518796992481203,0.4921650006543461,0.518796992481203,0
2026-07-23,2026-07-24,266,138,0.518796992481203,0.4819496497576012,0.518796992481203,1
2026-07-24,2026-07-27,267,138,0.5168539325842697,0.500545570664342,0.5168539325842697,1
2026-07-27,2026-07-28,268,139,0.5186567164179104,0.4903062466592959,0.5186567164179104,0
2026-07-28,2026-07-29,269,140,0.5204460966542751,0.4390462500551557,0.5204460966542751,1
2026-07-29,2026-07-30,270,140,0.5185185185185185,0.3345024898779956,0.5185185185185185,1
2026-07-30,2026-07-31,271,141,0.5202952029520295,0.41465444268459384,0.5202952029520295,0
2026-07-31,2026-08-03,272,142,0.5220588235294118,0.4768426225936758,0.5220588235294118,1
2026-08-03,2026-08-04,273,142,0.5201465201465202,0.49743805618926556,0.5201465201465202,0
2026-08-04,2026-08-05,274,143,0.5218978102189781,0.5314977226585671,0.5218978102189781,1
2026-08-05,2026-08-06,275,143,0.52,0.5516427033979009,0.52,0
2026-08-06,2026-08-07,276,144,0.5217391304347826,0.5555820511656567,0.5217391304347826,1
2026-08-07,2026-08-10,277,144,0.51985559566787,0.5252102242302514,0.51985559566787,1
2026-08-10,2026-08-11,278,145,0.5215827338129496,0.5269619496089194,0.5215827338129496,1
2026-08-11,2026-08-12,279,146,0.5232974910394266,0.5387919866871692,0.5232974910394266,1
2026-08-12,2026-08-13,280,147,0.525,0.5357934417851036,0.525,1
2026-08-13,2026-08-14,281,148,0.5266903914590747,0.5435604455340612,0.5266903914590747,0
2026-08-14,2026-08-17,282,149,0.5283687943262412,0.5716243002986201,0.5283687943262412,1
2026-08-17,2026-08-18,283,149,0.5265017667844523,0.6969163628279611,0.5265017667844523,0
2026-08-26,2026-08-27,285,150,0.5263157894736842,0.5182013208464816,0.5263157894736842,1
2026-08-27,2026-08-28,285,150,0.5263157894736842,0.5275892780640179,0.5263157894736842,1
2026-08-28,2026-08-31,286,151,0.527972027972028,0.5199080331941446,0.527972027972028,0
2026-08-31,2026-09-01,287,152,0.5296167247386759,0.5335100512223506,0.5296167247386759,1
2026-09-01,2026-09-02,288,152,0.5277777777777778,0.5499921303267727,0.5277777777777778,0
2026-09-02,2026-09-03,289,153,0.5294117647058824,0.5076568419343934,0.5294117647058824,0
2026-09-03,2026-09-04,290,153,0.5275862068965518,0.5133215344363392,0.5275862068965518,0
2026-09-04,2026-09-07,291,153,0.5257731958762887,0.5090378609624424,0.5257731958762887,1
2026-09-07,2026-09-08,292,153,0.523972602739726,0.525458851533296,0.523972602739726,0
2026-09-08,2026-09-09,293,154,0.5255972696245734,0.5090764450082961,0.5255972696245734,0
2026-09-09,2026-09-10,294,154,0.5238095238095238,0.5316366984446813,0.5238095238095238,0
2026-09-10,2026-09-11,295,154,0.5220338983050847,0.52931551476601,0.5220338983050847,0
2026-09-11,2026-09-14,296,154,0.5202702702702703,0.5214818351439549,0.5202702702702703,1
2026-09-14,2026-09-15,297,154,0.5185185185185185,0.6633864953632487,0.5185185185185185,1
2026-09-23,2026-09-24,299,156,0.5217391304347826,0.5236814249380674,0.5217391304347826,0
2026-09-24,2026-09-29,299,156,0.5217391304347826,0.5278619173893516,0.5217391304347826,0
2026-09-29,2026-09-30,300,156,0.52,0.4983384387490478,0.52,1
2026-09-30,2026-10-01,301,156,0.5182724252491694,0.48129160105759317,0.5182724252491694,1
