forecastDate,fitCutoff,coefficient,weight
2025-03-05,2025-03-04,intercept,-0.42659293803628096
2025-03-05,2025-03-04,momentum_5,-0.25370477339394576
2025-03-05,2025-03-04,range_pct_1,-0.30568802510935655
2025-03-05,2025-03-04,open_interest_change_1,0.24480147469857522
2025-03-06,2025-03-05,intercept,-0.4919502374630781
2025-03-06,2025-03-05,momentum_5,-0.22111635090940662
2025-03-06,2025-03-05,range_pct_1,-0.4543357719349515
2025-03-06,2025-03-05,open_interest_change_1,0.20729230895021059
2025-03-07,2025-03-06,intercept,-0.4053021442437444
2025-03-07,2025-03-06,momentum_5,-0.27082710496830753
2025-03-07,2025-03-06,range_pct_1,-0.40729155495642944
2025-03-07,2025-03-06,open_interest_change_1,0.24719420676311427
2025-03-10,2025-03-07,intercept,-0.3256734175841597
2025-03-10,2025-03-07,momentum_5,-0.35038368466747283
2025-03-10,2025-03-07,range_pct_1,-0.3717714738382936
2025-03-10,2025-03-07,open_interest_change_1,0.2687308853906008
2025-03-11,2025-03-10,intercept,-0.25706838765380136
2025-03-11,2025-03-10,momentum_5,-0.4420011587304798
2025-03-11,2025-03-10,range_pct_1,-0.42772244318611863
2025-03-11,2025-03-10,open_interest_change_1,0.2748775595896292
2025-03-12,2025-03-11,intercept,-0.19073077485178594
2025-03-12,2025-03-11,momentum_5,-0.4674894188862155
2025-03-12,2025-03-11,range_pct_1,-0.43340019439954003
2025-03-12,2025-03-11,open_interest_change_1,0.30247355377913165
2025-03-13,2025-03-12,intercept,-0.24834932425493497
2025-03-13,2025-03-12,momentum_5,-0.4671125320307796
2025-03-13,2025-03-12,range_pct_1,-0.5548290481070147
2025-03-13,2025-03-12,open_interest_change_1,0.2627860241264278
2025-03-14,2025-03-13,intercept,-0.18283683557098598
2025-03-14,2025-03-13,momentum_5,-0.5278555806375773
2025-03-14,2025-03-13,range_pct_1,-0.53434715032105
2025-03-14,2025-03-13,open_interest_change_1,0.2862883755466064
2025-03-17,2025-03-14,intercept,-0.24105690438047359
2025-03-17,2025-03-14,momentum_5,-0.5377741936208257
2025-03-17,2025-03-14,range_pct_1,-0.6998812200930618
2025-03-17,2025-03-14,open_interest_change_1,0.25608406006796064
2025-03-26,2025-03-18,intercept,-0.34758131859080243
2025-03-26,2025-03-18,momentum_5,-0.42922677914815444
2025-03-26,2025-03-18,range_pct_1,-0.6106534209370789
2025-03-26,2025-03-18,open_interest_change_1,0.39872787739121207
2025-03-27,2025-03-18,intercept,-0.34758131859080243
2025-03-27,2025-03-18,momentum_5,-0.42922677914815444
2025-03-27,2025-03-18,range_pct_1,-0.6106534209370789
2025-03-27,2025-03-18,open_interest_change_1,0.39872787739121207
2025-03-28,2025-03-27,intercept,-0.38834403621816804
2025-03-28,2025-03-27,momentum_5,-0.4617639957412439
2025-03-28,2025-03-27,range_pct_1,-0.5872666307593911
2025-03-28,2025-03-27,open_interest_change_1,0.37300925813625263
2025-03-31,2025-03-28,intercept,-0.3340590320536153
2025-03-31,2025-03-28,momentum_5,-0.5042873795279847
2025-03-31,2025-03-28,range_pct_1,-0.6393943450497956
2025-03-31,2025-03-28,open_interest_change_1,0.40052072744564093
2025-04-01,2025-03-31,intercept,-0.2742566712802524
2025-04-01,2025-03-31,momentum_5,-0.542365828675776
2025-04-01,2025-03-31,range_pct_1,-0.6062303788396436
2025-04-01,2025-03-31,open_interest_change_1,0.4296045971416294
2025-04-02,2025-04-01,intercept,-0.32123151624419916
2025-04-02,2025-04-01,momentum_5,-0.4113580365553394
2025-04-02,2025-04-01,range_pct_1,-0.6027932798151625
2025-04-02,2025-04-01,open_interest_change_1,0.41184937451155096
2025-04-07,2025-04-02,intercept,-0.36805695291440466
2025-04-07,2025-04-02,momentum_5,-0.36850356021440955
2025-04-07,2025-04-02,range_pct_1,-0.6499465857080301
2025-04-07,2025-04-02,open_interest_change_1,0.40341613506916596
2025-04-08,2025-04-07,intercept,-0.3167454065845316
2025-04-08,2025-04-07,momentum_5,-0.45021093477614615
2025-04-08,2025-04-07,range_pct_1,-0.7148225739325675
2025-04-08,2025-04-07,open_interest_change_1,0.3970534953420082
2025-04-09,2025-04-08,intercept,-0.22736573370397964
2025-04-09,2025-04-08,momentum_5,-0.5515590468169841
2025-04-09,2025-04-08,range_pct_1,-0.7537297292650146
2025-04-09,2025-04-08,open_interest_change_1,0.39316211930719
2025-04-10,2025-04-09,intercept,-0.1650336120347238
2025-04-10,2025-04-09,momentum_5,-0.8205597478762044
2025-04-10,2025-04-09,range_pct_1,-0.6486941154401178
2025-04-10,2025-04-09,open_interest_change_1,0.4351759165833222
2025-04-11,2025-04-10,intercept,-0.21810086498945605
2025-04-11,2025-04-10,momentum_5,-0.8799636032344584
2025-04-11,2025-04-10,range_pct_1,-1.0032673553864024
2025-04-11,2025-04-10,open_interest_change_1,0.4294653573013267
2025-04-14,2025-04-11,intercept,-0.2697728069880602
2025-04-14,2025-04-11,momentum_5,-0.3755956739683148
2025-04-14,2025-04-11,range_pct_1,-0.5080637975057
2025-04-14,2025-04-11,open_interest_change_1,0.43756296100582426
2025-04-23,2025-04-15,intercept,-0.15843855026207038
2025-04-23,2025-04-15,momentum_5,-0.1542709046511148
2025-04-23,2025-04-15,range_pct_1,-0.08007834867829645
2025-04-23,2025-04-15,open_interest_change_1,0.2073404033221711
2025-04-24,2025-04-15,intercept,-0.15843855026207038
2025-04-24,2025-04-15,momentum_5,-0.1542709046511148
2025-04-24,2025-04-15,range_pct_1,-0.08007834867829645
2025-04-24,2025-04-15,open_interest_change_1,0.2073404033221711
2025-04-25,2025-04-24,intercept,-0.19323903874541726
2025-04-25,2025-04-24,momentum_5,-0.20907637205886762
2025-04-25,2025-04-24,range_pct_1,-0.13334500666337254
2025-04-25,2025-04-24,open_interest_change_1,0.17693655629291943
2025-04-28,2025-04-25,intercept,-0.1516277158069256
2025-04-28,2025-04-25,momentum_5,-0.17294590311609465
2025-04-28,2025-04-25,range_pct_1,-0.11361611329769351
2025-04-28,2025-04-25,open_interest_change_1,0.17864762901391526
2025-04-29,2025-04-28,intercept,-0.11228750937906527
2025-04-29,2025-04-28,momentum_5,-0.12425949231384309
2025-04-29,2025-04-28,range_pct_1,-0.10506809388709973
2025-04-29,2025-04-28,open_interest_change_1,0.19505020079349455
2025-04-30,2025-04-29,intercept,-0.07433071257422223
2025-04-30,2025-04-29,momentum_5,-0.06468814913604448
2025-04-30,2025-04-29,range_pct_1,-0.09591969001233676
2025-04-30,2025-04-29,open_interest_change_1,0.20677478082593223
2025-05-02,2025-04-30,intercept,-0.1080247013272825
2025-05-02,2025-04-30,momentum_5,-0.1564338904755999
2025-05-02,2025-04-30,range_pct_1,-0.1400736021320492
2025-05-02,2025-04-30,open_interest_change_1,0.17998499722122643
2025-05-05,2025-05-02,intercept,-0.07132563139125546
2025-05-05,2025-05-02,momentum_5,-0.11110511500425886
2025-05-05,2025-05-02,range_pct_1,-0.12590632768391144
2025-05-05,2025-05-02,open_interest_change_1,0.18592062050579275
2025-05-06,2025-05-05,intercept,-0.1037614167091664
2025-05-06,2025-05-05,momentum_5,-0.18395089054010227
2025-05-06,2025-05-05,range_pct_1,-0.15857924560473213
2025-05-06,2025-05-05,open_interest_change_1,0.15790919768149694
2025-05-07,2025-05-06,intercept,-0.13589988410512677
2025-05-07,2025-05-06,momentum_5,-0.23872094300092817
2025-05-07,2025-05-06,range_pct_1,-0.2229631837707383
2025-05-07,2025-05-06,open_interest_change_1,0.14318066379639285
2025-05-08,2025-05-07,intercept,-0.10088803754216816
2025-05-08,2025-05-07,momentum_5,-0.19681064547942898
2025-05-08,2025-05-07,range_pct_1,-0.19103854842001616
2025-05-08,2025-05-07,open_interest_change_1,0.17242381119893932
2025-05-09,2025-05-08,intercept,-0.06688199240159216
2025-05-09,2025-05-08,momentum_5,-0.1701236877114226
2025-05-09,2025-05-08,range_pct_1,-0.17423766614405933
2025-05-09,2025-05-08,open_interest_change_1,0.18759224431159843
2025-05-12,2025-05-09,intercept,-0.034155039904071545
2025-05-12,2025-05-09,momentum_5,-0.14148803932095141
2025-05-12,2025-05-09,range_pct_1,-0.16421183438266082
2025-05-12,2025-05-09,open_interest_change_1,0.2040234956808943
2025-05-13,2025-05-12,intercept,-0.002475945304767588
2025-05-13,2025-05-12,momentum_5,-0.12358098327776809
2025-05-13,2025-05-12,range_pct_1,-0.15538960061870086
2025-05-13,2025-05-12,open_interest_change_1,0.22100078255282268
2025-05-14,2025-05-13,intercept,0.02825055836120857
2025-05-14,2025-05-13,momentum_5,-0.09689130922907
2025-05-14,2025-05-13,range_pct_1,-0.15775973779703456
2025-05-14,2025-05-13,open_interest_change_1,0.23342274119041245
2025-05-15,2025-05-14,intercept,0.05835732474446534
2025-05-15,2025-05-14,momentum_5,-0.04949032990751617
2025-05-15,2025-05-14,range_pct_1,-0.1406494536519325
2025-05-15,2025-05-14,open_interest_change_1,0.23797328827883746
2025-05-16,2025-05-15,intercept,0.027682354903905786
2025-05-16,2025-05-15,momentum_5,-0.11165678825084172
2025-05-16,2025-05-15,range_pct_1,-0.158599646524602
2025-05-16,2025-05-15,open_interest_change_1,0.22356526266589075
2025-05-19,2025-05-16,intercept,0.05688026876018261
2025-05-19,2025-05-16,momentum_5,-0.07363598153548577
2025-05-19,2025-05-16,range_pct_1,-0.15852744757943193
2025-05-19,2025-05-16,open_interest_change_1,0.2243054070230321
2025-05-28,2025-05-20,intercept,0.05704631521039583
2025-05-28,2025-05-20,momentum_5,-0.08665784892986864
2025-05-28,2025-05-20,range_pct_1,-0.1639385979785904
2025-05-28,2025-05-20,open_interest_change_1,0.11755286887453992
2025-05-29,2025-05-20,intercept,0.05704631521039583
2025-05-29,2025-05-20,momentum_5,-0.08665784892986864
2025-05-29,2025-05-20,range_pct_1,-0.1639385979785904
2025-05-29,2025-05-20,open_interest_change_1,0.11755286887453992
2025-06-02,2025-05-29,intercept,0.027785515599310896
2025-06-02,2025-05-29,momentum_5,-0.08207312387699167
2025-06-02,2025-05-29,range_pct_1,-0.17116012998510446
2025-06-02,2025-05-29,open_interest_change_1,0.10727540597869047
2025-06-03,2025-06-02,intercept,0.05538938735491226
2025-06-03,2025-06-02,momentum_5,-0.07844152656440861
2025-06-03,2025-06-02,range_pct_1,-0.1615628460775075
2025-06-03,2025-06-02,open_interest_change_1,0.11696251014190648
2025-06-04,2025-06-03,intercept,0.026997633872703528
2025-06-04,2025-06-03,momentum_5,-0.05841786271004139
2025-06-04,2025-06-03,range_pct_1,-0.14815621528556214
2025-06-04,2025-06-03,open_interest_change_1,0.10626546191731438
2025-06-05,2025-06-04,intercept,-0.0006192832773068556
2025-06-05,2025-06-04,momentum_5,-0.04671461271861614
2025-06-05,2025-06-04,range_pct_1,-0.13934941859690134
2025-06-05,2025-06-04,open_interest_change_1,0.10815934904795643
2025-06-06,2025-06-05,intercept,0.026104957509080616
2025-06-06,2025-06-05,momentum_5,-0.03314441217369266
2025-06-06,2025-06-05,range_pct_1,-0.13340154461293421
2025-06-06,2025-06-05,open_interest_change_1,0.12021200405998725
2025-06-09,2025-06-06,intercept,0.052126402769460886
2025-06-09,2025-06-06,momentum_5,-0.026518037868949407
2025-06-09,2025-06-06,range_pct_1,-0.14347545292747882
2025-06-09,2025-06-06,open_interest_change_1,0.12399240250549166
2025-06-10,2025-06-09,intercept,0.07747793263580488
2025-06-10,2025-06-09,momentum_5,-0.024938141185678615
2025-06-10,2025-06-09,range_pct_1,-0.16076974839270552
2025-06-10,2025-06-09,open_interest_change_1,0.12658675050334353
2025-06-11,2025-06-10,intercept,0.10219562491906295
2025-06-11,2025-06-10,momentum_5,-0.0006295237054348978
2025-06-11,2025-06-10,range_pct_1,-0.16140197450356208
2025-06-11,2025-06-10,open_interest_change_1,0.13165363720625156
2025-06-12,2025-06-11,intercept,0.1265889021090631
2025-06-12,2025-06-11,momentum_5,0.04702577657568688
2025-06-12,2025-06-11,range_pct_1,-0.12695283075331865
2025-06-12,2025-06-11,open_interest_change_1,0.14510761622466245
2025-06-13,2025-06-12,intercept,0.09975854626085408
2025-06-13,2025-06-12,momentum_5,0.020323219552521386
2025-06-13,2025-06-12,range_pct_1,-0.12262281607186475
2025-06-13,2025-06-12,open_interest_change_1,0.14321989866500123
2025-06-16,2025-06-13,intercept,0.07369303639528134
2025-06-16,2025-06-13,momentum_5,0.0047336655442749296
2025-06-16,2025-06-13,range_pct_1,-0.10804969584633421
2025-06-16,2025-06-13,open_interest_change_1,0.14174596100830655
2025-06-25,2025-06-17,intercept,0.12056441400485231
2025-06-25,2025-06-17,momentum_5,0.018288155849144273
2025-06-25,2025-06-17,range_pct_1,-0.12048515246014384
2025-06-25,2025-06-17,open_interest_change_1,0.03792429517012697
2025-06-26,2025-06-17,intercept,0.12056441400485231
2025-06-26,2025-06-17,momentum_5,0.018288155849144273
2025-06-26,2025-06-17,range_pct_1,-0.12048515246014384
2025-06-26,2025-06-17,open_interest_change_1,0.03792429517012697
2025-06-27,2025-06-26,intercept,0.09521852272789016
2025-06-27,2025-06-26,momentum_5,0.01709576991055183
2025-06-27,2025-06-26,range_pct_1,-0.10445705668254308
2025-06-27,2025-06-26,open_interest_change_1,0.0248626442873289
2025-06-30,2025-06-27,intercept,0.11774104160113605
2025-06-30,2025-06-27,momentum_5,0.02554547249418771
2025-06-30,2025-06-27,range_pct_1,-0.10927228854651236
2025-06-30,2025-06-27,open_interest_change_1,0.039287234122490064
2025-07-01,2025-06-30,intercept,0.13980950808700368
2025-07-01,2025-06-30,momentum_5,0.03801449701641348
2025-07-01,2025-06-30,range_pct_1,-0.10744314253233936
2025-07-01,2025-06-30,open_interest_change_1,0.04848658738387807
2025-07-02,2025-07-01,intercept,0.161402317098238
2025-07-02,2025-07-01,momentum_5,0.05201683114934963
2025-07-02,2025-07-01,range_pct_1,-0.11052347235151015
2025-07-02,2025-07-01,open_interest_change_1,0.05550175270316362
2025-07-03,2025-07-02,intercept,0.18270702370809044
2025-07-03,2025-07-02,momentum_5,0.07165884435659918
2025-07-03,2025-07-02,range_pct_1,-0.08900330947702874
2025-07-03,2025-07-02,open_interest_change_1,0.06604614844859882
2025-07-04,2025-07-03,intercept,0.20344697970841324
2025-07-04,2025-07-03,momentum_5,0.07372769745389872
2025-07-04,2025-07-03,range_pct_1,-0.09593035820996648
2025-07-04,2025-07-03,open_interest_change_1,0.06931589543109139
2025-07-07,2025-07-04,intercept,0.1785784202715119
2025-07-07,2025-07-04,momentum_5,0.06091017290849107
2025-07-07,2025-07-04,range_pct_1,-0.08753976523735754
2025-07-07,2025-07-04,open_interest_change_1,0.061603381335103506
2025-07-08,2025-07-07,intercept,0.1543020779854725
2025-07-08,2025-07-07,momentum_5,0.045839770603145855
2025-07-08,2025-07-07,range_pct_1,-0.09927194611993692
2025-07-08,2025-07-07,open_interest_change_1,0.057231874006554585
2025-07-09,2025-07-08,intercept,0.1306453036222464
2025-07-09,2025-07-08,momentum_5,0.039665642044039745
2025-07-09,2025-07-08,range_pct_1,-0.09925422715392315
2025-07-09,2025-07-08,open_interest_change_1,0.0489201733105771
2025-07-10,2025-07-09,intercept,0.10756307114314334
2025-07-10,2025-07-09,momentum_5,0.04343534387821232
2025-07-10,2025-07-09,range_pct_1,-0.09388404299431168
2025-07-10,2025-07-09,open_interest_change_1,0.044117698455803114
2025-07-11,2025-07-10,intercept,0.12788502549435804
2025-07-11,2025-07-10,momentum_5,0.047682218820435766
2025-07-11,2025-07-10,range_pct_1,-0.08716758607096804
2025-07-11,2025-07-10,open_interest_change_1,0.04992635657549625
2025-07-14,2025-07-11,intercept,0.10534664671215484
2025-07-14,2025-07-11,momentum_5,0.051742525178672845
2025-07-14,2025-07-11,range_pct_1,-0.07918185352219151
2025-07-14,2025-07-11,open_interest_change_1,0.04809768901203725
2025-07-23,2025-07-15,intercept,0.10302520573390077
2025-07-23,2025-07-15,momentum_5,0.039300747768629594
2025-07-23,2025-07-15,range_pct_1,-0.09613839287152703
2025-07-23,2025-07-15,open_interest_change_1,-0.009366202649751926
2025-07-24,2025-07-15,intercept,0.10302520573390077
2025-07-24,2025-07-15,momentum_5,0.039300747768629594
2025-07-24,2025-07-15,range_pct_1,-0.09613839287152703
2025-07-24,2025-07-15,open_interest_change_1,-0.009366202649751926
2025-07-25,2025-07-24,intercept,0.12249352188280863
2025-07-25,2025-07-24,momentum_5,0.044878937149023454
2025-07-25,2025-07-24,range_pct_1,-0.09597256606586764
2025-07-25,2025-07-24,open_interest_change_1,-0.0021593458095534907
2025-07-28,2025-07-25,intercept,0.10098388811726237
2025-07-28,2025-07-25,momentum_5,0.04634921545135966
2025-07-28,2025-07-25,range_pct_1,-0.08296217464300513
2025-07-28,2025-07-25,open_interest_change_1,-0.006743981996232759
2025-07-29,2025-07-28,intercept,0.079960778525365
2025-07-29,2025-07-28,momentum_5,0.05663160527649463
2025-07-29,2025-07-28,range_pct_1,-0.06059603777944785
2025-07-29,2025-07-28,open_interest_change_1,-0.013859134795364676
2025-07-30,2025-07-29,intercept,0.059328778199850024
2025-07-30,2025-07-29,momentum_5,0.05547138911216619
2025-07-30,2025-07-29,range_pct_1,-0.05360094593449908
2025-07-30,2025-07-29,open_interest_change_1,-0.01918487627789815
2025-07-31,2025-07-30,intercept,0.07843486776104461
2025-07-31,2025-07-30,momentum_5,0.06255353099470953
2025-07-31,2025-07-30,range_pct_1,-0.046120132441596684
2025-07-31,2025-07-30,open_interest_change_1,-0.018217696589569
2025-08-01,2025-07-31,intercept,0.09714746970807582
2025-08-01,2025-07-31,momentum_5,0.06355069362013961
2025-08-01,2025-07-31,range_pct_1,-0.05118736340147973
2025-08-01,2025-07-31,open_interest_change_1,-0.013502987687654702
2025-08-04,2025-08-01,intercept,0.07690996425203643
2025-08-04,2025-08-01,momentum_5,0.05655131944986349
2025-08-04,2025-08-01,range_pct_1,-0.05161049854178568
2025-08-04,2025-08-01,open_interest_change_1,-0.021056781247708812
2025-08-05,2025-08-04,intercept,0.05701981521272929
2025-08-05,2025-08-04,momentum_5,0.04730032730501001
2025-08-05,2025-08-04,range_pct_1,-0.06510889064700759
2025-08-05,2025-08-04,open_interest_change_1,-0.020839512966532688
2025-08-06,2025-08-05,intercept,0.037566691281440905
2025-08-06,2025-08-05,momentum_5,0.05146852119274182
2025-08-06,2025-08-05,range_pct_1,-0.06068364277808001
2025-08-06,2025-08-05,open_interest_change_1,-0.026781549484676044
2025-08-07,2025-08-06,intercept,0.01855980580809626
2025-08-07,2025-08-06,momentum_5,0.04697713955855523
2025-08-07,2025-08-06,range_pct_1,-0.050736173619462206
2025-08-07,2025-08-06,open_interest_change_1,-0.03598299369458985
2025-08-08,2025-08-07,intercept,0.036864627810466115
2025-08-08,2025-08-07,momentum_5,0.03868791611121226
2025-08-08,2025-08-07,range_pct_1,-0.07069760016257462
2025-08-08,2025-08-07,open_interest_change_1,-0.03739431401319705
2025-08-11,2025-08-08,intercept,0.0180961266547109
2025-08-11,2025-08-08,momentum_5,0.022578158738196418
2025-08-11,2025-08-08,range_pct_1,-0.08723769728708342
2025-08-11,2025-08-08,open_interest_change_1,-0.04820750611595785
2025-08-12,2025-08-11,intercept,0.036045818984938124
2025-08-12,2025-08-11,momentum_5,0.029909891225907495
2025-08-12,2025-08-11,range_pct_1,-0.09577114311195387
2025-08-12,2025-08-11,open_interest_change_1,-0.047644802454715834
2025-08-13,2025-08-12,intercept,0.017621310055509178
2025-08-13,2025-08-12,momentum_5,0.002527517177683241
2025-08-13,2025-08-12,range_pct_1,-0.116267051790188
2025-08-13,2025-08-12,open_interest_change_1,-0.05064705767224633
2025-08-14,2025-08-13,intercept,0.035233113849612925
2025-08-14,2025-08-13,momentum_5,0.00855494070419111
2025-08-14,2025-08-13,range_pct_1,-0.12500514192915457
2025-08-14,2025-08-13,open_interest_change_1,-0.048095095355286
2025-08-15,2025-08-14,intercept,0.017257123780060404
2025-08-15,2025-08-14,momentum_5,-0.012307541528668225
2025-08-15,2025-08-14,range_pct_1,-0.13076968289433477
2025-08-15,2025-08-14,open_interest_change_1,-0.05270763867094831
2025-08-18,2025-08-15,intercept,0.03458754285865027
2025-08-18,2025-08-15,momentum_5,-0.013763466750466486
2025-08-18,2025-08-15,range_pct_1,-0.14268936488723183
2025-08-18,2025-08-15,open_interest_change_1,-0.05083494439449862
2025-08-27,2025-08-19,intercept,0.03387858106029014
2025-08-27,2025-08-19,momentum_5,-0.01531217099643465
2025-08-27,2025-08-19,range_pct_1,-0.14801508635366667
2025-08-27,2025-08-19,open_interest_change_1,-0.008610108577029539
2025-08-28,2025-08-19,intercept,0.03387858106029014
2025-08-28,2025-08-19,momentum_5,-0.01531217099643465
2025-08-28,2025-08-19,range_pct_1,-0.14801508635366667
2025-08-28,2025-08-19,open_interest_change_1,-0.008610108577029539
2025-08-29,2025-08-28,intercept,0.01660910220710412
2025-08-29,2025-08-28,momentum_5,-0.027926136697046636
2025-08-29,2025-08-28,range_pct_1,-0.14211124328061428
2025-08-29,2025-08-28,open_interest_change_1,-0.016870273459088633
2025-09-01,2025-08-29,intercept,0.03339886370373807
2025-09-01,2025-08-29,momentum_5,-0.023740185736239202
2025-09-01,2025-08-29,range_pct_1,-0.1458619168160207
2025-09-01,2025-08-29,open_interest_change_1,-0.014571631128255484
2025-09-02,2025-09-01,intercept,0.01635172867457282
2025-09-02,2025-09-01,momentum_5,-0.030990879052611338
2025-09-02,2025-09-01,range_pct_1,-0.1414435140303159
2025-09-02,2025-09-01,open_interest_change_1,-0.018644760189317825
2025-09-03,2025-09-02,intercept,0.0330483776195988
2025-09-03,2025-09-02,momentum_5,-0.03225663583855746
2025-09-03,2025-09-02,range_pct_1,-0.13240231902471356
2025-09-03,2025-09-02,open_interest_change_1,-0.011854285198894499
2025-09-04,2025-09-03,intercept,0.016107041209143354
2025-09-04,2025-09-03,momentum_5,-0.028441852275251978
2025-09-04,2025-09-03,range_pct_1,-0.1367420890373545
2025-09-04,2025-09-03,open_interest_change_1,-0.018170422669670273
2025-09-05,2025-09-04,intercept,-0.000432667457441707
2025-09-05,2025-09-04,momentum_5,-0.011524533001464232
2025-09-05,2025-09-04,range_pct_1,-0.12014764555440748
2025-09-05,2025-09-04,open_interest_change_1,-0.024085268575888406
2025-09-08,2025-09-05,intercept,-0.016716005601047693
2025-09-08,2025-09-05,momentum_5,-0.006492689349276992
2025-09-08,2025-09-05,range_pct_1,-0.11405625608497563
2025-09-08,2025-09-05,open_interest_change_1,-0.02705670822582847
2025-09-09,2025-09-08,intercept,-0.0005315251757548652
2025-09-09,2025-09-08,momentum_5,-0.010734637365337394
2025-09-09,2025-09-08,range_pct_1,-0.12755131822869342
2025-09-09,2025-09-08,open_interest_change_1,-0.02156425638672712
2025-09-10,2025-09-09,intercept,0.015374659855075306
2025-09-10,2025-09-09,momentum_5,-0.005778888586020852
2025-09-10,2025-09-09,range_pct_1,-0.13555569524608163
2025-09-10,2025-09-09,open_interest_change_1,-0.017611185297433347
2025-09-11,2025-09-10,intercept,0.03102348152432297
2025-09-11,2025-09-10,momentum_5,0.006464966468322664
2025-09-11,2025-09-10,range_pct_1,-0.138214436368001
2025-09-11,2025-09-10,open_interest_change_1,-0.009130627221296742
2025-09-12,2025-09-11,intercept,0.046510288450703395
2025-09-12,2025-09-11,momentum_5,0.03049825242070215
2025-09-12,2025-09-11,range_pct_1,-0.12752400061456365
2025-09-12,2025-09-11,open_interest_change_1,-0.0013290733759681247
2025-09-15,2025-09-12,intercept,0.061779962520354226
2025-09-15,2025-09-12,momentum_5,0.05201323782040635
2025-09-15,2025-09-12,range_pct_1,-0.11795544535056425
2025-09-15,2025-09-12,open_interest_change_1,0.0021189385347627557
2025-09-24,2025-09-16,intercept,0.060954983233567794
2025-09-24,2025-09-16,momentum_5,0.046068065190220414
2025-09-24,2025-09-16,range_pct_1,-0.11354054954449411
2025-09-24,2025-09-16,open_interest_change_1,-0.039796982341534635
2025-09-25,2025-09-16,intercept,0.060954983233567794
2025-09-25,2025-09-16,momentum_5,0.046068065190220414
2025-09-25,2025-09-16,range_pct_1,-0.11354054954449411
2025-09-25,2025-09-16,open_interest_change_1,-0.039796982341534635
2025-09-26,2025-09-25,intercept,0.04516762429819727
2025-09-26,2025-09-25,momentum_5,0.030891323014748322
2025-09-26,2025-09-25,range_pct_1,-0.12097378486659902
2025-09-26,2025-09-25,open_interest_change_1,-0.041179404224571434
2025-09-30,2025-09-26,intercept,0.02972844478614688
2025-09-30,2025-09-26,momentum_5,0.02939781564290694
2025-09-30,2025-09-26,range_pct_1,-0.11252027486180738
2025-09-30,2025-09-26,open_interest_change_1,-0.042934560200032175
2025-10-01,2025-09-30,intercept,0.014211893845739936
2025-10-01,2025-09-30,momentum_5,0.023495340616823696
2025-10-01,2025-09-30,range_pct_1,-0.12857241480062973
2025-10-01,2025-09-30,open_interest_change_1,-0.04730415650183422
2025-10-02,2025-10-01,intercept,0.029043016723573487
2025-10-02,2025-10-01,momentum_5,0.0204996740008548
2025-10-02,2025-10-01,range_pct_1,-0.13369104205354512
2025-10-02,2025-10-01,open_interest_change_1,-0.04318567553338556
2025-10-03,2025-10-02,intercept,0.01383247193644868
2025-10-03,2025-10-02,momentum_5,0.02392476803008421
2025-10-03,2025-10-02,range_pct_1,-0.13655927385828512
2025-10-03,2025-10-02,open_interest_change_1,-0.046987349142547666
2025-10-07,2025-10-03,intercept,0.028303602020567694
2025-10-07,2025-10-03,momentum_5,0.01955287829201568
2025-10-07,2025-10-03,range_pct_1,-0.14982805648679012
2025-10-07,2025-10-03,open_interest_change_1,-0.03969553644868229
2025-10-08,2025-10-07,intercept,0.04281292431971519
2025-10-08,2025-10-07,momentum_5,0.03299611314911807
2025-10-08,2025-10-07,range_pct_1,-0.13851622649724524
2025-10-08,2025-10-07,open_interest_change_1,-0.03177409748910442
2025-10-09,2025-10-08,intercept,0.028015278918562855
2025-10-09,2025-10-08,momentum_5,0.00034143782016251455
2025-10-09,2025-10-08,range_pct_1,-0.15586969947100496
2025-10-09,2025-10-08,open_interest_change_1,-0.03762308067010639
2025-10-13,2025-10-09,intercept,0.04208034638389166
2025-10-13,2025-10-09,momentum_5,0.015299583074987268
2025-10-13,2025-10-09,range_pct_1,-0.15566010497964652
2025-10-13,2025-10-09,open_interest_change_1,-0.03601722731806857
2025-10-22,2025-10-14,intercept,0.012987931866429612
2025-10-22,2025-10-14,momentum_5,-0.016404277478676763
2025-10-22,2025-10-14,range_pct_1,-0.17425674036894623
2025-10-22,2025-10-14,open_interest_change_1,0.0038148656244400268
2025-10-23,2025-10-14,intercept,0.012987931866429612
2025-10-23,2025-10-14,momentum_5,-0.016404277478676763
2025-10-23,2025-10-14,range_pct_1,-0.17425674036894623
2025-10-23,2025-10-14,open_interest_change_1,0.0038148656244400268
2025-10-27,2025-10-23,intercept,-0.0011780083412047616
2025-10-27,2025-10-23,momentum_5,-0.019339578404792283
2025-10-27,2025-10-23,range_pct_1,-0.17105009513159838
2025-10-27,2025-10-23,open_interest_change_1,0.005188516406568708
2025-10-28,2025-10-27,intercept,-0.015266122733809688
2025-10-28,2025-10-27,momentum_5,-0.011884607045764068
2025-10-28,2025-10-27,range_pct_1,-0.1666122237045646
2025-10-28,2025-10-27,open_interest_change_1,0.002210831306139773
2025-10-29,2025-10-28,intercept,-0.028914635876876146
2025-10-29,2025-10-28,momentum_5,-0.02164915270381753
2025-10-29,2025-10-28,range_pct_1,-0.16264577215405024
2025-10-29,2025-10-28,open_interest_change_1,-0.004640886663108866
2025-10-30,2025-10-29,intercept,-0.01492442752561522
2025-10-30,2025-10-29,momentum_5,-0.022330112806389607
2025-10-30,2025-10-29,range_pct_1,-0.16645513442837462
2025-10-30,2025-10-29,open_interest_change_1,-2.676706213776724e-05
2025-10-31,2025-10-30,intercept,-0.02846174439094886
2025-10-31,2025-10-30,momentum_5,-0.026973549176327185
2025-10-31,2025-10-30,range_pct_1,-0.1624213512911765
2025-10-31,2025-10-30,open_interest_change_1,-0.0075410247791688045
2025-11-03,2025-10-31,intercept,-0.014582427434026598
2025-11-03,2025-10-31,momentum_5,-0.015639523486390788
2025-11-03,2025-10-31,range_pct_1,-0.1539899783005693
2025-11-03,2025-10-31,open_interest_change_1,-0.004077841862901065
2025-11-04,2025-11-03,intercept,-0.02788854589500058
2025-11-04,2025-11-03,momentum_5,-0.024286138986049022
2025-11-04,2025-11-03,range_pct_1,-0.14975667477312657
2025-11-04,2025-11-03,open_interest_change_1,-0.01045594556839773
2025-11-05,2025-11-04,intercept,-0.04121689380490892
2025-11-05,2025-11-04,momentum_5,-0.024464184503037723
2025-11-05,2025-11-04,range_pct_1,-0.15100809981462243
2025-11-05,2025-11-04,open_interest_change_1,-0.015984077552284766
2025-11-06,2025-11-05,intercept,-0.05451425795335022
2025-11-06,2025-11-05,momentum_5,-0.02878065629911266
2025-11-06,2025-11-05,range_pct_1,-0.16204905043695275
2025-11-06,2025-11-05,open_interest_change_1,-0.020319517271670882
2025-11-07,2025-11-06,intercept,-0.06767212931000113
2025-11-07,2025-11-06,momentum_5,-0.020555707302842924
2025-11-07,2025-11-06,range_pct_1,-0.16492937705162625
2025-11-07,2025-11-06,open_interest_change_1,-0.025867096267035997
2025-11-10,2025-11-07,intercept,-0.05406983503443148
2025-11-10,2025-11-07,momentum_5,-0.03205355874256026
2025-11-10,2025-11-07,range_pct_1,-0.17558243231135343
2025-11-10,2025-11-07,open_interest_change_1,-0.02286902054731966
2025-11-11,2025-11-10,intercept,-0.0668211800463903
2025-11-11,2025-11-10,momentum_5,-0.01504369204797912
2025-11-11,2025-11-10,range_pct_1,-0.16196439421290446
2025-11-11,2025-11-10,open_interest_change_1,-0.025617410079494713
2025-11-12,2025-11-11,intercept,-0.053285226952516716
2025-11-12,2025-11-11,momentum_5,-0.02296942299847213
2025-11-12,2025-11-11,range_pct_1,-0.16528327830277867
2025-11-12,2025-11-11,open_interest_change_1,-0.02167101557931834
2025-11-13,2025-11-12,intercept,-0.06608942502708853
2025-11-13,2025-11-12,momentum_5,-0.01858787233753248
2025-11-13,2025-11-12,range_pct_1,-0.1688443764909959
2025-11-13,2025-11-12,open_interest_change_1,-0.02455425196772015
2025-11-14,2025-11-13,intercept,-0.07841260804412084
2025-11-14,2025-11-13,momentum_5,-0.01697304659151777
2025-11-14,2025-11-13,range_pct_1,-0.16088252208485715
2025-11-14,2025-11-13,open_interest_change_1,-0.029959326614345493
2025-11-17,2025-11-14,intercept,-0.06519656208806489
2025-11-17,2025-11-14,momentum_5,-0.022904082754466662
2025-11-17,2025-11-14,range_pct_1,-0.16867983720636878
2025-11-17,2025-11-14,open_interest_change_1,-0.029536894767011494
2025-11-26,2025-11-18,intercept,-0.06439451252281223
2025-11-26,2025-11-18,momentum_5,-0.026098683656708133
2025-11-26,2025-11-18,range_pct_1,-0.17095162791323018
2025-11-26,2025-11-18,open_interest_change_1,-0.0763967391265264
2025-11-27,2025-11-18,intercept,-0.06439451252281223
2025-11-27,2025-11-18,momentum_5,-0.026098683656708133
2025-11-27,2025-11-18,range_pct_1,-0.17095162791323018
2025-11-27,2025-11-18,open_interest_change_1,-0.0763967391265264
2025-11-28,2025-11-27,intercept,-0.05155271395667657
2025-11-28,2025-11-27,momentum_5,-0.017437490296303225
2025-11-28,2025-11-27,range_pct_1,-0.1708532320082502
2025-11-28,2025-11-27,open_interest_change_1,-0.06598305962762739
2025-12-01,2025-11-28,intercept,-0.038911847097118306
2025-12-01,2025-11-28,momentum_5,-0.022036824600325494
2025-12-01,2025-11-28,range_pct_1,-0.18104074147804172
2025-12-01,2025-11-28,open_interest_change_1,-0.06544811428917056
2025-12-02,2025-12-01,intercept,-0.05097202650583247
2025-12-02,2025-12-01,momentum_5,-0.03969455842362709
2025-12-02,2025-12-01,range_pct_1,-0.1868674943926541
2025-12-02,2025-12-01,open_interest_change_1,-0.06995238220867568
2025-12-03,2025-12-02,intercept,-0.03841848450817452
2025-12-03,2025-12-02,momentum_5,-0.02999836065151101
2025-12-03,2025-12-02,range_pct_1,-0.18502255943074447
2025-12-03,2025-12-02,open_interest_change_1,-0.06964704370087045
2025-12-04,2025-12-03,intercept,-0.02603084377529074
2025-12-04,2025-12-03,momentum_5,-0.02372297843856926
2025-12-04,2025-12-03,range_pct_1,-0.18545797035815734
2025-12-04,2025-12-03,open_interest_change_1,-0.06655044527476713
2025-12-05,2025-12-04,intercept,-0.013875475293474129
2025-12-05,2025-12-04,momentum_5,-0.02296894655995872
2025-12-05,2025-12-04,range_pct_1,-0.19241659707065706
2025-12-05,2025-12-04,open_interest_change_1,-0.06239786610609424
2025-12-08,2025-12-05,intercept,-0.0018275866650673612
2025-12-08,2025-12-05,momentum_5,-0.025212079129934836
2025-12-08,2025-12-05,range_pct_1,-0.19982180749889764
2025-12-08,2025-12-05,open_interest_change_1,-0.05852488529958527
2025-12-09,2025-12-08,intercept,0.010138648589458881
2025-12-09,2025-12-08,momentum_5,-0.025246357701242228
2025-12-09,2025-12-08,range_pct_1,-0.2032416613914292
2025-12-09,2025-12-08,open_interest_change_1,-0.05191636648478177
2025-12-10,2025-12-09,intercept,-0.0017680919839898014
2025-12-10,2025-12-09,momentum_5,-0.03558810314141252
2025-12-10,2025-12-09,range_pct_1,-0.2045324601659054
2025-12-10,2025-12-09,open_interest_change_1,-0.05715046946723344
2025-12-11,2025-12-10,intercept,0.009867542084294438
2025-12-11,2025-12-10,momentum_5,-0.0328867025264864
2025-12-11,2025-12-10,range_pct_1,-0.21318851732475153
2025-12-11,2025-12-10,open_interest_change_1,-0.05542502595239242
2025-12-12,2025-12-11,intercept,-0.001760714369638541
2025-12-12,2025-12-11,momentum_5,-0.036155763390436114
2025-12-12,2025-12-11,range_pct_1,-0.20485930995380688
2025-12-12,2025-12-11,open_interest_change_1,-0.05978827516300847
2025-12-15,2025-12-12,intercept,0.010374227942492743
2025-12-15,2025-12-12,momentum_5,-0.025858510685545108
2025-12-15,2025-12-12,range_pct_1,-0.1844678138196066
2025-12-15,2025-12-12,open_interest_change_1,-0.05638412360489875
2025-12-24,2025-12-16,intercept,0.010448462186248664
2025-12-24,2025-12-16,momentum_5,-0.032445968367568155
2025-12-24,2025-12-16,range_pct_1,-0.18339665567397048
2025-12-24,2025-12-16,open_interest_change_1,-0.08196883862173479
2025-12-26,2025-12-16,intercept,0.010448462186248664
2025-12-26,2025-12-16,momentum_5,-0.032445968367568155
2025-12-26,2025-12-16,range_pct_1,-0.18339665567397048
2025-12-26,2025-12-16,open_interest_change_1,-0.08196883862173479
2025-12-29,2025-12-26,intercept,0.021727792533162735
2025-12-29,2025-12-26,momentum_5,-0.02751323820894073
2025-12-29,2025-12-26,range_pct_1,-0.1893849408249718
2025-12-29,2025-12-26,open_interest_change_1,-0.07691742586376644
2025-12-30,2025-12-29,intercept,0.03283552912967616
2025-12-30,2025-12-29,momentum_5,-0.01821579318675968
2025-12-30,2025-12-29,range_pct_1,-0.19338029998170939
2025-12-30,2025-12-29,open_interest_change_1,-0.07141354424478286
2025-12-31,2025-12-30,intercept,0.021352899522635655
2025-12-31,2025-12-30,momentum_5,-0.030436382845519867
2025-12-31,2025-12-30,range_pct_1,-0.1958274629663575
2025-12-31,2025-12-30,open_interest_change_1,-0.07635075416714567
2026-01-02,2025-12-31,intercept,0.03248022874716606
2026-01-02,2025-12-31,momentum_5,-0.02776486076226456
2026-01-02,2025-12-31,range_pct_1,-0.19940404628650601
2026-01-02,2025-12-31,open_interest_change_1,-0.07586091119315076
2026-01-05,2026-01-02,intercept,0.04351781784315082
2026-01-05,2026-01-02,momentum_5,-0.02329860782710019
2026-01-05,2026-01-02,range_pct_1,-0.20024003081566422
2026-01-05,2026-01-02,open_interest_change_1,-0.0752838266084333
2026-01-06,2026-01-05,intercept,0.054625497172143225
2026-01-06,2026-01-05,momentum_5,-0.0063827927119221835
2026-01-06,2026-01-05,range_pct_1,-0.18332282401734462
2026-01-06,2026-01-05,open_interest_change_1,-0.06811114811106786
2026-01-07,2026-01-06,intercept,0.06571159662057406
2026-01-07,2026-01-06,momentum_5,0.02437756017065471
2026-01-07,2026-01-06,range_pct_1,-0.1524951527999663
2026-01-07,2026-01-06,open_interest_change_1,-0.0632077039671122
2026-01-08,2026-01-07,intercept,0.05420896730227773
2026-01-08,2026-01-07,momentum_5,0.001135890718725672
2026-01-08,2026-01-07,range_pct_1,-0.16942224577694634
2026-01-08,2026-01-07,open_interest_change_1,-0.06583903814391297
2026-01-09,2026-01-08,intercept,0.04308688645738116
2026-01-09,2026-01-08,momentum_5,-0.01648121324524025
2026-01-09,2026-01-08,range_pct_1,-0.16941988978707148
2026-01-09,2026-01-08,open_interest_change_1,-0.06685393170753859
2026-01-12,2026-01-09,intercept,0.031977669683424435
2026-01-12,2026-01-09,momentum_5,-0.03244850751241571
2026-01-12,2026-01-09,range_pct_1,-0.1735853501006478
2026-01-12,2026-01-09,open_interest_change_1,-0.06734608665956725
2026-01-13,2026-01-12,intercept,0.04286798446636404
2026-01-13,2026-01-12,momentum_5,-0.015688415751278183
2026-01-13,2026-01-12,range_pct_1,-0.15358434734417895
2026-01-13,2026-01-12,open_interest_change_1,-0.0640735724632982
2026-01-14,2026-01-13,intercept,0.053406282273961
2026-01-14,2026-01-13,momentum_5,-0.01709456581425203
2026-01-14,2026-01-13,range_pct_1,-0.16084483617926948
2026-01-14,2026-01-13,open_interest_change_1,-0.062207294592321674
2026-01-15,2026-01-14,intercept,0.06411061241010234
2026-01-15,2026-01-14,momentum_5,-0.010009138308067952
2026-01-15,2026-01-14,range_pct_1,-0.1429392238218405
2026-01-15,2026-01-14,open_interest_change_1,-0.05645459010952273
2026-01-16,2026-01-15,intercept,0.07442989632451702
2026-01-16,2026-01-15,momentum_5,-0.010392349271399027
2026-01-16,2026-01-15,range_pct_1,-0.14884811834419467
2026-01-16,2026-01-15,open_interest_change_1,-0.049738842766717785
2026-01-19,2026-01-16,intercept,0.08469149009702752
2026-01-19,2026-01-16,momentum_5,-0.007199698451466704
2026-01-19,2026-01-16,range_pct_1,-0.14913206971245385
2026-01-19,2026-01-16,open_interest_change_1,-0.04632532107162697
2026-01-28,2026-01-20,intercept,0.10516739600918719
2026-01-28,2026-01-20,momentum_5,0.01548031927157977
2026-01-28,2026-01-20,range_pct_1,-0.13069952294462164
2026-01-28,2026-01-20,open_interest_change_1,-0.07842525385108953
2026-01-29,2026-01-20,intercept,0.10516739600918719
2026-01-29,2026-01-20,momentum_5,0.01548031927157977
2026-01-29,2026-01-20,range_pct_1,-0.13069952294462164
2026-01-29,2026-01-20,open_interest_change_1,-0.07842525385108953
2026-01-30,2026-01-29,intercept,0.09420131678359643
2026-01-30,2026-01-29,momentum_5,0.002947554363120346
2026-01-30,2026-01-29,range_pct_1,-0.1303613323265379
2026-01-30,2026-01-29,open_interest_change_1,-0.08274512185411162
2026-02-02,2026-01-30,intercept,0.08327395081411668
2026-02-02,2026-01-30,momentum_5,-0.005746321604571773
2026-02-02,2026-01-30,range_pct_1,-0.13618535342607463
2026-02-02,2026-01-30,open_interest_change_1,-0.08892627790398339
2026-02-03,2026-02-02,intercept,0.07237959074245628
2026-02-03,2026-02-02,momentum_5,-0.005023429793954166
2026-02-03,2026-02-02,range_pct_1,-0.1386475336960241
2026-02-03,2026-02-02,open_interest_change_1,-0.09107940465251019
2026-02-04,2026-02-03,intercept,0.06151841663898816
2026-02-04,2026-02-03,momentum_5,-0.0004857370575809706
2026-02-04,2026-02-03,range_pct_1,-0.14646197669109184
2026-02-04,2026-02-03,open_interest_change_1,-0.09750633649351963
2026-02-05,2026-02-04,intercept,0.05080834573085803
2026-02-05,2026-02-04,momentum_5,0.003930916811004385
2026-02-05,2026-02-04,range_pct_1,-0.1477778092234528
2026-02-05,2026-02-04,open_interest_change_1,-0.0999341027408174
2026-02-06,2026-02-05,intercept,0.06089998398842581
2026-02-06,2026-02-05,momentum_5,-0.0034355050194179756
2026-02-06,2026-02-05,range_pct_1,-0.14707009509926416
2026-02-06,2026-02-05,open_interest_change_1,-0.09641551898464529
2026-02-09,2026-02-06,intercept,0.0708617602727825
2026-02-09,2026-02-06,momentum_5,-0.015932966561677274
2026-02-09,2026-02-06,range_pct_1,-0.1516815659295124
2026-02-09,2026-02-06,open_interest_change_1,-0.09276453525549762
2026-02-10,2026-02-09,intercept,0.060092514919168054
2026-02-10,2026-02-09,momentum_5,-0.014493501870879789
2026-02-10,2026-02-09,range_pct_1,-0.1646549486908141
2026-02-10,2026-02-09,open_interest_change_1,-0.08996990771138888
2026-03-03,2026-02-11,intercept,0.07977816578893346
2026-03-03,2026-02-11,momentum_5,0.0014795328347725588
2026-03-03,2026-02-11,range_pct_1,-0.15942040697177765
2026-03-03,2026-02-11,open_interest_change_1,-0.11546804564427376
2026-03-04,2026-02-11,intercept,0.07977816578893346
2026-03-04,2026-02-11,momentum_5,0.0014795328347725588
2026-03-04,2026-02-11,range_pct_1,-0.15942040697177765
2026-03-04,2026-02-11,open_interest_change_1,-0.11546804564427376
2026-03-05,2026-03-04,intercept,0.06900772168614176
2026-03-05,2026-03-04,momentum_5,-0.008583881062874946
2026-03-05,2026-03-04,range_pct_1,-0.18765421861060538
2026-03-05,2026-03-04,open_interest_change_1,-0.11890420408281586
2026-03-06,2026-03-05,intercept,0.05802203377786218
2026-03-06,2026-03-05,momentum_5,0.000901789682777381
2026-03-06,2026-03-05,range_pct_1,-0.20901682073416983
2026-03-06,2026-03-05,open_interest_change_1,-0.12104016593654017
2026-03-09,2026-03-06,intercept,0.04704632181301937
2026-03-09,2026-03-06,momentum_5,0.010974162330368416
2026-03-09,2026-03-06,range_pct_1,-0.2262933173363132
2026-03-09,2026-03-06,open_interest_change_1,-0.12056346877543897
2026-03-10,2026-03-09,intercept,0.05724833702560413
2026-03-10,2026-03-09,momentum_5,-0.009012261171045522
2026-03-10,2026-03-09,range_pct_1,-0.22365856323674088
2026-03-10,2026-03-09,open_interest_change_1,-0.11596300245025151
2026-03-11,2026-03-10,intercept,0.046137207373543584
2026-03-11,2026-03-10,momentum_5,0.009765429030173326
2026-03-11,2026-03-10,range_pct_1,-0.24147960875981778
2026-03-11,2026-03-10,open_interest_change_1,-0.11560222205481023
2026-03-12,2026-03-11,intercept,0.03520136164602269
2026-03-12,2026-03-11,momentum_5,0.015577478063931982
2026-03-12,2026-03-11,range_pct_1,-0.26172965233915557
2026-03-12,2026-03-11,open_interest_change_1,-0.11748625222811566
2026-03-13,2026-03-12,intercept,0.02467762310556912
2026-03-13,2026-03-12,momentum_5,0.0014525712166585532
2026-03-13,2026-03-12,range_pct_1,-0.2865677902151543
2026-03-13,2026-03-12,open_interest_change_1,-0.1246887217722298
2026-03-16,2026-03-13,intercept,0.034865958003099176
2026-03-16,2026-03-13,momentum_5,0.0019286076911031861
2026-03-16,2026-03-13,range_pct_1,-0.27484468194290923
2026-03-16,2026-03-13,open_interest_change_1,-0.12520461814495112
2026-03-25,2026-03-17,intercept,0.05538573144308404
2026-03-25,2026-03-17,momentum_5,0.02052866927333913
2026-03-25,2026-03-17,range_pct_1,-0.23462764582181186
2026-03-25,2026-03-17,open_interest_change_1,-0.1559566851373746
2026-03-26,2026-03-17,intercept,0.05538573144308404
2026-03-26,2026-03-17,momentum_5,0.02052866927333913
2026-03-26,2026-03-17,range_pct_1,-0.23462764582181186
2026-03-26,2026-03-17,open_interest_change_1,-0.1559566851373746
2026-03-27,2026-03-26,intercept,0.06486467186598924
2026-03-27,2026-03-26,momentum_5,0.009223545902685738
2026-03-27,2026-03-26,range_pct_1,-0.23709424429671588
2026-03-27,2026-03-26,open_interest_change_1,-0.15096895685957967
2026-03-30,2026-03-27,intercept,0.07446890605282869
2026-03-30,2026-03-27,momentum_5,0.011177566342236088
2026-03-30,2026-03-27,range_pct_1,-0.2228611472299853
2026-03-30,2026-03-27,open_interest_change_1,-0.14619353891630413
2026-03-31,2026-03-30,intercept,0.08388611759331883
2026-03-31,2026-03-30,momentum_5,0.007863862937363417
2026-03-31,2026-03-30,range_pct_1,-0.2153232662174139
2026-03-31,2026-03-30,open_interest_change_1,-0.1434055693830593
2026-04-01,2026-03-31,intercept,0.0932279470096807
2026-04-01,2026-03-31,momentum_5,0.011024329914145113
2026-04-01,2026-03-31,range_pct_1,-0.20042329471866116
2026-04-01,2026-03-31,open_interest_change_1,-0.13966607325431132
2026-04-02,2026-04-01,intercept,0.08316691570711643
2026-04-02,2026-04-01,momentum_5,0.0158250839346733
2026-04-02,2026-04-01,range_pct_1,-0.2083835610010927
2026-04-02,2026-04-01,open_interest_change_1,-0.14344153464042392
2026-04-07,2026-04-02,intercept,0.0921874660374061
2026-04-07,2026-04-02,momentum_5,0.013095326286045815
2026-04-07,2026-04-02,range_pct_1,-0.20472902778651625
2026-04-07,2026-04-02,open_interest_change_1,-0.13577496645522646
2026-04-08,2026-04-07,intercept,0.08180419984749739
2026-04-08,2026-04-07,momentum_5,0.010622383574878458
2026-04-08,2026-04-07,range_pct_1,-0.23384140161120082
2026-04-08,2026-04-07,open_interest_change_1,-0.13549925322208278
2026-04-09,2026-04-08,intercept,0.0907437252245584
2026-04-09,2026-04-08,momentum_5,0.009178440177299362
2026-04-09,2026-04-08,range_pct_1,-0.2333398031539204
2026-04-09,2026-04-08,open_interest_change_1,-0.13198866493270908
2026-04-10,2026-04-09,intercept,0.08123913070828338
2026-04-10,2026-04-09,momentum_5,-0.015980246104058994
2026-04-10,2026-04-09,range_pct_1,-0.24922186247338882
2026-04-10,2026-04-09,open_interest_change_1,-0.13858472201076455
2026-04-13,2026-04-10,intercept,0.0897862901934811
2026-04-13,2026-04-10,momentum_5,0.009129683981112868
2026-04-13,2026-04-10,range_pct_1,-0.24128483082554741
2026-04-13,2026-04-10,open_interest_change_1,-0.13744383206602556
2026-04-22,2026-04-14,intercept,0.08963050849678064
2026-04-22,2026-04-14,momentum_5,0.007092558437885533
2026-04-22,2026-04-14,range_pct_1,-0.23937582383437603
2026-04-22,2026-04-14,open_interest_change_1,-0.1674033748372372
2026-04-23,2026-04-14,intercept,0.08963050849678064
2026-04-23,2026-04-14,momentum_5,0.007092558437885533
2026-04-23,2026-04-14,range_pct_1,-0.23937582383437603
2026-04-23,2026-04-14,open_interest_change_1,-0.1674033748372372
2026-04-24,2026-04-23,intercept,0.080221280085093
2026-04-24,2026-04-23,momentum_5,-0.001073721860681635
2026-04-24,2026-04-23,range_pct_1,-0.24111294813361456
2026-04-24,2026-04-23,open_interest_change_1,-0.16961605169809058
2026-04-27,2026-04-24,intercept,0.08994392523338522
2026-04-27,2026-04-24,momentum_5,0.023217893583950985
2026-04-27,2026-04-24,range_pct_1,-0.18175608944138252
2026-04-27,2026-04-24,open_interest_change_1,-0.1666500720201968
2026-04-28,2026-04-27,intercept,0.09861710664481411
2026-04-28,2026-04-27,momentum_5,0.047563519703429445
2026-04-28,2026-04-27,range_pct_1,-0.1562347946228314
2026-04-28,2026-04-27,open_interest_change_1,-0.15972804759086096
2026-04-29,2026-04-28,intercept,0.08929931224648327
2026-04-29,2026-04-28,momentum_5,0.026693539795598548
2026-04-29,2026-04-28,range_pct_1,-0.167585478842546
2026-04-29,2026-04-28,open_interest_change_1,-0.16334996104577199
2026-04-30,2026-04-29,intercept,0.08000483107952731
2026-04-30,2026-04-29,momentum_5,0.013664359551836874
2026-04-30,2026-04-29,range_pct_1,-0.17766625708097836
2026-04-30,2026-04-29,open_interest_change_1,-0.16629875022056062
2026-05-04,2026-04-30,intercept,0.0707841159226077
2026-05-04,2026-04-30,momentum_5,0.004263351116855409
2026-05-04,2026-04-30,range_pct_1,-0.1858153211933978
2026-05-04,2026-04-30,open_interest_change_1,-0.1691675589599853
2026-05-05,2026-05-04,intercept,0.07930839432037858
2026-05-05,2026-05-04,momentum_5,0.015934617818565807
2026-05-05,2026-05-04,range_pct_1,-0.17573574684814056
2026-05-05,2026-05-04,open_interest_change_1,-0.16551240317264734
2026-05-06,2026-05-05,intercept,0.08774580226651328
2026-05-06,2026-05-05,momentum_5,0.03300715838273099
2026-05-06,2026-05-05,range_pct_1,-0.15734033601526903
2026-05-06,2026-05-05,open_interest_change_1,-0.15803523258622482
2026-05-07,2026-05-06,intercept,0.09596452691481577
2026-05-07,2026-05-06,momentum_5,0.036111668145247786
2026-05-07,2026-05-06,range_pct_1,-0.16186558952148153
2026-05-07,2026-05-06,open_interest_change_1,-0.15416927392111043
2026-05-08,2026-05-07,intercept,0.10432987547231742
2026-05-08,2026-05-07,momentum_5,0.05205289219626862
2026-05-08,2026-05-07,range_pct_1,-0.14335727687587158
2026-05-08,2026-05-07,open_interest_change_1,-0.14948548479892296
2026-05-11,2026-05-08,intercept,0.09537510448550482
2026-05-11,2026-05-08,momentum_5,0.033932499074999
2026-05-11,2026-05-08,range_pct_1,-0.14737974280182703
2026-05-11,2026-05-08,open_interest_change_1,-0.1545287260458671
2026-05-12,2026-05-11,intercept,0.10352434258008754
2026-05-12,2026-05-11,momentum_5,0.053044135805370526
2026-05-12,2026-05-11,range_pct_1,-0.1331031143601289
2026-05-12,2026-05-11,open_interest_change_1,-0.14814325209104348
2026-05-13,2026-05-12,intercept,0.09454698883282527
2026-05-13,2026-05-12,momentum_5,0.04998655160561322
2026-05-13,2026-05-12,range_pct_1,-0.13155309390790595
2026-05-13,2026-05-12,open_interest_change_1,-0.15058086979061128
2026-05-14,2026-05-13,intercept,0.08552271369077319
2026-05-14,2026-05-13,momentum_5,0.04572209841647315
2026-05-14,2026-05-13,range_pct_1,-0.13878132596610487
2026-05-14,2026-05-13,open_interest_change_1,-0.15123833690377558
2026-05-15,2026-05-14,intercept,0.07661131364488724
2026-05-15,2026-05-14,momentum_5,0.04746468517813081
2026-05-15,2026-05-14,range_pct_1,-0.1402595529312451
2026-05-15,2026-05-14,open_interest_change_1,-0.152679868904834
2026-05-18,2026-05-15,intercept,0.08490368658801804
2026-05-18,2026-05-15,momentum_5,0.0421665747826866
2026-05-18,2026-05-15,range_pct_1,-0.13626320207238443
2026-05-18,2026-05-15,open_interest_change_1,-0.15276474799217205
2026-05-27,2026-05-19,intercept,0.1021899620972896
2026-05-27,2026-05-19,momentum_5,0.03885939127171039
2026-05-27,2026-05-19,range_pct_1,-0.1068151850430794
2026-05-27,2026-05-19,open_interest_change_1,-0.1858131814597117
2026-05-28,2026-05-19,intercept,0.1021899620972896
2026-05-28,2026-05-19,momentum_5,0.03885939127171039
2026-05-28,2026-05-19,range_pct_1,-0.1068151850430794
2026-05-28,2026-05-19,open_interest_change_1,-0.1858131814597117
2026-05-29,2026-05-28,intercept,0.09347202036626073
2026-05-29,2026-05-28,momentum_5,0.007716671570256379
2026-05-29,2026-05-28,range_pct_1,-0.12690684362030114
2026-05-29,2026-05-28,open_interest_change_1,-0.18948887725685867
2026-06-01,2026-05-29,intercept,0.10134366252746886
2026-06-01,2026-05-29,momentum_5,0.03607269494221586
2026-06-01,2026-05-29,range_pct_1,-0.08291105888195759
2026-06-01,2026-05-29,open_interest_change_1,-0.18073938619372149
2026-06-02,2026-06-01,intercept,0.10921970557130226
2026-06-02,2026-06-01,momentum_5,0.05158685318130711
2026-06-02,2026-06-01,range_pct_1,-0.07336190791361685
2026-06-02,2026-06-01,open_interest_change_1,-0.17876597939085676
2026-06-03,2026-06-02,intercept,0.1169482701215601
2026-06-03,2026-06-02,momentum_5,0.06474182856783613
2026-06-03,2026-06-02,range_pct_1,-0.059505694110109864
2026-06-03,2026-06-02,open_interest_change_1,-0.1733084618569772
2026-06-04,2026-06-03,intercept,0.12465641853267377
2026-06-04,2026-06-03,momentum_5,0.07616182928432648
2026-06-04,2026-06-03,range_pct_1,-0.05016084786024253
2026-06-04,2026-06-03,open_interest_change_1,-0.16958659915821533
2026-06-05,2026-06-04,intercept,0.11599325866553925
2026-06-05,2026-06-04,momentum_5,0.06796627961593035
2026-06-05,2026-06-04,range_pct_1,-0.048505878370448965
2026-06-05,2026-06-04,open_interest_change_1,-0.172092624382166
2026-06-08,2026-06-05,intercept,0.10743827237181412
2026-06-08,2026-06-05,momentum_5,0.05749519296897224
2026-06-08,2026-06-05,range_pct_1,-0.047887719331535655
2026-06-08,2026-06-05,open_interest_change_1,-0.17573478444064386
2026-06-09,2026-06-08,intercept,0.1151619979077867
2026-06-09,2026-06-08,momentum_5,0.058401919027501706
2026-06-09,2026-06-08,range_pct_1,-0.03645351312795515
2026-06-09,2026-06-08,open_interest_change_1,-0.17487405348914048
2026-06-10,2026-06-09,intercept,0.10653791271996349
2026-06-10,2026-06-09,momentum_5,0.06947408019242562
2026-06-10,2026-06-09,range_pct_1,-0.051556776144944
2026-06-10,2026-06-09,open_interest_change_1,-0.1738040492487137
2026-06-11,2026-06-10,intercept,0.11426361916661616
2026-06-11,2026-06-10,momentum_5,0.06429183286994442
2026-06-11,2026-06-10,range_pct_1,-0.040598135251450645
2026-06-11,2026-06-10,open_interest_change_1,-0.1748054453762755
2026-06-12,2026-06-11,intercept,0.1218716688846696
2026-06-12,2026-06-11,momentum_5,0.05055193496219808
2026-06-12,2026-06-11,range_pct_1,-0.028423961817042185
2026-06-12,2026-06-11,open_interest_change_1,-0.17488275740625253
2026-06-15,2026-06-12,intercept,0.11332152062783636
2026-06-15,2026-06-12,momentum_5,0.061287369986189104
2026-06-15,2026-06-12,range_pct_1,-0.043385917132851545
2026-06-15,2026-06-12,open_interest_change_1,-0.17287832125352304
2026-06-25,2026-06-16,intercept,0.11296543800549223
2026-06-25,2026-06-16,momentum_5,0.07411632213576398
2026-06-25,2026-06-16,range_pct_1,-0.04601740052592888
2026-06-25,2026-06-16,open_interest_change_1,-0.18900252418850588
2026-06-26,2026-06-16,intercept,0.11296543800549223
2026-06-26,2026-06-16,momentum_5,0.07411632213576398
2026-06-26,2026-06-16,range_pct_1,-0.04601740052592888
2026-06-26,2026-06-16,open_interest_change_1,-0.18900252418850588
2026-06-29,2026-06-26,intercept,0.10456945899911649
2026-06-29,2026-06-26,momentum_5,0.07124822358674929
2026-06-29,2026-06-26,range_pct_1,-0.05243932983973211
2026-06-29,2026-06-26,open_interest_change_1,-0.18901665122733427
2026-06-30,2026-06-29,intercept,0.0962876697563353
2026-06-30,2026-06-29,momentum_5,0.07651475825263623
2026-06-30,2026-06-29,range_pct_1,-0.07048864170235795
2026-06-30,2026-06-29,open_interest_change_1,-0.19132984366625555
2026-07-01,2026-06-30,intercept,0.0880572399480492
2026-07-01,2026-06-30,momentum_5,0.0866519587024263
2026-07-01,2026-06-30,range_pct_1,-0.07856589101523101
2026-07-01,2026-06-30,open_interest_change_1,-0.19344294964146178
2026-07-02,2026-07-01,intercept,0.07997811870099848
2026-07-02,2026-07-01,momentum_5,0.08946719285400083
2026-07-02,2026-07-01,range_pct_1,-0.08326038019109623
2026-07-02,2026-07-01,open_interest_change_1,-0.19795579220064888
2026-07-03,2026-07-02,intercept,0.07191829168403065
2026-07-03,2026-07-02,momentum_5,0.08590054095799621
2026-07-03,2026-07-02,range_pct_1,-0.08722586843514635
2026-07-03,2026-07-02,open_interest_change_1,-0.20074270923744958
2026-07-06,2026-07-03,intercept,0.0794492024323886
2026-07-06,2026-07-03,momentum_5,0.08856607397176149
2026-07-06,2026-07-03,range_pct_1,-0.07470122643083812
2026-07-06,2026-07-03,open_interest_change_1,-0.1980557585151043
2026-07-07,2026-07-06,intercept,0.07133419814486262
2026-07-07,2026-07-06,momentum_5,0.07096814193032419
2026-07-07,2026-07-06,range_pct_1,-0.0969752826983034
2026-07-07,2026-07-06,open_interest_change_1,-0.19907944528959362
2026-07-08,2026-07-07,intercept,0.0633043961806703
2026-07-08,2026-07-07,momentum_5,0.06378987503127861
2026-07-08,2026-07-07,range_pct_1,-0.10532091854499032
2026-07-08,2026-07-07,open_interest_change_1,-0.19939602466071607
2026-07-09,2026-07-08,intercept,0.07083366953358178
2026-07-09,2026-07-08,momentum_5,0.06404900126264497
2026-07-09,2026-07-08,range_pct_1,-0.0851335075511804
2026-07-09,2026-07-08,open_interest_change_1,-0.19664887992120786
2026-07-13,2026-07-09,intercept,0.06285657387768975
2026-07-13,2026-07-09,momentum_5,0.07354965548229987
2026-07-13,2026-07-09,range_pct_1,-0.08322560906400786
2026-07-13,2026-07-09,open_interest_change_1,-0.19580448813012313
2026-07-22,2026-07-14,intercept,0.07850634952095917
2026-07-22,2026-07-14,momentum_5,0.06542731363136885
2026-07-22,2026-07-14,range_pct_1,-0.07653729688585324
2026-07-22,2026-07-14,open_interest_change_1,-0.22140001431581519
2026-07-23,2026-07-14,intercept,0.07850634952095917
2026-07-23,2026-07-14,momentum_5,0.06542731363136885
2026-07-23,2026-07-14,range_pct_1,-0.07653729688585324
2026-07-23,2026-07-14,open_interest_change_1,-0.22140001431581519
2026-07-24,2026-07-23,intercept,0.07061665711075889
2026-07-24,2026-07-23,momentum_5,0.07332351983652684
2026-07-24,2026-07-23,range_pct_1,-0.07595879089766719
2026-07-24,2026-07-23,open_interest_change_1,-0.2215486797168171
2026-07-27,2026-07-24,intercept,0.0778789385496072
2026-07-27,2026-07-24,momentum_5,0.06932805560160063
2026-07-27,2026-07-24,range_pct_1,-0.07202033049281271
2026-07-27,2026-07-24,open_interest_change_1,-0.21909378849874503
2026-07-28,2026-07-27,intercept,0.08508269733133277
2026-07-28,2026-07-27,momentum_5,0.07547158672101453
2026-07-28,2026-07-27,range_pct_1,-0.06510027960849053
2026-07-28,2026-07-27,open_interest_change_1,-0.21684230899111268
2026-07-29,2026-07-28,intercept,0.07736351960795348
2026-07-29,2026-07-28,momentum_5,0.06845089628642659
2026-07-29,2026-07-28,range_pct_1,-0.07300898754969962
2026-07-29,2026-07-28,open_interest_change_1,-0.22000892543585068
2026-07-30,2026-07-29,intercept,0.08444925817057716
2026-07-30,2026-07-29,momentum_5,0.055664335783399195
2026-07-30,2026-07-29,range_pct_1,-0.06580350112845085
2026-07-30,2026-07-29,open_interest_change_1,-0.21558875296143942
2026-07-31,2026-07-30,intercept,0.09136672413662321
2026-07-31,2026-07-30,momentum_5,0.04994698023154454
2026-07-31,2026-07-30,range_pct_1,-0.020175105378419655
2026-07-31,2026-07-30,open_interest_change_1,-0.20854202205491432
2026-08-03,2026-07-31,intercept,0.08372540694082269
2026-08-03,2026-07-31,momentum_5,0.06503116899734906
2026-08-03,2026-07-31,range_pct_1,-0.03169052192916941
2026-08-03,2026-07-31,open_interest_change_1,-0.21067094375369605
2026-08-04,2026-08-03,intercept,0.09068102096711866
2026-08-04,2026-08-03,momentum_5,0.07107163381603192
2026-08-04,2026-08-03,range_pct_1,-0.010665526676834224
2026-08-04,2026-08-03,open_interest_change_1,-0.20612115802706815
2026-08-05,2026-08-04,intercept,0.08303288506222073
2026-08-05,2026-08-04,momentum_5,0.07419349797962035
2026-08-05,2026-08-04,range_pct_1,-0.013115337425298768
2026-08-05,2026-08-04,open_interest_change_1,-0.20694413738613684
2026-08-06,2026-08-05,intercept,0.09009566377018408
2026-08-06,2026-08-05,momentum_5,0.08620071474098231
2026-08-06,2026-08-05,range_pct_1,0.0015105010390735107
2026-08-06,2026-08-05,open_interest_change_1,-0.20659617392759128
2026-08-07,2026-08-06,intercept,0.08247007516130399
2026-08-07,2026-08-06,momentum_5,0.06325814278361667
2026-08-07,2026-08-06,range_pct_1,-0.008759203534607444
2026-08-07,2026-08-06,open_interest_change_1,-0.2080411377988649
2026-08-10,2026-08-07,intercept,0.08941086033803432
2026-08-10,2026-08-07,momentum_5,0.0819243100762687
2026-08-10,2026-08-07,range_pct_1,-0.0017101652125311553
2026-08-10,2026-08-07,open_interest_change_1,-0.20567162153957305
2026-08-11,2026-08-10,intercept,0.09638053532438033
2026-08-11,2026-08-10,momentum_5,0.08460188307244233
2026-08-11,2026-08-10,range_pct_1,0.0020716215788522748
2026-08-11,2026-08-10,open_interest_change_1,-0.2059829234367408
2026-08-12,2026-08-11,intercept,0.10323006944938662
2026-08-12,2026-08-11,momentum_5,0.09035218450649327
2026-08-12,2026-08-11,range_pct_1,0.002558654220629084
2026-08-12,2026-08-11,open_interest_change_1,-0.20417528335577678
2026-08-13,2026-08-12,intercept,0.11009056607798551
2026-08-13,2026-08-12,momentum_5,0.09635927795029849
2026-08-13,2026-08-12,range_pct_1,0.004389085665951532
2026-08-13,2026-08-12,open_interest_change_1,-0.2038355742282867
2026-08-14,2026-08-13,intercept,0.11691256228031466
2026-08-14,2026-08-13,momentum_5,0.09730856828718976
2026-08-14,2026-08-13,range_pct_1,0.000782376973060981
2026-08-14,2026-08-13,open_interest_change_1,-0.20400834309434374
2026-08-17,2026-08-14,intercept,0.10930808053976897
2026-08-17,2026-08-14,momentum_5,0.09220861240120422
2026-08-17,2026-08-14,range_pct_1,0.0035309133449974257
2026-08-17,2026-08-14,open_interest_change_1,-0.20364453655285547
2026-08-26,2026-08-18,intercept,0.1075486119832841
2026-08-26,2026-08-18,momentum_5,0.09600393066463768
2026-08-26,2026-08-18,range_pct_1,0.012600265517874623
2026-08-26,2026-08-18,open_interest_change_1,-0.17448986126317645
2026-08-27,2026-08-18,intercept,0.1075486119832841
2026-08-27,2026-08-18,momentum_5,0.09600393066463768
2026-08-27,2026-08-18,range_pct_1,0.012600265517874623
2026-08-27,2026-08-18,open_interest_change_1,-0.17448986126317645
2026-08-28,2026-08-27,intercept,0.11415184312442281
2026-08-28,2026-08-27,momentum_5,0.10434630957845419
2026-08-28,2026-08-27,range_pct_1,0.02332754878930095
2026-08-28,2026-08-27,open_interest_change_1,-0.17019690885458438
2026-08-31,2026-08-28,intercept,0.12077457709266214
2026-08-31,2026-08-28,momentum_5,0.10672458673900087
2026-08-31,2026-08-28,range_pct_1,0.021745372807080582
2026-08-31,2026-08-28,open_interest_change_1,-0.1685844173848424
2026-09-01,2026-08-31,intercept,0.11339899708719348
2026-09-01,2026-08-31,momentum_5,0.10500968582403233
2026-09-01,2026-08-31,range_pct_1,0.026377676429012363
2026-09-01,2026-08-31,open_interest_change_1,-0.1712055596264824
2026-09-02,2026-09-01,intercept,0.11998321209640272
2026-09-02,2026-09-01,momentum_5,0.1083478759325407
2026-09-02,2026-09-01,range_pct_1,0.02722362860645791
2026-09-02,2026-09-01,open_interest_change_1,-0.16965914110869296
2026-09-03,2026-09-02,intercept,0.11259647393209547
2026-09-03,2026-09-02,momentum_5,0.09505729872545018
2026-09-03,2026-09-02,range_pct_1,0.012960317912674407
2026-09-03,2026-09-02,open_interest_change_1,-0.1713445133135277
2026-09-04,2026-09-03,intercept,0.10534631043846801
2026-09-04,2026-09-03,momentum_5,0.09641997323312286
2026-09-04,2026-09-03,range_pct_1,0.014589827348189801
2026-09-04,2026-09-03,open_interest_change_1,-0.17408216679360733
2026-09-07,2026-09-04,intercept,0.09809040312178494
2026-09-07,2026-09-04,momentum_5,0.09859671286279978
2026-09-07,2026-09-04,range_pct_1,0.014106465898848376
2026-09-07,2026-09-04,open_interest_change_1,-0.17478638368822555
2026-09-08,2026-09-07,intercept,0.10458486320471073
2026-09-08,2026-09-07,momentum_5,0.09823525242088342
2026-09-08,2026-09-07,range_pct_1,0.014155911736722178
2026-09-08,2026-09-07,open_interest_change_1,-0.17198696368449637
2026-09-09,2026-09-08,intercept,0.09739227783692132
2026-09-09,2026-09-08,momentum_5,0.09460744959560259
2026-09-09,2026-09-08,range_pct_1,0.016341406557313417
2026-09-09,2026-09-08,open_interest_change_1,-0.1736670950198531
2026-09-10,2026-09-09,intercept,0.09024908797677188
2026-09-10,2026-09-09,momentum_5,0.09751779429464615
2026-09-10,2026-09-09,range_pct_1,0.017989219492591926
2026-09-10,2026-09-09,open_interest_change_1,-0.17462640531967008
2026-09-11,2026-09-10,intercept,0.08309734153805874
2026-09-11,2026-09-10,momentum_5,0.09566623055087994
2026-09-11,2026-09-10,range_pct_1,0.019822714816158445
2026-09-11,2026-09-10,open_interest_change_1,-0.17397605564360807
2026-09-14,2026-09-11,intercept,0.07600155579736007
2026-09-14,2026-09-11,momentum_5,0.0943057067590153
2026-09-14,2026-09-11,range_pct_1,0.023277140378013858
2026-09-14,2026-09-11,open_interest_change_1,-0.17343271840886698
2026-09-23,2026-09-15,intercept,0.0897111590510192
2026-09-23,2026-09-15,momentum_5,0.0847957791741517
2026-09-23,2026-09-15,range_pct_1,0.018539228788486364
2026-09-23,2026-09-15,open_interest_change_1,-0.1986292773561629
2026-09-24,2026-09-15,intercept,0.0897111590510192
2026-09-24,2026-09-15,momentum_5,0.0847957791741517
2026-09-24,2026-09-15,range_pct_1,0.018539228788486364
2026-09-24,2026-09-15,open_interest_change_1,-0.1986292773561629
2026-09-29,2026-09-24,intercept,0.08273064238325478
2026-09-29,2026-09-24,momentum_5,0.07847880797226545
2026-09-29,2026-09-24,range_pct_1,0.020891201623104524
2026-09-29,2026-09-24,open_interest_change_1,-0.20066288545566371
2026-09-30,2026-09-29,intercept,0.07575004321839554
2026-09-30,2026-09-29,momentum_5,0.07421987059036189
2026-09-30,2026-09-29,range_pct_1,0.022776627995163622
2026-09-30,2026-09-29,open_interest_change_1,-0.20110951539233993
