index,forecastDate,target,cumulativeModelBrier,cumulativeNaiveBrier,cumulativeBrierDifference
1,2025-03-05,1,0.32805642159552967,0.36,-0.03194357840447032
2,2025-03-06,1,0.35696630971976423,0.3678251821019771,-0.010858872382212892
3,2025-03-07,1,0.3066460142246465,0.36272980890131806,-0.05608379467667161
4,2025-03-10,1,0.2915950881688102,0.3549215531865487,-0.06332646501773853
5,2025-03-11,0,0.2586840993383544,0.3228645781893774,-0.064180478851023
6,2025-03-12,1,0.25022765709384126,0.3181694614163179,-0.06794180432247661
7,2025-03-13,0,0.2212819583085575,0.30093537609934834,-0.0796534177907908
8,2025-03-14,0,0.2339754838537629,0.2897063284477771,-0.0557308445940142
9,2025-03-17,0,0.22593120873483474,0.2797543479708157,-0.05382313923598097
10,2025-03-26,0,0.22641847443383564,0.26984141317373417,-0.04342293873989851
11,2025-03-27,1,0.2154329900969837,0.2753671937943038,-0.059934203697320096
12,2025-03-28,1,0.22145064304039672,0.28097435953056077,-0.059523716490164046
13,2025-03-31,0,0.23146154334558294,0.27348967567342186,-0.04202813232783891
14,2025-04-01,0,0.23277894806542315,0.2679004610276613,-0.035121512962238165
15,2025-04-02,1,0.22327762075523866,0.271562468859977,-0.04828484810473833
16,2025-04-07,1,0.2094176683291403,0.27545401208709264,-0.06603634375795234
17,2025-04-08,1,0.24081511262813335,0.27804322898978673,-0.03722811636165336
18,2025-04-09,0,0.22743732487714605,0.27368737433362156,-0.04625004945647553
19,2025-04-10,0,0.26424278499368886,0.2703390622341912,-0.0060962772405023175
20,2025-04-11,1,0.2978115280706096,0.2720032836331022,0.0258082444375074
21,2025-04-14,1,0.32518717471822167,0.27398407965057353,0.05120309506764817
22,2025-04-23,0,0.31968224148199115,0.2712128829155152,0.04846935856647598
23,2025-04-24,1,0.31943737197460687,0.2720271414149435,0.04741023055966336
24,2025-04-25,1,0.31985455671953916,0.2731674606235205,0.0466870960960187
25,2025-04-28,1,0.32018087895162894,0.27377711336456045,0.04640376558706848
26,2025-04-29,0,0.31520547467479,0.2718422657113145,0.043363208963475536
27,2025-04-30,1,0.31358612947540315,0.2717064788482348,0.041879650627168315
28,2025-05-02,0,0.30940542394868725,0.2700161307215814,0.03938929322710586
29,2025-05-05,0,0.30514562828934105,0.2687416395191192,0.0364039887702218
30,2025-05-06,1,0.3046480245960476,0.26898592136182675,0.035662103234220886
31,2025-05-07,1,0.3046601070838837,0.2694845833967499,0.035175523687133795
32,2025-05-08,1,0.3039251394434475,0.26966302891862487,0.03426211052482264
33,2025-05-09,1,0.30247817228615603,0.2695638213132012,0.032914350972954774
34,2025-05-12,1,0.3007703055153248,0.2692236941008934,0.031546611414431394
35,2025-05-13,1,0.299922289577894,0.26867444569801074,0.031247843879883268
36,2025-05-14,0,0.29864905490622784,0.2683710299644532,0.0302780249417746
37,2025-05-15,1,0.2965497805815273,0.2674712197832483,0.029078560798279036
38,2025-05-16,0,0.2945989358072183,0.267209302901004,0.027389632906214316
39,2025-05-19,1,0.2988731615835972,0.26639651002207665,0.03247665156152056
40,2025-05-28,0,0.2980673993239263,0.2663488421694839,0.03171855715444236
41,2025-05-29,1,0.29649509270424634,0.265606635466495,0.03088845723775132
42,2025-06-02,0,0.29616540756047705,0.2654039024043352,0.030761505156141844
43,2025-06-03,0,0.2955903107278875,0.26537315560710545,0.03021715512078205
44,2025-06-04,1,0.2941830716896279,0.2648691656625898,0.029313906027038105
45,2025-06-05,1,0.2927651047449975,0.2645387397589767,0.02822636498602087
46,2025-06-06,1,0.29109938400869345,0.2640787188463419,0.02702066516235155
47,2025-06-09,1,0.2895109249248855,0.26350290005082533,0.026008024874060193
48,2025-06-10,1,0.28845504405558847,0.2628236515322396,0.025631392523348895
49,2025-06-11,0,0.2887532374438133,0.2630986481915194,0.025654589252293886
50,2025-06-12,0,0.2894541174717878,0.26348961546162586,0.02596450201016193
51,2025-06-13,1,0.28833958728824327,0.26274717202120185,0.025592415267041424
52,2025-06-16,1,0.2899751101269631,0.26215250365559417,0.027822606471368933
53,2025-06-25,0,0.290326348853145,0.262508639914154,0.027817708938990944
54,2025-06-26,1,0.28864252761080766,0.2617360125361854,0.026906515074622286
55,2025-06-27,1,0.2873126999083924,0.2611000372103368,0.0262126626980556
56,2025-06-30,1,0.2857556544011626,0.26039205953153133,0.025363594869631228
57,2025-07-01,1,0.2845915082282789,0.2596190962600256,0.024972411968253252
58,2025-07-02,1,0.28303696655023236,0.2587875352657884,0.02424943128444399
59,2025-07-03,0,0.283829949252842,0.2594440289249619,0.024385920327880107
60,2025-07-04,0,0.28424654317364434,0.2601719333286259,0.0240746098450184
61,2025-07-07,0,0.2846549890042469,0.2607661598820324,0.023888829122214517
62,2025-07-08,0,0.2848409916854402,0.2612367190517152,0.023604272633724967
63,2025-07-09,1,0.2837890632581987,0.2605576382950207,0.023231424963177975
64,2025-07-10,0,0.283798527775222,0.260823993123589,0.022974534651633016
65,2025-07-11,0,0.28383681601218796,0.26116413867632776,0.02267267733586018
66,2025-07-14,1,0.2833078163148479,0.26060675371610975,0.022701062598738168
67,2025-07-23,1,0.2823463782208759,0.2600736836867557,0.02227269453412017
68,2025-07-24,0,0.28248714927558743,0.2603143273605088,0.022172821915078626
69,2025-07-25,0,0.28277557435212125,0.26062208137609055,0.022153492976030666
70,2025-07-28,0,0.2828196961044713,0.26084019757477717,0.021979498529694094
71,2025-07-29,1,0.28208085154198054,0.2604114623976676,0.021669389144312916
72,2025-07-30,1,0.28135040494072955,0.26006365155134725,0.021286753389382303
73,2025-07-31,0,0.28126568530568996,0.26019966058009253,0.021066024725597442
74,2025-08-01,0,0.28112483112473713,0.260397786343921,0.02072704478081609
75,2025-08-04,0,0.2809430707903914,0.2605204904155485,0.020422580374842927
76,2025-08-05,0,0.2809065547327318,0.260572718119533,0.020333836613198864
77,2025-08-06,1,0.2801908559339109,0.2603140469410955,0.019876808992815437
78,2025-08-07,0,0.2797879115315182,0.26024200445677975,0.01954590707473846
79,2025-08-08,1,0.2790681485895929,0.25999623825634927,0.019071910333243625
80,2025-08-11,0,0.27869784088104754,0.2599288877526841,0.01876895312836351
81,2025-08-12,1,0.2780051874396649,0.25969509575002364,0.01831009168964127
82,2025-08-13,0,0.27775975174100853,0.2596320433026494,0.01812770843835916
83,2025-08-14,1,0.277083588210162,0.2594093819129691,0.017674206297192893
84,2025-08-15,1,0.27643263877039714,0.25924492260336257,0.017187716167034597
85,2025-08-18,0,0.2767304232669868,0.25924026323835136,0.017490160028635456
86,2025-08-27,0,0.2767527146554335,0.2592339230372694,0.017518791618164078
87,2025-08-28,1,0.276209242190305,0.2590295518142543,0.01717969037605069
88,2025-08-29,0,0.2760805173671606,0.2589757133517319,0.017104804015428687
89,2025-09-01,1,0.2758970894386837,0.2587804496306089,0.017116639808074752
90,2025-09-02,0,0.27551787538447653,0.25872977057685487,0.016788104807621686
91,2025-09-03,0,0.2755468709843072,0.25872617724939245,0.01682069373491472
92,2025-09-04,0,0.27539480604689964,0.2586764286569137,0.016718377389985977
93,2025-09-05,1,0.27491410310232167,0.25858313372511893,0.01633096937720279
94,2025-09-08,1,0.2745153646633869,0.2585352446983187,0.01598011996506821
95,2025-09-09,1,0.27412133411416356,0.2584454000172837,0.01567593409687984
96,2025-09-10,1,0.2738366229933676,0.25831592710043705,0.015520695892930555
97,2025-09-11,1,0.2734696384108804,0.25814902558622344,0.015320612824656972
98,2025-09-12,0,0.2737499722800988,0.2581878163853543,0.015562155894744464
99,2025-09-15,1,0.2731097190090118,0.25794974895343153,0.015159970055580263
100,2025-09-24,0,0.2731032843713157,0.25802646448164873,0.015076819889666986
101,2025-09-25,0,0.2732106840565565,0.25810166089049524,0.015109023166061247
102,2025-09-26,0,0.2728040740511078,0.25813577689078443,0.014668297160323328
103,2025-09-30,1,0.2724663528711501,0.25798379492608836,0.014482557945061744
104,2025-10-01,0,0.27214526393138455,0.2579433116246192,0.014201952306765353
105,2025-10-02,1,0.27167479180226883,0.25779711822937174,0.013877673572897093
106,2025-10-03,1,0.2715443829022003,0.25768874931888164,0.013855633583318682
107,2025-10-07,0,0.27139718588820655,0.2576861162123539,0.013711069675852674
108,2025-10-08,1,0.27087688035809443,0.2575146797049581,0.013362200653136317
109,2025-10-09,0,0.2709899329385972,0.25751269995343085,0.013477232985166305
110,2025-10-13,0,0.2707941518669958,0.25754356468572864,0.01325058718126716
111,2025-10-22,0,0.27073192162366017,0.25750766477064063,0.01322425685301953
112,2025-10-23,0,0.27061650223340944,0.2574724059254649,0.013144096307944553
113,2025-10-27,0,0.27061551853171334,0.25740627843939884,0.01320924009231451
114,2025-10-28,1,0.2703582717279967,0.2573720894095199,0.012986182318476792
115,2025-10-29,0,0.2702403433254606,0.2572480171612997,0.012992326164160866
116,2025-10-30,1,0.27017875512193146,0.25721536327601685,0.012963391845914609
117,2025-10-31,0,0.27009066400246606,0.25709555331680656,0.012995110685659459
118,2025-11-03,0,0.26986216226959275,0.2570066944642009,0.012855467805391863
119,2025-11-04,0,0.26943186436269917,0.256891418855301,0.012540445507398202
120,2025-11-05,0,0.2690615915446383,0.25675094230394196,0.012310649240696374
121,2025-11-06,1,0.2688541547608663,0.25680681146763756,0.01204734329322873
122,2025-11-07,0,0.26871852473050356,0.2566175574342462,0.01210096729625739
123,2025-11-10,1,0.26864192035894396,0.25667213847080306,0.011969781888140891
124,2025-11-11,0,0.26823539091630505,0.25648871091899883,0.011746679997306254
125,2025-11-12,0,0.26812787606046407,0.25633425442780133,0.011793621632662735
126,2025-11-13,1,0.2679718508741141,0.25641405540805406,0.011557795466060049
127,2025-11-14,0,0.2678040653985135,0.25621503964306497,0.011589025755448514
128,2025-11-17,1,0.2674060501476595,0.2562928684494561,0.011113181698203412
129,2025-11-26,1,0.26744287096718206,0.25636788878452693,0.01107498218265513
130,2025-11-27,1,0.2672293812584408,0.2564417549605966,0.01078762629784419
131,2025-11-28,0,0.2669583120467052,0.2562983541593707,0.010659957887334532
132,2025-12-01,1,0.2668556527520516,0.2563218785399288,0.010533774212122753
133,2025-12-02,1,0.2667938919997005,0.25636831625618967,0.01042557574351079
134,2025-12-03,1,0.26659880175842776,0.2563900985165698,0.010208703241857969
135,2025-12-04,1,0.26638453774410903,0.2563882069810801,0.00999633076302894
136,2025-12-05,1,0.26624311712736326,0.25636358403097476,0.009879533096388482
137,2025-12-08,0,0.26612167273267023,0.2563171345125005,0.009804538220169716
138,2025-12-09,1,0.26574147373357615,0.2562497273937988,0.009491746339777372
139,2025-12-10,0,0.26580978415657874,0.2562047653262175,0.009605018830361224
140,2025-12-11,1,0.2661204861436798,0.2561393753832678,0.00998111076041194
141,2025-12-12,0,0.2662621247102385,0.25609583371388295,0.01016629099635557
142,2025-12-15,1,0.2657155082871712,0.25603237413160923,0.00968313415556195
143,2025-12-24,1,0.26546879437193893,0.2559700371075556,0.009498757264383342
144,2025-12-26,1,0.2652507909424965,0.2559085658755027,0.009342225066993769
145,2025-12-29,0,0.26514794311192424,0.25590768028945826,0.009240262822465954
146,2025-12-30,1,0.26486548719463904,0.2558090115259437,0.009056475668695342
147,2025-12-31,1,0.2646637719479681,0.25573106222900555,0.008932709718962574
148,2026-01-02,1,0.2648457744020784,0.2556355634448352,0.009210210957243243
149,2026-01-05,1,0.26524592143923276,0.2555231790702379,0.009722742368994862
150,2026-01-06,0,0.26500400292921866,0.2555807681632563,0.00942323476596234
151,2026-01-07,0,0.2652070941891361,0.25565602429756884,0.009551069891567211
152,2026-01-08,0,0.26524215740664986,0.2557109381529367,0.009531219253713153
153,2026-01-09,1,0.26540470638057184,0.25560257742888814,0.009802128951683736
154,2026-01-12,1,0.2651067570958395,0.2555134078671991,0.009593349228640332
155,2026-01-13,1,0.2652937483768585,0.25540847350825346,0.009885274868605024
156,2026-01-14,1,0.26503910417199783,0.25528834932893113,0.00975075484306669
157,2026-01-15,1,0.2648334398340873,0.25515358986456543,0.009679849969521858
158,2026-01-16,1,0.2646206769038683,0.2550047300093132,0.00961594689455513
159,2026-01-19,1,0.2643993656483116,0.25484228578146717,0.009557079866844462
160,2026-01-28,0,0.2645501668513347,0.2549808234343912,0.009569343416943488
161,2026-01-29,0,0.26452425480895586,0.2551176401226826,0.009406614686273265
162,2026-01-30,0,0.2644996972665582,0.2552349095842228,0.009264787682335449
163,2026-02-02,0,0.26427418217226945,0.25533326818254726,0.008940913989722186
164,2026-02-03,0,0.2642048939094191,0.25541333107725717,0.008791562832161889
165,2026-02-04,1,0.2641305661409348,0.25528825158721,0.008842314553724775
166,2026-02-05,1,0.2640230269721695,0.2551801527989043,0.008842874173265203
167,2026-02-06,0,0.26380264008089443,0.2552421902062965,0.008560449874597913
168,2026-02-09,1,0.2635529041944657,0.2551071125917956,0.008445791602670137
169,2026-02-10,1,0.26311687391727234,0.25498859744781965,0.008128276469452652
170,2026-03-03,0,0.26257243384185314,0.25507925275695015,0.007493181084902959
171,2026-03-04,0,0.2620312153817234,0.25516884777006743,0.006862367611655992
172,2026-03-05,0,0.2615727881723096,0.2552417971762877,0.006330990996021909
173,2026-03-06,1,0.26173061004756476,0.2551269259871913,0.0066036840603735025
174,2026-03-09,0,0.26099064365948993,0.2551691099575763,0.005821533701913626
175,2026-03-10,0,0.2603435364768116,0.2552248415882685,0.005118694888543059
176,2026-03-11,0,0.2596452882432074,0.2552652904596456,0.004379997783561765
177,2026-03-12,1,0.2598390382082771,0.2551812239696297,0.004657814238647371
178,2026-03-13,1,0.26049315970968834,0.2551117009875829,0.005381458722105412
179,2026-03-16,1,0.26017764143210315,0.2550299432781882,0.005147698153915013
180,2026-03-25,1,0.2602059861415288,0.2549237678563479,0.005282218285180917
181,2026-03-26,1,0.26051375041533187,0.25481876564358874,0.005694984771743114
182,2026-03-27,1,0.26066161617635913,0.2547026596418503,0.005958956534508859
183,2026-03-30,1,0.2609236452371857,0.2545758039828659,0.006347841254319779
184,2026-03-31,0,0.2605999906959907,0.2546681805947812,0.005931810101209539
185,2026-04-01,1,0.2606619091307261,0.2545196034738573,0.006142305656868799
186,2026-04-02,0,0.25995033499815345,0.25461018790245526,0.005340147095698204
187,2026-04-07,1,0.25985044500520704,0.25446461303995305,0.005385831965253974
188,2026-04-08,0,0.2596468837461519,0.2545534574595697,0.005093426286582208
189,2026-04-09,1,0.25937359770244245,0.2544107950930073,0.004962802609435139
190,2026-04-10,0,0.2594783569516824,0.25449794966229483,0.004980407289387569
191,2026-04-13,1,0.258704947038144,0.2543581135708606,0.004346833467283423
192,2026-04-22,0,0.2587718071403668,0.25445536186759204,0.004316445272774749
193,2026-04-23,1,0.26003627790283246,0.2543182083941758,0.0057180695086567
194,2026-04-24,1,0.26053339320710633,0.2541940312110355,0.0063393619960708265
195,2026-04-27,0,0.2604938036630904,0.254289547331722,0.006204256331368404
196,2026-04-28,0,0.26045586855121156,0.2543954270662981,0.006060441484913484
197,2026-04-29,0,0.26036495749617544,0.2544879038856693,0.0058770536105061935
198,2026-04-30,1,0.2603824341637173,0.25436710232082277,0.006015331842894497
199,2026-05-04,1,0.2606666539550904,0.25425854365268935,0.006408110302401114
200,2026-05-05,1,0.26044863537239493,0.25414092840053065,0.006307706971864277
201,2026-05-06,1,0.26058864401647996,0.25401452308190753,0.0065741209345724656
202,2026-05-07,0,0.2606876210502638,0.2541153245381038,0.006572296512159967
203,2026-05-08,1,0.2606604241854954,0.2539709474598159,0.006689476725679468
204,2026-05-11,0,0.26073115856749585,0.25406992493957786,0.006661233627918011
205,2026-05-12,0,0.26069169921227325,0.2541783569537114,0.006513342258561888
206,2026-05-13,0,0.2606577525423047,0.25427434558250983,0.006383406959794913
207,2026-05-14,1,0.2606423849955654,0.25415351504631717,0.006488869949248229
208,2026-05-15,1,0.26095223833397874,0.25404399419213014,0.006908244141848583
209,2026-05-18,1,0.2603874844792301,0.25392623799815084,0.006461246481079279
210,2026-05-27,0,0.26036973573224875,0.2540295654362549,0.006340170295993867
211,2026-05-28,1,0.26081283204634126,0.2538949466427181,0.0069178854036231405
212,2026-05-29,1,0.2607809030734782,0.2537713820246038,0.007009521048874362
213,2026-06-01,1,0.26081346643917347,0.25364016109340887,0.0071733053457645884
214,2026-06-02,1,0.2607272984325013,0.25350149929515225,0.007225799137349095
215,2026-06-03,0,0.2608565700905087,0.25362247630323675,0.007234093787271937
216,2026-06-04,0,0.26100089577611996,0.25375176740570166,0.007249128370418266
217,2026-06-05,1,0.26093522340348263,0.2536070791626622,0.007328144240820445
218,2026-06-08,0,0.2607689637330959,0.25371442425938995,0.007054539473705962
219,2026-06-09,1,0.2606980694718723,0.25357221633901933,0.007125853132852962
220,2026-06-10,1,0.2608217116537197,0.25344042000543854,0.007381291648281163
221,2026-06-11,0,0.2606899465113466,0.25355509683799315,0.007134849673353452
222,2026-06-12,0,0.2608033756005008,0.25367770145159857,0.007125674148902274
223,2026-06-15,1,0.2600839595935764,0.2535401056027595,0.006543853990816839
224,2026-06-25,0,0.2601220073763425,0.2536507236877343,0.0064712836886082125
225,2026-06-26,0,0.2598678881191152,0.25376035850084266,0.006107529618272578
226,2026-06-29,0,0.2596401318505118,0.2538593832250626,0.005780748625449259
227,2026-06-30,0,0.2594608450542908,0.2539480503315876,0.005512794722703186
228,2026-07-01,0,0.2594233891923019,0.2540266061262654,0.005396783066036535
229,2026-07-02,1,0.25950562393998716,0.25392603462977287,0.00557958931021428
230,2026-07-03,0,0.25942946485385804,0.2539858187888978,0.005443646064960214
231,2026-07-06,0,0.2594412672129121,0.25405341520849556,0.005387852004416522
232,2026-07-07,1,0.2597086778395864,0.2539629086164339,0.005745769223152535
233,2026-07-08,0,0.25963936602515625,0.25401242515551564,0.00562694086964063
234,2026-07-09,1,0.2595833290482635,0.2539234083601859,0.005659920688077573
235,2026-07-13,1,0.2590142641397523,0.253843215359759,0.005171048779993302
236,2026-07-22,0,0.25894312907080885,0.253908075970131,0.0050350531006778726
237,2026-07-23,1,0.25898293091180236,0.2538137648244559,0.005169166087346464
238,2026-07-24,1,0.2589428964415133,0.2537281192682997,0.005214777173213616
239,2026-07-27,0,0.2588653120024824,0.25379203839054704,0.005073273611935396
240,2026-07-28,1,0.25909782782571034,0.2536927880064786,0.00540503981923175
241,2026-07-29,1,0.25986043823298366,0.25360204787786084,0.006258390355122821
242,2026-07-30,0,0.2594971236404427,0.25367272990404693,0.005824393736395785
243,2026-07-31,1,0.25955554552478105,0.253568841172615,0.005986704352166053
244,2026-08-03,0,0.2595059105830621,0.2536384459318278,0.005867464651234295
245,2026-08-04,1,0.259342598229148,0.2535361735152628,0.005806424713885165
246,2026-08-05,0,0.2595253912128187,0.25360472565544473,0.005920665557374004
247,2026-08-06,1,0.25927430587692113,0.25350403226962215,0.005770273607298972
248,2026-08-07,1,0.2591378180757057,0.2534114299177747,0.005726388157930949
249,2026-08-10,1,0.25899575855378637,0.25331292249073906,0.005682836063047329
250,2026-08-11,1,0.25881062684574707,0.2532086519289733,0.005601974916773798
251,2026-08-12,1,0.25863802565787447,0.25309875690136785,0.005539268756506661
252,2026-08-13,0,0.2587841365003003,0.25319520139166124,0.005588935108639062
253,2026-08-14,1,0.25848659343150326,0.25307362349748586,0.005412969934017396
254,2026-08-17,0,0.2593811045470381,0.2531686254145318,0.006212479132506323
255,2026-08-26,1,0.2592742373418892,0.25305571602585497,0.006218521316034251
256,2026-08-27,1,0.2591332125483665,0.2529436887417772,0.0061895238065893254
257,2026-08-28,0,0.2591766800597729,0.25304411976737684,0.006132560292396021
258,2026-08-31,1,0.2590155800297372,0.25292092715450165,0.006094652875235571
259,2026-09-01,0,0.2591834401200524,0.25301987872037635,0.006163561399676088
260,2026-09-02,0,0.25917779407790914,0.25312471309687107,0.006053080981038105
261,2026-09-03,0,0.2591943504136876,0.25322135099959375,0.005972999414093874
262,2026-09-04,1,0.2591250735875603,0.253113220124593,0.006011853462967347
263,2026-09-07,0,0.25918964366766345,0.2531947184831376,0.005994925184525827
264,2026-09-08,0,0.2591895269373401,0.25328205852614394,0.005907468411196119
265,2026-09-09,0,0.25927801015317337,0.25336165987975684,0.005916350273416553
266,2026-09-10,0,0.2593565699427179,0.25343368142524497,0.005922888517472873
267,2026-09-11,1,0.2592427986474163,0.253346441470793,0.005896357176623327
268,2026-09-14,1,0.2586982682476269,0.25326613540937065,0.005432132838256216
269,2026-09-23,0,0.2587560525099969,0.25333656509270697,0.0054194874172899
270,2026-09-24,0,0.2588296901074782,0.2534064730746853,0.005423217032792927
271,2026-09-29,1,0.2588032496348925,0.2533215783400924,0.005481671294800121
272,2026-09-30,1,0.25884095240510757,0.25324341612661894,0.005597536278488658
