quarter,feature,count,mean,stdPopulation,median,p10,p90
2024-Q4,momentum_5,8,0.0038850892497818146,0.014982104695479911,-0.0026759399630804093,-0.009544840578925573,0.024381389315934473
2024-Q4,range_pct_1,8,0.009019025310910084,0.0030567320586898593,0.008584068723279818,0.005930809575003062,0.013261613943936117
2024-Q4,open_interest_change_1,8,-0.1700931143798759,0.20946227941285758,-0.03604134859757818,-0.43640861092408956,0.004901369831072618
2025-Q1,momentum_5,40,-0.009777542350529477,0.0234342783725735,-0.01240183942121359,-0.04127606728622971,0.018223700143127936
2025-Q1,range_pct_1,40,0.011797606512111897,0.004556302610049587,0.01040114945960183,0.008020683833604122,0.017249225169008224
2025-Q1,open_interest_change_1,40,-0.0616931970037671,0.153982349857895,-0.0031502847626188046,-0.3572721067313437,0.02327905756612502
2025-Q2,momentum_5,46,0.005018736811101567,0.05539807130465155,0.016840200060579402,-0.06682328168942409,0.05442127249381523
2025-Q2,range_pct_1,46,0.014216186904264157,0.012449810752606134,0.011386679734099524,0.006093670745968255,0.024514666126500287
2025-Q2,open_interest_change_1,46,-0.06320837526280504,0.15802536668199485,-0.009136432929316984,-0.398034172564135,0.028183945512060382
2025-Q3,momentum_5,50,0.01446391743437322,0.015334003822704967,0.011787348305672851,-0.004022436431142095,0.03531124226556395
2025-Q3,range_pct_1,50,0.01032735507127451,0.0038040682541021003,0.009732763344439612,0.00614742843140962,0.016256640888810847
2025-Q3,open_interest_change_1,50,-0.06536192844382697,0.15034073984675655,-0.010784650506088234,-0.3702106500004464,0.016301267880754127
2025-Q4,momentum_5,47,0.012028090933388086,0.021688701974299573,0.011187452786071361,-0.0157063601356997,0.03840083678126014
2025-Q4,range_pct_1,47,0.010520823133312165,0.004455132622083408,0.009184382889970361,0.006486931378258906,0.01622963623045652
2025-Q4,open_interest_change_1,47,-0.05926676375048556,0.1566726762544603,-0.005589566143199387,-0.35323377550310275,0.022183361048205705
2026-Q1,momentum_5,40,0.006807593845705812,0.03581819817336772,0.011758982800797901,-0.047927862489910794,0.046421883570668884
2026-Q1,range_pct_1,40,0.01720065367158305,0.006546799412432715,0.01725641356965138,0.009668116785810697,0.027053549699197196
2026-Q1,open_interest_change_1,40,-0.06660418559573557,0.14924377168242642,-0.008468095199714476,-0.3390125218145521,0.02987340861603436
2026-Q2,momentum_5,46,0.02215093021468124,0.04757765716007106,0.03099619621041083,-0.04296745847368039,0.0750157242303956
2026-Q2,range_pct_1,46,0.020451328087739935,0.009105725931585743,0.01829610754370987,0.01056685050109819,0.03488967901662644
2026-Q2,open_interest_change_1,46,-0.06999065613741819,0.1685901513353406,-0.005060046659081163,-0.40619113593590755,0.03377179102013017
2026-Q3,momentum_5,48,0.008431333969405173,0.03973170330483396,0.01677858892984796,-0.03538666082214903,0.04387492993834344
2026-Q3,range_pct_1,48,0.018900891764415,0.010537185898093528,0.01617605400228791,0.00890713974329645,0.03240632045125177
2026-Q3,open_interest_change_1,48,-0.07446557401787585,0.17178262361166918,-0.01235008744711813,-0.40082363480477956,0.011604092334838455
2026-Q4,momentum_5,1,0.009161950956615428,0.0,0.009161950956615428,0.009161950956615428,0.009161950956615428
2026-Q4,range_pct_1,1,0.011317654308308514,0.0,0.011317654308308514,0.011317654308308514,0.011317654308308514
2026-Q4,open_interest_change_1,1,0.021336573050237728,0.0,0.021336573050237728,0.021336573050237728,0.021336573050237728
