feature,quintile,count,minimum,maximum,actualPositiveRate,thresholds,classification
momentum_5,1,55,-0.17165005537098565,-0.015418953697588056,0.4727272727272727,"[-0.015396480417905844,0.00743063689478154,0.02145319756133017,0.0385947365783042]",POST-HOC DESCRIPTIVE DIAGNOSTIC; NOT FORECAST INPUT
momentum_5,2,54,-0.015306587299176999,0.007394138049319654,0.5370370370370371,"[-0.015396480417905844,0.00743063689478154,0.02145319756133017,0.0385947365783042]",POST-HOC DESCRIPTIVE DIAGNOSTIC; NOT FORECAST INPUT
momentum_5,3,54,0.007485385162974367,0.021222679759265173,0.6111111111111112,"[-0.015396480417905844,0.00743063689478154,0.02145319756133017,0.0385947365783042]",POST-HOC DESCRIPTIVE DIAGNOSTIC; NOT FORECAST INPUT
momentum_5,4,54,0.021606876096040173,0.03785760378576031,0.5740740740740741,"[-0.015396480417905844,0.00743063689478154,0.02145319756133017,0.0385947365783042]",POST-HOC DESCRIPTIVE DIAGNOSTIC; NOT FORECAST INPUT
momentum_5,5,55,0.03877901977644016,0.11621069417451535,0.4909090909090909,"[-0.015396480417905844,0.00743063689478154,0.02145319756133017,0.0385947365783042]",POST-HOC DESCRIPTIVE DIAGNOSTIC; NOT FORECAST INPUT
range_pct_1,1,55,0.0,0.008199957481701946,0.6,"[0.008201131284390475,0.01110489641986497,0.014535360016977462,0.0195872942186939]",POST-HOC DESCRIPTIVE DIAGNOSTIC; NOT FORECAST INPUT
range_pct_1,2,54,0.008205826495144588,0.011089891054299231,0.5,"[0.008201131284390475,0.01110489641986497,0.014535360016977462,0.0195872942186939]",POST-HOC DESCRIPTIVE DIAGNOSTIC; NOT FORECAST INPUT
range_pct_1,3,54,0.011127404468213578,0.014474265247043816,0.5740740740740741,"[0.008201131284390475,0.01110489641986497,0.014535360016977462,0.0195872942186939]",POST-HOC DESCRIPTIVE DIAGNOSTIC; NOT FORECAST INPUT
range_pct_1,4,54,0.014576089863599893,0.019564969821204873,0.5,"[0.008201131284390475,0.01110489641986497,0.014535360016977462,0.0195872942186939]",POST-HOC DESCRIPTIVE DIAGNOSTIC; NOT FORECAST INPUT
range_pct_1,5,55,0.01959287531806616,0.06667054173448035,0.509090909090909,"[0.008201131284390475,0.01110489641986497,0.014535360016977462,0.0195872942186939]",POST-HOC DESCRIPTIVE DIAGNOSTIC; NOT FORECAST INPUT
open_interest_change_1,1,55,-0.47610782731123547,-0.035330916328996986,0.6181818181818182,"[-0.03517090770894795,-0.012662375771720424,0.0001264867690187625,0.015312940827367429]",POST-HOC DESCRIPTIVE DIAGNOSTIC; NOT FORECAST INPUT
open_interest_change_1,2,54,-0.03453087322875181,-0.012724620589056879,0.48148148148148145,"[-0.03517090770894795,-0.012662375771720424,0.0001264867690187625,0.015312940827367429]",POST-HOC DESCRIPTIVE DIAGNOSTIC; NOT FORECAST INPUT
open_interest_change_1,3,54,-0.012569008545715743,5.307221802075546e-05,0.5185185185185185,"[-0.03517090770894795,-0.012662375771720424,0.0001264867690187625,0.015312940827367429]",POST-HOC DESCRIPTIVE DIAGNOSTIC; NOT FORECAST INPUT
open_interest_change_1,4,54,0.00017542980301743505,0.015183322755455642,0.4444444444444444,"[-0.03517090770894795,-0.012662375771720424,0.0001264867690187625,0.015312940827367429]",POST-HOC DESCRIPTIVE DIAGNOSTIC; NOT FORECAST INPUT
open_interest_change_1,5,55,0.015345345345345374,0.06787093936019573,0.6181818181818182,"[-0.03517090770894795,-0.012662375771720424,0.0001264867690187625,0.015312940827367429]",POST-HOC DESCRIPTIVE DIAGNOSTIC; NOT FORECAST INPUT
