rank,forecastDate,targetDate,forecast,target,squaredError,trainingBaseRate,trainingSampleCount,feature_momentum_5,feature_range_pct_1,feature_open_interest_change_1,coef_intercept,coef_momentum_5,coef_range_pct_1,coef_open_interest_change_1
1,2025-04-11,2025-04-14,0.032726695017327126,1,0.9356176465321028,0.4489795918367347,49,-0.08355238452872704,0.05762138905961893,-0.06380579781019913,-0.21810086498945605,-0.8799636032344584,-1.0032673553864024,0.4294653573013267
2,2025-04-10,2025-04-11,0.9626739152441287,0,0.9267410670914599,0.4583333333333333,48,-0.10759643076342007,0.0,-0.019003198294243018,-0.1650336120347238,-0.8205597478762044,-0.6486941154401178,0.4351759165833222
3,2025-04-14,2025-04-15,0.06581580634734374,1,0.8727001076704636,0.44,50,0.01690405384254179,0.02729464881227233,-0.38170552984024264,-0.2697728069880602,-0.3755956739683148,-0.5080637975057,0.43756296100582426
4,2025-04-08,2025-04-09,0.13792446884740886,1,0.7431742214120222,0.43478260869565216,46,-0.15798731657640142,0.04123144584936778,0.027607999667373484,-0.3167454065845316,-0.45021093477614615,-0.7148225739325675,0.3970534953420082
5,2026-04-23,2026-04-24,0.29090574371509337,1,0.5028146642962449,0.5225225225225225,222,0.006109709124717755,0.04433003300330033,-0.038945726532467084,0.08963050849678064,0.007092558437885533,-0.23937582383437603,-0.1674033748372372
6,2026-08-17,2026-08-18,0.6969163628279611,0,0.4856924167773543,0.5265017667844523,283,0.02002800809122629,0.008760460251046025,-0.3933174450728607,0.10930808053976897,0.09220861240120422,0.0035309133449974257,-0.20364453655285547
7,2025-05-19,2025-05-20,0.3208139127705896,1,0.4612937410859963,0.5147058823529411,68,0.022405772334567642,0.011560962020614728,-0.4143628152880273,0.05688026876018261,-0.07363598153548577,-0.15852744757943193,0.2243054070230321
8,2026-07-29,2026-07-30,0.3345024898779956,1,0.44288693597858736,0.5185185185185185,270,-0.09497882637628552,0.06506238859180036,0.03346889792652852,0.07736351960795348,0.06845089628642659,-0.07300898754969962,-0.22000892543585068
9,2025-03-06,2025-03-07,0.3788106586200961,1,0.3858761978439988,0.3870967741935484,31,-0.028094445156056524,0.013750384395729913,-0.02343014076658756,-0.4919502374630781,-0.22111635090940662,-0.4543357719349515,0.20729230895021059
10,2026-03-13,2026-03-16,0.3865893174556882,1,0.3762726654594784,0.5072463768115942,207,-0.01154165677664376,0.025664115263394866,-0.049729933594644504,0.02467762310556912,0.0014525712166585532,-0.2865677902151543,-0.1246887217722298
11,2025-06-16,2025-06-17,0.38894617675553816,1,0.37338677490167393,0.5185185185185185,81,0.014037833110875919,0.00875998547567175,-0.47610782731123547,0.07369303639528134,0.0047336655442749296,-0.10804969584633421,0.14174596100830655
12,2026-04-24,2026-04-27,0.4029433469661639,1,0.3564766469319666,0.5201793721973094,223,0.05773535043011613,0.024882724862329186,0.020025559105431245,0.080221280085093,-0.001073721860681635,-0.24111294813361456,-0.16961605169809058
13,2026-05-28,2026-05-29,0.4051361012754527,1,0.35386305800576856,0.525,240,0.05712150073541822,0.04310934720131381,0.04542127017377884,0.1021899620972896,0.03885939127171039,-0.1068151850430794,-0.1858131814597117
14,2025-03-31,2025-04-01,0.5929522299543344,0,0.35159234700781783,0.42857142857142855,42,-0.06277075812274369,0.01641870094852906,-0.016484774479126885,-0.3340590320536153,-0.5042873795279847,-0.6393943450497956,0.40052072744564093
15,2025-07-03,2025-07-04,0.5743021382549429,0,0.3298229460041996,0.5454545454545454,88,0.025229461500203554,0.007453142227122381,-0.0021286660359508547,0.18270702370809044,0.07165884435659918,-0.08900330947702874,0.06604614844859882
16,2025-04-25,2025-04-28,0.42602281765475897,1,0.3294498058529821,0.4528301886792453,53,0.028091050181065613,0.008051124641473355,-0.002366063883724845,-0.19323903874541726,-0.20907637205886762,-0.13334500666337254,0.17693655629291943
17,2025-03-05,2025-03-06,0.427237901397509,1,0.32805642159552967,0.4,30,-0.0176402420704751,0.012670394966794826,5.307221802075546e-05,-0.42659293803628096,-0.25370477339394576,-0.30568802510935655,0.24480147469857522
18,2025-04-28,2025-04-29,0.42727614636564787,1,0.3280126125217829,0.46296296296296297,54,0.045342688098853445,0.006010518407212622,-0.015246484838217889,-0.1516277158069256,-0.17294590311609465,-0.11361611329769351,0.17864762901391526
19,2026-05-15,2026-05-18,0.4298317095930898,1,0.3250918793855387,0.5189873417721519,237,-0.022056894866108734,0.03603823271237686,-0.09751870532832929,0.07661131364488724,0.04746468517813081,-0.1402595529312451,-0.152679868904834
20,2026-01-05,2026-01-06,0.43037935172776765,1,0.32446768293807826,0.5112359550561798,178,0.05719666585289307,0.021014086365585723,0.0087580148499673,0.04351781784315082,-0.02329860782710019,-0.20024003081566422,-0.0752838266084333
