forecastDate,targetDate,forecast,naiveForecast,target,modelSquaredError,naiveSquaredError,modelMinusNaiveLoss,modelBetter,modelWorse,tie
2025-03-05,2025-03-06,0.427237901397509,0.4,1,0.32805642159552967,0.36,-0.03194357840447032,True,False,False
2025-03-06,2025-03-07,0.3788106586200961,0.3870967741935484,1,0.3858761978439988,0.3756503642039542,0.01022583364004459,False,True,False
2025-03-07,2025-03-10,0.5461217969163854,0.40625,1,0.2060054232344109,0.3525390625,-0.1465336392655891,True,False,False
2025-03-10,2025-03-11,0.5035704380263989,0.42424242424242425,1,0.24644231000130146,0.33149678604224053,-0.08505447604093908,True,False,False
2025-03-11,2025-03-12,0.356426912587323,0.4411764705882353,0,0.1270401440165312,0.19463667820069203,-0.06759653418416084,True,False,False
2025-03-12,2025-03-13,0.543989642802627,0.45714285714285713,1,0.20794544587127575,0.2946938775510205,-0.08674843167974475,True,False,False
2025-03-13,2025-03-14,0.21819203834433343,0.4444444444444444,0,0.04760776559685507,0.19753086419753085,-0.1499230986006758,True,False,False
2025-03-14,2025-03-17,0.5681814522405678,0.4594594594594595,0,0.32283016267020065,0.2111029948867787,0.11172716778342195,False,True,False
2025-03-17,2025-03-18,0.4019664261893143,0.4473684210526316,0,0.16157700778340944,0.20013850415512466,-0.038561496371715215,True,False,False
2025-03-26,2025-03-27,0.4804205092674995,0.425,0,0.2308038657248436,0.18062499999999998,0.05017886572484362,False,True,False
2025-03-27,2025-03-28,0.6750720899515343,0.425,1,0.10557814672846379,0.33062499999999995,-0.22504685327153617,True,False,False
2025-03-28,2025-03-31,0.4636747018665444,0.4146341463414634,1,0.28764482541794006,0.3426531826293874,-0.05500835721144731,True,False,False
2025-03-31,2025-04-01,0.5929522299543344,0.42857142857142855,0,0.35159234700781783,0.18367346938775508,0.16791887762006275,False,True,False
2025-04-01,2025-04-02,0.49990520043638836,0.4418604651162791,0,0.24990520942334563,0.19524067063277448,0.05466453879057115,False,True,False
2025-04-02,2025-04-07,0.6995685795182939,0.4318181818181818,1,0.09025903841265571,0.3228305785123966,-0.2325715400997409,True,False,False
2025-04-07,2025-04-08,0.9610335793578003,0.4222222222222222,1,0.0015183819376648456,0.3338271604938271,-0.33230877855616225,True,False,False
2025-04-08,2025-04-09,0.13792446884740886,0.43478260869565216,1,0.7431742214120222,0.3194706994328923,0.42370352197912986,False,True,False
2025-04-09,2025-04-10,0.00386433828249795,0.44680851063829785,0,1.4933110361579207e-05,0.19963784517881392,-0.19962291206845234,True,False,False
2025-04-10,2025-04-11,0.9626739152441287,0.4583333333333333,0,0.9267410670914599,0.21006944444444442,0.7166716226470154,False,True,False
2025-04-11,2025-04-14,0.032726695017327126,0.4489795918367347,1,0.9356176465321028,0.3036234902124114,0.6319941563196914,False,True,False
2025-04-14,2025-04-15,0.06581580634734374,0.44,1,0.8727001076704636,0.31360000000000005,0.5591001076704636,False,True,False
2025-04-23,2025-04-24,0.45175064307773816,0.46153846153846156,0,0.20407864352114996,0.21301775147928997,-0.008939107958140013,True,False,False
2025-04-24,2025-04-25,0.4395981416767494,0.46153846153846156,1,0.31405024281215266,0.28994082840236685,0.024109414409785812,False,True,False
2025-04-25,2025-04-28,0.42602281765475897,0.4528301886792453,1,0.3294498058529821,0.2993948024207903,0.030055003432191807,False,True,False
2025-04-28,2025-04-29,0.42727614636564787,0.46296296296296297,1,0.3280126125217829,0.28840877914951984,0.03960383337226303,False,True,False
2025-04-29,2025-04-30,0.4368299071192548,0.4727272727272727,0,0.19082036775381678,0.22347107438016528,-0.0326507066263485,True,False,False
2025-04-30,2025-05-02,0.47895954639649746,0.48214285714285715,1,0.2714831542913436,0.2681760204081632,0.0033071338831804353,False,True,False
2025-05-02,2025-05-05,0.44331295348473493,0.47368421052631576,0,0.19652637472735876,0.22437673130193903,-0.027850356574580265,True,False,False
2025-05-05,2025-05-06,0.43112799703527244,0.4827586206896552,0,0.1858713498276459,0.2330558858501784,-0.0471845360225325,True,False,False
2025-05-06,2025-05-07,0.4612815972230578,0.4745762711864407,1,0.2902175174905398,0.27607009480034467,0.014147422690195144,False,True,False
2025-05-07,2025-05-08,0.4477115049913086,0.4666666666666667,1,0.30502258171896546,0.28444444444444444,0.020578137274521013,False,True,False
2025-05-08,2025-05-09,0.4697725557933406,0.47540983606557374,1,0.2811411425899262,0.2751948400967482,0.005946302493177957,False,True,False
2025-05-09,2025-05-12,0.49386244631244,0.4838709677419355,1,0.25617522325282777,0.26638917793964617,-0.010213954686818405,True,False,False
2025-05-12,2025-05-13,0.5056208923529493,0.49206349206349204,1,0.24441070207789417,0.25799949609473416,-0.013588794016839989,True,False,False
2025-05-13,2025-05-14,0.4793372034557801,0.5,1,0.2710897477052477,0.25,0.021089747705247686,False,True,False
2025-05-14,2025-05-15,0.5040692823391554,0.5076923076923077,0,0.2540858413979111,0.2577514792899408,-0.0036656378920296717,True,False,False
2025-05-15,2025-05-16,0.5299192570501221,0.5151515151515151,1,0.22097590489230917,0.23507805325987147,-0.014102148367562295,True,False,False
2025-05-16,2025-05-19,0.4716117886119724,0.5074626865671642,0,0.22241767915778374,0.2575183782579639,-0.03510069910018018,True,False,False
2025-05-19,2025-05-20,0.3208139127705896,0.5147058823529411,1,0.4612937410859963,0.2355103806228374,0.2257833604631589,False,True,False
2025-05-28,2025-05-29,0.5163745454578091,0.5142857142857142,0,0.266642671196759,0.2644897959183673,0.002152875278391697,False,True,False
2025-05-29,2025-06-02,0.5166752355640687,0.5142857142857142,1,0.23360282791704848,0.23591836734693883,-0.002315539429890351,True,False,False
2025-06-02,2025-06-03,0.5316467969111983,0.5070422535211268,0,0.2826483166659369,0.25709184685578257,0.02555646981015436,False,True,False
2025-06-03,2025-06-04,0.5209954354494171,0.5138888888888888,0,0.2714362437591277,0.26408179012345673,0.007354453635670999,False,True,False
2025-06-04,2025-06-05,0.5166038963288363,0.5068493150684932,1,0.23367179304446245,0.24319759804841432,-0.009525805003951865,True,False,False
2025-06-05,2025-06-06,0.5200265015844501,0.5,1,0.2303745591812619,0.25,-0.0196254408187381,True,False,False
2025-06-06,2025-06-09,0.5350893087107926,0.5066666666666667,1,0.21614195087500868,0.24337777777777775,-0.027235826902769072,True,False,False
2025-06-09,2025-06-10,0.5347669325276627,0.5131578947368421,1,0.21644180706972033,0.23701523545706368,-0.020573428387343357,True,False,False
2025-06-10,2025-06-11,0.5112990247619426,0.5194805194805194,1,0.23882864319862843,0.23089897115871147,0.007929672039916957,False,True,False
2025-06-11,2025-06-12,0.5505147773480782,0.5256410256410257,0,0.30306652007860413,0.2762984878369494,0.02676803224165475,False,True,False
2025-06-12,2025-06-13,0.5690318434345648,0.5316455696202531,0,0.3237972388425391,0.2826470116968434,0.04115022714569566,False,True,False
2025-06-13,2025-06-16,0.5177002196651792,0.525,1,0.2326130781110164,0.225625,0.006988078111016399,False,True,False
2025-06-16,2025-06-17,0.38894617675553816,0.5185185185185185,1,0.37338677490167393,0.2318244170096022,0.14156235789207172,False,True,False
2025-06-25,2025-06-26,0.5555094622187848,0.5301204819277109,0,0.30859076261460355,0.28102772535926845,0.0275630372553351,False,True,False
2025-06-26,2025-06-27,0.5534577267862205,0.5301204819277109,1,0.19940000176692968,0.22078676150384668,-0.021386759736917005,True,False,False
2025-06-27,2025-06-30,0.535778066030947,0.5238095238095238,1,0.2155020039779678,0.22675736961451246,-0.011255365636544667,True,False,False
2025-06-30,2025-07-01,0.5526543266069041,0.5294117647058824,1,0.20011815150352247,0.22145328719723184,-0.021335135693709373,True,False,False
2025-07-01,2025-07-02,0.5315991860096837,0.5348837209302325,1,0.2193993225467909,0.21633315305570583,0.003066169491085069,False,True,False
2025-07-02,2025-07-03,0.5590599917204351,0.5402298850574713,1,0.19442809090158278,0.21138855859426608,-0.016960467692683306,True,False,False
2025-07-03,2025-07-04,0.5743021382549429,0.5454545454545454,0,0.3298229460041996,0.29752066115702475,0.032302284847174845,False,True,False
2025-07-04,2025-07-07,0.5557207792596763,0.550561797752809,0,0.3088255845009819,0.303118293144805,0.0057072913561769245,False,True,False
2025-07-07,2025-07-08,0.5560231459574332,0.5444444444444444,0,0.30916173884040105,0.2964197530864197,0.012741985753981333,False,True,False
2025-07-08,2025-07-09,0.5442307922547456,0.5384615384615384,0,0.29618715523822803,0.28994082840236685,0.006246326835861182,False,True,False
2025-07-09,2025-07-10,0.5324858282691007,0.532608695652174,1,0.21856950076922876,0.21845463137996216,0.00011486938926660861,False,True,False
2025-07-10,2025-07-11,0.5332867824610799,0.5268817204301075,0,0.2843947923476911,0.27760434732338996,0.0067904450243011505,False,True,False
2025-07-11,2025-07-14,0.5350581867217878,0.5319148936170213,0,0.28628726317800757,0.282933454051607,0.003353809126400542,False,True,False
2025-07-14,2025-07-15,0.5010783268009456,0.5263157894736842,1,0.2489228359877441,0.22437673130193908,0.02454610468580501,False,True,False
2025-07-23,2025-07-24,0.5321416196980945,0.5257731958762887,1,0.21889146401872245,0.22489106174938886,-0.005999597730666412,True,False,False
2025-07-24,2025-07-25,0.5402951137492011,0.5257731958762887,0,0.2919188099412622,0.27643745350196625,0.015481356439295935,False,True,False
2025-07-25,2025-07-28,0.5498986084328814,0.5306122448979592,0,0.30238847955641945,0.2815493544356518,0.020839125120767632,False,True,False
2025-07-28,2025-07-29,0.5346626011015032,0.5252525252525253,0,0.28586409701662513,0.27589021528415475,0.00997388173247038,False,True,False
2025-07-29,2025-07-30,0.5200398639807365,0.52,1,0.2303617321676299,0.2304,-3.826783237009801e-05,True,False,False
2025-07-30,2025-07-31,0.5209502152678611,0.5148514851485149,1,0.2294886962519086,0.2353690814626017,-0.00588038521069309,True,False,False
2025-07-31,2025-08-01,0.5245625525929564,0.5196078431372549,0,0.2751658715828381,0.26999231064975016,0.005173560933087962,False,True,False
2025-08-01,2025-08-04,0.5204252837009165,0.5242718446601942,0,0.27084247591517935,0.27486096710340274,-0.004018491188223394,True,False,False
2025-08-04,2025-08-05,0.5171970669375512,0.5192307692307693,0,0.2674928060488058,0.2696005917159764,-0.0021077856671705697,True,False,False
2025-08-05,2025-08-06,0.5274162022618021,0.5142857142857142,0,0.27816785040826214,0.2644897959183673,0.013678054489894842,False,True,False
2025-08-06,2025-08-07,0.524818195609803,0.5094339622641509,1,0.22579774722352342,0.24065503737985047,-0.014857290156327058,True,False,False
2025-08-07,2025-08-08,0.4987596540893006,0.5046728971962616,0,0.2487611925472788,0.25469473316446845,-0.005933540617189648,True,False,False
2025-08-08,2025-08-11,0.5278489234160113,0.5092592592592593,1,0.22292663911941957,0.24082647462277088,-0.017899835503351308,True,False,False
2025-08-11,2025-08-12,0.49944322190411855,0.5045871559633027,0,0.2494435319059666,0.2546081979631344,-0.005164666057167783,True,False,False
2025-08-12,2025-08-13,0.5282024670167825,0.509090909090909,1,0.2225929121290502,0.24099173553719014,-0.018398823408139947,True,False,False
2025-08-13,2025-08-14,0.5078183338063388,0.5045045045045045,0,0.25787946014984614,0.25452479506533554,0.0033546650845105996,False,True,False
2025-08-14,2025-08-15,0.5292153584910182,0.5089285714285714,1,0.2216381786807405,0.24115114795918371,-0.019512969278443204,True,False,False
2025-08-15,2025-08-18,0.528402888823607,0.504424778761062,1,0.2224038352699192,0.2455947999060224,-0.023190964636103206,True,False,False
2025-08-18,2025-08-19,0.5493125894975639,0.5087719298245614,0,0.3017443209805191,0.25884887657740846,0.04289544440311066,False,True,False
2025-08-27,2025-08-28,0.5278707063982625,0.5086206896551724,0,0.27864748267340067,0.25869500594530315,0.019952476728097523,False,True,False
2025-08-28,2025-08-29,0.520969092657627,0.5086206896551724,1,0.22947061018925713,0.24145362663495842,-0.011983016445701294,True,False,False
2025-08-29,2025-09-01,0.5146663557622518,0.5042735042735043,0,0.2648814577535968,0.2542917671122799,0.010589690641316873,False,True,False
2025-09-01,2025-09-02,0.4903379239802919,0.5084745762711864,1,0.25975543173271876,0.24159724217178974,0.018158189560929017,False,True,False
2025-09-02,2025-09-03,0.491698916573993,0.5042016806722689,0,0.24176782456003854,0.2542193347927406,-0.012451510232702079,True,False,False
2025-09-03,2025-09-04,0.5274054180315796,0.5083333333333333,0,0.2781564749690652,0.25840277777777776,0.019753697191287445,False,True,False
2025-09-04,2025-09-05,0.5114263355976255,0.5041322314049587,0,0.26155689674281507,0.2541493067413428,0.007407590001472286,False,True,False
2025-09-05,2025-09-08,0.5196986027491178,0.5,1,0.2306894322011497,0.25,-0.019310567798850292,True,False,False
2025-09-08,2025-09-09,0.5127293464177746,0.4959349593495935,1,0.23743268984244914,0.25408156520589603,-0.01664887536344689,True,False,False
2025-09-09,2025-09-10,0.5130888556551882,0.5,1,0.2370824624871741,0.25,-0.0129175375128259,True,False,False
2025-09-10,2025-09-11,0.5032213103224458,0.504,1,0.24678906651774773,0.24601599999999998,0.0007730665177477503,False,True,False
2025-09-11,2025-09-12,0.5119025522581462,0.5079365079365079,1,0.2382391184921117,0.24212648022171834,-0.003887361729606631,True,False,False
2025-09-12,2025-09-15,0.5485821338635443,0.5118110236220472,0,0.3009423575942796,0.2619505239010478,0.03899183369323184,False,True,False
2025-09-15,2025-09-16,0.5413444664647682,0.515625,1,0.21036489844248815,0.234619140625,-0.024254242182511848,True,False,False
2025-09-24,2025-09-25,0.5219830028261466,0.5153846153846153,0,0.272466255239401,0.26562130177514787,0.006844953464253123,False,True,False
2025-09-25,2025-09-26,0.5328702023763727,0.5153846153846153,0,0.2839506525806364,0.26562130177514787,0.01832935080548853,False,True,False
2025-09-26,2025-09-30,0.48139013648057494,0.5114503816793893,0,0.23173646350078655,0.261581492919993,-0.029845029419206442,True,False,False
2025-09-30,2025-10-01,0.5121283032236147,0.5075757575757576,1,0.23801879251546926,0.24248163452708907,-0.004462842011619811,True,False,False
2025-10-01,2025-10-02,0.48895102324827,0.5037593984962406,0,0.23907310313553026,0.2537735315732942,-0.014700428437763924,True,False,False
2025-10-02,2025-10-03,0.5280405839754514,0.5074626865671642,1,0.22274569037423295,0.24259300512363552,-0.019847314749402573,True,False,False
2025-10-03,2025-10-07,0.49220924743059097,0.5037037037037037,1,0.25785144839500673,0.24631001371742117,0.01154143467758556,False,True,False
2025-10-07,2025-10-08,0.5057611119934698,0.5073529411764706,0,0.25579430240487117,0.2574070069204152,-0.0016127045155440167,True,False,False
2025-10-08,2025-10-09,0.5360989452091184,0.5109489051094891,1,0.21520418863609256,0.2391709734136075,-0.023966784777514932,True,False,False
2025-10-09,2025-10-13,0.5321650229326389,0.5072463768115942,0,0.2831996116328961,0.25729888678848983,0.025900724844406253,False,True,False
2025-10-13,2025-10-14,0.49945371663693,0.5107913669064749,0,0.24945401506244277,0.26090782050618505,-0.011453805443742276,True,False,False
2025-10-22,2025-10-23,0.5136989340622973,0.5035460992907801,0,0.26388659485674043,0.25355867411096017,0.010327920745780261,False,True,False
2025-10-23,2025-10-27,0.5077449654261295,0.5035460992907801,0,0.2578049499155814,0.25355867411096017,0.0042462758046212246,False,True,False
2025-10-27,2025-10-28,0.5201012823881045,0.5,0,0.2705053439417508,0.25,0.020505343941750798,False,True,False
2025-10-28,2025-10-29,0.5087878432815236,0.4965034965034965,1,0.24128938290801702,0.2535087290332046,-0.012219346125187575,True,False,False
2025-10-29,2025-10-30,0.506750930375409,0.4930555555555556,0,0.2567965054363426,0.24310378086419757,0.013692724572145015,False,True,False
2025-10-30,2025-10-31,0.4870710461320355,0.496551724137931,1,0.2630961117160844,0.2534601664684899,0.00963594524759448,False,True,False
2025-10-31,2025-11-03,0.5097765139200486,0.4931506849315068,0,0.25987209414447754,0.24319759804841432,0.016674496096063224,False,True,False
2025-11-03,2025-11-04,0.49307956713234247,0.4965986394557823,0,0.24312745952341822,0.24661020870933406,-0.0034827491859158455,True,False,False
2025-11-04,2025-11-05,0.4676074329491118,0.49324324324324326,0,0.21865671134925807,0.24328889700511325,-0.024632185655855177,True,False,False
2025-11-05,2025-11-06,0.47434072795344273,0.4899328859060403,0,0.22499912619540197,0.24003423269222107,-0.015035106496819106,True,False,False
2025-11-06,2025-11-07,0.5060751669451921,0.4866666666666667,1,0.2439617407082199,0.2635111111111111,-0.019549370402891175,True,False,False
2025-11-07,2025-11-10,0.5023019918899472,0.48344370860927155,0,0.25230729105660854,0.23371781939388625,0.01858947166272229,False,True,False
2025-11-10,2025-11-11,0.4907886617241567,0.4868421052631579,1,0.2592961870286753,0.26333102493074784,-0.004034837902072541,True,False,False
2025-11-11,2025-11-12,0.4671533682547125,0.48366013071895425,0,0.21823226947172303,0.2339271220470759,-0.015694852575352886,True,False,False
2025-11-12,2025-11-13,0.5047732500204215,0.487012987012987,0,0.25479603393617895,0.23718164951931187,0.01761438441686708,False,True,False
2025-11-13,2025-11-14,0.5015336495004212,0.4838709677419355,1,0.2484687025803689,0.26638917793964617,-0.017920475359277266,True,False,False
2025-11-14,2025-11-17,0.49665188560281726,0.4807692307692308,0,0.24666309547283388,0.23113905325443787,0.015524042218396011,False,True,False
2025-11-17,2025-11-18,0.5343197306206694,0.4840764331210191,1,0.21685811328920593,0.26617712686113026,-0.049319013571924336,True,False,False
2025-11-26,2025-11-27,0.47831433231680054,0.48427672955974843,1,0.2721559358660656,0.2659704916735889,0.006185444192476741,False,True,False
2025-11-27,2025-11-28,0.5104193541092322,0.48427672955974843,1,0.23968920883082134,0.2659704916735889,-0.02628128284276754,True,False,False
2025-11-28,2025-12-01,0.4813723242159614,0.4875,0,0.23171931452107664,0.23765624999999999,-0.00593693547892335,True,False,False
2025-12-01,2025-12-02,0.49660424599285763,0.4906832298136646,1,0.25340728515241934,0.25940357239304046,-0.005996287240621123,True,False,False
2025-12-02,2025-12-03,0.4914319389802808,0.4876543209876543,1,0.25864147268935683,0.2624980948026216,-0.0038566221132647627,True,False,False
2025-12-03,2025-12-04,0.5094372622496072,0.49079754601226994,1,0.2406517996691607,0.2592871391471263,-0.018635339477965612,True,False,False
2025-12-04,2025-12-05,0.5124826568978329,0.49390243902439024,1,0.2376731598253961,0.25613474122546104,-0.01846158140006493,True,False,False
2025-12-05,2025-12-08,0.5028568275972379,0.49696969696969695,1,0.24715133386668242,0.2530394857667585,-0.005888151900076077,True,False,False
2025-12-08,2025-12-09,0.49960507909189233,0.5,0,0.249605235054416,0.25,-0.0003947649455839919,True,False,False
2025-12-09,2025-12-10,0.5377725550579137,0.5029940119760479,1,0.21365421085768946,0.24701495213166486,-0.0333607412739754,True,False,False
2025-12-10,2025-12-11,0.5246299863055238,0.5,0,0.2752366225309341,0.25,0.025236622530934116,False,True,False
2025-12-11,2025-12-12,0.4438452891948836,0.5029585798816568,1,0.3093080623507226,0.24705017331325932,0.06225788903746329,False,True,False
2025-12-12,2025-12-15,0.5348752415549461,0.5,0,0.286091524028462,0.25,0.036091524028461996,False,True,False
2025-12-15,2025-12-16,0.5656699496527139,0.5029239766081871,1,0.1886425926346761,0.2470845730310181,-0.05844198039634202,True,False,False
2025-12-24,2025-12-26,0.5199631072417877,0.5028901734104047,1,0.23043541840895937,0.24711817969193756,-0.016682761282978187,True,False,False
2025-12-26,2025-12-29,0.5161856755611481,0.5028901734104047,1,0.23407630053222261,0.24711817969193756,-0.013041879159714942,True,False,False
2025-12-29,2025-12-30,0.5003377414402381,0.5057471264367817,0,0.2503378555095186,0.255780155899062,-0.0054423003895434086,True,False,False
2025-12-30,2025-12-31,0.5268093627423694,0.5085714285714286,1,0.2239093791882825,0.24150204081632654,-0.017592661628044043,True,False,False
2025-12-31,2026-01-02,0.5150120146498333,0.5056818181818182,1,0.23521334593401355,0.244350464876033,-0.009137118942019462,True,False,False
2026-01-02,2026-01-05,0.4599998748552949,0.5084745762711864,1,0.2916001351562971,0.24159724217178974,0.050002892984507386,False,True,False
2026-01-05,2026-01-06,0.43037935172776765,0.5112359550561798,1,0.32446768293807826,0.23889029162984468,0.08557739130823358,False,True,False
2026-01-06,2026-01-07,0.4784957104688809,0.5139664804469274,0,0.2289581449371191,0.26416154302300177,-0.03520339808588266,True,False,False
2026-01-07,2026-01-08,0.5437561798975212,0.5166666666666667,0,0.29567078317674544,0.2669444444444445,0.02872633873230096,False,True,False
2026-01-08,2026-01-09,0.520131428824708,0.5138121546961326,0,0.27053670325123225,0.26400293031348254,0.0065337729377497045,False,True,False
2026-01-09,2026-01-12,0.46137940030415037,0.510989010989011,1,0.2901121504167167,0.23913174737350565,0.050980403043211026,False,True,False
2026-01-12,2026-01-13,0.5314698339148494,0.5081967213114754,1,0.21952051653177884,0.24187046492878259,-0.022349948397003744,True,False,False
2026-01-13,2026-01-14,0.45769897136941834,0.5108695652173914,1,0.2940904056537869,0.23924858223062376,0.054841823423163155,False,True,False
2026-01-14,2026-01-15,0.5250586852898634,0.5135135135135135,1,0.225569252418593,0.23666910153396642,-0.011099849115373428,True,False,False
2026-01-15,2026-01-16,0.5175584977222188,0.5161290322580645,1,0.23274980312004231,0.2341311134235172,-0.0013813103034748808,True,False,False
2026-01-16,2026-01-19,0.5191498186966303,0.5187165775401069,1,0.23121689685948346,0.23163373273470791,-0.00041683587522445276,True,False,False
2026-01-19,2026-01-20,0.5210091991798155,0.5212765957446809,1,0.2294321872703617,0.2291760977818017,0.00025608948855998515,False,True,False
2026-01-28,2026-01-29,0.537147612981751,0.5263157894736842,0,0.28852755813199293,0.27700831024930744,0.01151924788268549,False,True,False
2026-01-29,2026-01-30,0.5102727976566488,0.5263157894736842,0,0.26037832802834326,0.27700831024930744,-0.01662998222096418,True,False,False
2026-01-30,2026-02-02,0.510437001931226,0.5235602094240838,0,0.2605459329405384,0.27411529289219044,-0.013569359951652038,True,False,False
2026-02-02,2026-02-03,0.47722189482198957,0.5208333333333334,0,0.22774073689749008,0.27126736111111116,-0.04352662421362108,True,False,False
2026-02-03,2026-02-04,0.5029024826592193,0.5181347150259067,0,0.2529109070648064,0.2684635829149775,-0.015552675850171116,True,False,False
2026-02-04,2026-02-05,0.4980629400915772,0.5154639175257731,1,0.2519408121095116,0.23477521521947078,0.017165596890040796,False,True,False
2026-02-05,2026-02-06,0.5037348852418714,0.5128205128205128,1,0.24627906412589856,0.23734385272846817,0.008935211397430393,False,True,False
2026-02-06,2026-02-09,0.47667432921149916,0.5153061224489796,0,0.2272184161292327,0.2655403998334027,-0.03832198370417003,True,False,False
2026-02-09,2026-02-10,0.5289936187684171,0.5177664974619289,1,0.22184701116087122,0.2325491509701358,-0.010702139809264571,True,False,False
2026-02-10,2026-02-11,0.564266380286324,0.5151515151515151,1,0.1898637873487824,0.23507805325987147,-0.04521426591108907,True,False,False
2026-03-03,2026-03-04,0.4129915993043969,0.52,0,0.17056206109600353,0.27040000000000003,-0.0998379389039965,True,False,False
2026-03-04,2026-03-05,0.41233975937286604,0.52,0,0.17002407715967308,0.27040000000000003,-0.10037592284032695,True,False,False
2026-03-05,2026-03-06,0.42799735438733083,0.5174129353233831,0,0.18318173536255447,0.2677161456399594,-0.08453441027740491,True,False,False
2026-03-06,2026-03-09,0.462528165769173,0.5148514851485149,1,0.2888759725914496,0.2353690814626017,0.053506891128847905,False,True,False
2026-03-09,2026-03-10,0.3646593732821667,0.5123152709359606,0,0.13297645852254258,0.26246693683418676,-0.12949047831164417,True,False,False
2026-03-10,2026-03-11,0.384378572101493,0.5147058823529411,0,0.14774688669078265,0.26492214532871966,-0.11717525863793701,True,False,False
2026-03-11,2026-03-12,0.3707449896660248,0.5121951219512195,0,0.13745184736246085,0.26234384295062463,-0.12489199558816377,True,False,False
2026-03-12,2026-03-13,0.45783855535408235,0.5097087378640777,1,0.29393903206054844,0.24038552172683572,0.05355351033371272,False,True,False
2026-03-13,2026-03-16,0.3865893174556882,0.5072463768115942,1,0.3762726654594784,0.24280613316530136,0.13346653229417704,False,True,False
2026-03-16,2026-03-17,0.5483193738691623,0.5096153846153846,1,0.20401538802194558,0.2404770710059172,-0.03646168298397162,True,False,False
2026-03-25,2026-03-26,0.48494690649533867,0.5142857142857142,1,0.2652796891287214,0.23591836734693883,0.02936132178178258,False,True,False
2026-03-26,2026-03-27,0.4379401102196678,0.5142857142857142,1,0.3159113196998791,0.23591836734693883,0.0799929523529403,False,True,False
2026-03-27,2026-03-30,0.463879380248903,0.5165876777251185,1,0.2874253189223004,0.23368747332719392,0.05373784559510647,False,True,False
2026-03-30,2026-03-31,0.4444705819602277,0.5188679245283019,1,0.30861293430760806,0.2314880740477038,0.07712486025990425,False,True,False
2026-03-31,2026-04-01,0.4487440357902435,0.5211267605633803,0,0.20137120965731536,0.27157310057528267,-0.0702018909179673,True,False,False
2026-04-01,2026-04-02,0.47841117619140605,0.5233644859813084,1,0.27205490112203246,0.2271814132238624,0.044873487898170056,False,True,False
2026-04-02,2026-04-07,0.35820262488180277,0.5209302325581395,0,0.12830912047221352,0.2713683071930773,-0.1430591867208638,True,False,False
2026-04-07,2026-04-08,0.5088066507808093,0.5231481481481481,1,0.2412709063171658,0.22738768861454048,0.013883217702625322,False,True,False
2026-04-08,2026-04-09,0.4707238344325094,0.5207373271889401,0,0.22158092830284454,0.2711673639278812,-0.04958643562503667,True,False,False
2026-04-09,2026-04-10,0.543934410983394,0.5229357798165137,1,0.20799582148506376,0.22759027017927785,-0.01959444869421409,True,False,False
2026-04-10,2026-04-13,0.5284674588449494,0.5205479452054794,0,0.27927785505803826,0.27097016325764683,0.008307691800391426,False,True,False
2026-04-13,2026-04-14,0.6656991422896973,0.5227272727272727,1,0.11175706346584406,0.22778925619834714,-0.11603219273250308,True,False,False
2026-04-22,2026-04-23,0.5210970031240991,0.5225225225225225,0,0.27154208666491736,0.27302978654330007,-0.001487699878382709,True,False,False
2026-04-23,2026-04-24,0.29090574371509337,0.5225225225225225,1,0.5028146642962449,0.227984741498255,0.2748299227979899,False,True,False
2026-04-24,2026-04-27,0.4029433469661639,0.5201793721973094,1,0.3564766469319666,0.23022783486496817,0.12624881206699845,False,True,False
2026-04-27,2026-04-28,0.5028055609517378,0.5223214285714286,0,0.2528134321239917,0.272819674744898,-0.020006242620906278,True,False,False
2026-04-28,2026-04-29,0.5030492239680361,0.5244444444444445,0,0.25305852173484333,0.27504197530864205,-0.021983453573798717,True,False,False
2026-04-29,2026-04-30,0.49248999046589204,0.5221238938053098,0,0.24254639070909442,0.2726133604824184,-0.030066969773323987,True,False,False
2026-04-30,2026-05-04,0.48636069302528945,0.5198237885462555,1,0.26382533766946087,0.2305691940460711,0.03325614362338977,False,True,False
2026-05-04,2026-05-05,0.43702382586207483,0.5175438596491229,1,0.3169421726469754,0.23276392736226525,0.08417824528471013,False,True,False
2026-05-05,2026-05-06,0.5340998632582423,0.519650655021834,1,0.2170629374159885,0.23073549322095308,-0.01367255580496457,True,False,False
2026-05-06,2026-05-07,0.4627939195862651,0.5217391304347826,1,0.28859037283348815,0.2287334593572779,0.05985691347621025,False,True,False
2026-05-07,2026-05-08,0.5296999196156321,0.5238095238095238,0,0.28058200484080714,0.2743764172335601,0.006205587607247043,False,True,False
2026-05-08,2026-05-11,0.49485976451852537,0.5258620689655172,1,0.2551666575022797,0.22480677764565993,0.030359879856619754,False,True,False
2026-05-11,2026-05-12,0.5244904556935182,0.5236051502145923,0,0.27509023811359434,0.2741623533312458,0.0009278847823485648,False,True,False
2026-05-12,2026-05-13,0.5026350472727317,0.5256410256410257,0,0.2526419907468612,0.2762984878369494,-0.023656497090088158,True,False,False
2026-05-13,2026-05-14,0.5036851051984315,0.5234042553191489,0,0.253698685198755,0.27395201448619283,-0.020253329287437838,True,False,False
2026-05-14,2026-05-15,0.4925784096362606,0.5211864406779662,1,0.2574766703672665,0.2292624245906348,0.028214245776631702,False,True,False
2026-05-15,2026-05-18,0.4298317095930898,0.5189873417721519,1,0.3250918793855387,0.23137317737542062,0.09371870201011806,False,True,False
2026-05-18,2026-05-19,0.6219541262075208,0.5210084033613446,1,0.14291868269151914,0.2294329496504484,-0.08651426695892925,True,False,False
2026-05-27,2026-05-28,0.506616469938688,0.525,0,0.2566602476131376,0.275625,-0.018964752386862405,True,False,False
2026-05-28,2026-05-29,0.4051361012754527,0.525,1,0.35386305800576856,0.225625,0.12823805800576857,False,True,False
2026-05-29,2026-06-01,0.49597233230767207,0.5228215767634855,1,0.2540438897993677,0.22769924760248617,0.02634464219688154,False,True,False
2026-06-01,2026-06-02,0.48258633573650983,0.5247933884297521,1,0.26771689996657166,0.22582132368007646,0.041895576286495206,False,True,False
2026-06-02,2026-06-03,0.5076855547403328,0.5267489711934157,1,0.2423735130113338,0.2239665362664905,0.018406976744843317,False,True,False
2026-06-03,2026-06-04,0.537141233665863,0.5286885245901639,0,0.2885207049040852,0.27951155603332434,0.009009148870760875,False,True,False
2026-06-04,2026-06-05,0.5403988510188897,0.5306122448979592,0,0.2920309181825362,0.2815493544356518,0.01048156374688436,False,True,False
2026-06-05,2026-06-08,0.503260640865023,0.5284552845528455,1,0.24674999091382768,0.2223544186661379,0.02439557224768979,False,True,False
2026-06-08,2026-06-09,0.47401541668934566,0.5263157894736842,0,0.224690615259174,0.27700831024930744,-0.052317694990133445,True,False,False
2026-06-09,2026-06-10,0.5047797252483166,0.5282258064516129,1,0.2452431205251328,0.22257088969823102,0.022672230826901785,False,True,False
2026-06-10,2026-06-11,0.46343746918154655,0.5261044176706827,1,0.28789934947830376,0.22457702295124274,0.06332232652706102,False,True,False
2026-06-11,2026-06-12,0.48135393962162437,0.528,0,0.23170161518925841,0.27878400000000003,-0.04708238481074162,True,False,False
2026-06-12,2026-06-15,0.5346692475760951,0.5298804780876494,0,0.2858712043035877,0.28077332105839586,0.0050978832451918366,False,True,False
2026-06-15,2026-06-16,0.6831820616563153,0.5277777777777778,1,0.10037360605634277,0.22299382716049382,-0.12262022110415105,True,False,False
2026-06-25,2026-06-26,0.5182727688516878,0.5275590551181102,0,0.268606662933195,0.27831855663711325,-0.009711893703918228,True,False,False
2026-06-26,2026-06-29,0.45049436677965005,0.5275590551181102,0,0.20294517450019786,0.27831855663711325,-0.07537338213691538,True,False,False
2026-06-29,2026-06-30,0.45650298072931295,0.5254901960784314,0,0.20839497141474747,0.2761399461745483,-0.06774497475980082,True,False,False
2026-06-30,2026-07-01,0.46791241606559175,0.5234375,0,0.21894202910833946,0.27398681640625,-0.05504478729791054,True,False,False
2026-07-01,2026-07-02,0.5009200620067259,0.5214007782101168,0,0.2509209085208221,0.2718587715181154,-0.020937862997293277,True,False,False
2026-07-02,2026-07-03,0.47250104605580207,0.5193798449612403,1,0.278255146412223,0.23099573342948138,0.04725941298274161,False,True,False
2026-07-03,2026-07-06,0.4919238092736454,0.5173745173745173,0,0.24198903413029382,0.2676763912285147,-0.025687357098220898,True,False,False
2026-07-06,2026-07-07,0.5120115328733742,0.5192307692307693,0,0.26215580979534236,0.2696005917159764,-0.007444781920634025,True,False,False
2026-07-07,2026-07-08,0.4330074668910126,0.5172413793103449,1,0.3214805326013461,0.23305588585017833,0.08842464675116779,False,True,False
2026-07-08,2026-07-09,0.49351699573303354,0.5152671755725191,0,0.24355902507735905,0.26550026222248124,-0.021941237145122194,True,False,False
2026-07-09,2026-07-13,0.5034854348236656,0.5171102661596958,1,0.24652671343224444,0.23318249504835983,0.01334421838388461,False,True,False
2026-07-13,2026-07-14,0.645242229756497,0.5151515151515151,1,0.12585307554814204,0.23507805325987147,-0.10922497771172943,True,False,False
2026-07-22,2026-07-23,0.4921650006543461,0.518796992481203,0,0.24222638786909248,0.2691503194075414,-0.026923931538448936,True,False,False
2026-07-23,2026-07-24,0.4819496497576012,0.518796992481203,1,0.268376165386272,0.23155633444513538,0.03681983094113664,False,True,False
2026-07-24,2026-07-27,0.500545570664342,0.5168539325842697,1,0.24945472698300777,0.2334301224592854,0.01602460452372237,False,True,False
2026-07-27,2026-07-28,0.4903062466592959,0.5186567164179104,0,0.24040021551312632,0.2690047894854088,-0.02860457397228247,True,False,False
2026-07-28,2026-07-29,0.4390462500551557,0.5204460966542751,1,0.31466910957718286,0.22997194621412084,0.08469716336306202,False,True,False
2026-07-29,2026-07-30,0.3345024898779956,0.5185185185185185,1,0.44288693597858736,0.2318244170096022,0.21106251896898515,False,True,False
2026-07-30,2026-07-31,0.41465444268459384,0.5202952029520295,0,0.17193830683807113,0.2707070982148935,-0.0987687913768224,True,False,False
2026-07-31,2026-08-03,0.4768426225936758,0.5220588235294118,1,0.27369364153466313,0.22842776816608992,0.04526587336857321,False,True,False
2026-08-03,2026-08-04,0.49743805618926556,0.5201465201465202,0,0.24744461974535492,0.27055240242053435,-0.023107782675179434,True,False,False
2026-08-04,2026-08-05,0.5314977226585671,0.5218978102189781,1,0.2194943838741089,0.22858170387340832,-0.009087319999299404,True,False,False
2026-08-05,2026-08-06,0.5516427033979009,0.52,0,0.30430967221214444,0.27040000000000003,0.033909672212144415,False,True,False
2026-08-06,2026-08-07,0.5555820511656567,0.5217391304347826,1,0.19750731324612494,0.2287334593572779,-0.031226146111152958,True,False,False
2026-08-07,2026-08-10,0.5252102242302514,0.51985559566787,1,0.22542533117548813,0.23053864901145596,-0.005113317835967829,True,False,False
2026-08-10,2026-08-11,0.5269619496089194,0.5215827338129496,1,0.22376499711779452,0.22888308058589102,-0.0051180834680965015,True,False,False
2026-08-11,2026-08-12,0.5387919866871692,0.5232974910394266,1,0.2127128315439683,0.22724528204930558,-0.014532450505337274,True,False,False
2026-08-12,2026-08-13,0.5357934417851036,0.525,1,0.21548772868972002,0.225625,-0.010137271310279972,True,False,False
2026-08-13,2026-08-14,0.5435604455340612,0.5266903914590747,0,0.29545795794918717,0.27740276845531336,0.018055189493873802,False,True,False
2026-08-14,2026-08-17,0.5716243002986201,0.5283687943262412,1,0.18350574009464682,0.2224359941652834,-0.03893025407063658,True,False,False
2026-08-17,2026-08-18,0.6969163628279611,0.5265017667844523,0,0.4856924167773543,0.27720411042714976,0.20848830635020454,False,True,False
2026-08-26,2026-08-27,0.5182013208464816,0.5263157894736842,1,0.23212996723407495,0.22437673130193908,0.007753235932135866,False,True,False
2026-08-27,2026-08-28,0.5275892780640179,0.5263157894736842,1,0.2231718902000758,0.22437673130193908,-0.0012048411018632799,True,False,False
2026-08-28,2026-08-31,0.5199080331941446,0.527972027972028,0,0.27030436297980376,0.27875446232089596,-0.008450099341092199,True,False,False
2026-08-31,2026-09-01,0.5335100512223506,0.5296167247386759,1,0.21761287231057394,0.22126042564557055,-0.0036475533349966116,True,False,False
2026-09-01,2026-09-02,0.5499921303267727,0.5277777777777778,0,0.3024913434213818,0.2785493827160494,0.023941960705332388,False,True,False
2026-09-02,2026-09-03,0.5076568419343934,0.5294117647058824,0,0.2577154691628017,0.28027681660899656,-0.022561347446194868,True,False,False
2026-09-03,2026-09-04,0.5133215344363392,0.5275862068965518,0,0.26349899771607777,0.27834720570749116,-0.014848207991413398,True,False,False
2026-09-04,2026-09-07,0.5090378609624424,0.5257731958762887,1,0.24104382196833402,0.22489106174938886,0.016152760218945156,False,True,False
2026-09-07,2026-09-08,0.525458851533296,0.523972602739726,0,0.27610700465469035,0.27454728842184273,0.0015597162328476188,False,True,False
2026-09-08,2026-09-09,0.5090764450082961,0.5255972696245734,0,0.2591588268622847,0.27625248983680656,-0.01709366297452186,True,False,False
2026-09-09,2026-09-10,0.5316366984446813,0.5238095238095238,0,0.282637579133161,0.2743764172335601,0.00826116189960091,False,True,False
2026-09-10,2026-09-11,0.52931551476601,0.5220338983050847,0,0.2801749141720062,0.27251939097960354,0.007655523192402647,False,True,False
2026-09-11,2026-09-14,0.5214818351439549,0.5202702702702703,1,0.2289796340971972,0.23014061358655952,-0.001160979489362307,True,False,False
2026-09-14,2026-09-15,0.6633864953632487,0.5185185185185185,1,0.1133086515038362,0.2318244170096022,-0.11851576550576601,True,False,False
2026-09-23,2026-09-24,0.5236814249380674,0.5217391304347826,0,0.2742422348251647,0.2722117202268431,0.0020305145983215978,False,True,False
2026-09-24,2026-09-29,0.5278619173893516,0.5217391304347826,0,0.2786382038299627,0.2722117202268431,0.006426483603119593,False,True,False
2026-09-29,2026-09-30,0.4983384387490478,0.52,1,0.2516643220367428,0.2304,0.021264322036742833,False,True,False
2026-09-30,2026-10-01,0.48129160105759317,0.5182724252491694,1,0.2690584031333951,0.2320614562753171,0.03699694685807797,False,True,False
