bin,lowerInclusive,upperExclusive,upperInclusive,count,meanForecast,actualPositiveRate,absoluteCalibrationGap,naiveCount,naiveMeanForecast,naiveActualPositiveRate,naiveAbsoluteCalibrationGap
0,0.0,0.1,,3,0.03413561321572294,0.6666666666666666,0.6325310534509437,0,,,
1,0.1,0.2,,1,0.13792446884740886,1,0.8620755311525912,0,,,
2,0.2,0.3,,2,0.2545488910297134,0.5,0.2454511089702866,0,,,
3,0.3,0.4,,10,0.3644075027998718,0.5,0.13559249720012823,1,0.3870967741935484,1,0.6129032258064516
4,0.4,0.5,,90,0.46693075894458036,0.5444444444444444,0.07751368549986404,57,0.4664603323850269,0.5964912280701754,0.13003089568514853
5,0.5,0.6,,156,0.5258848117168667,0.5128205128205128,0.013064298896353965,214,0.5179402109382606,0.5186915887850467,0.0007513778467861387
6,0.6,0.7,,8,0.6688776359463835,0.875,0.2061223640536165,0,,,
7,0.7,0.8,,0,,,,0,,,
8,0.8,0.9,,0,,,,0,,,
9,0.9,,1.0,2,0.9618537473009645,0.5,0.4618537473009645,0,,,
