index,windowSize,startDate,endDate,rollingModelBrier,rollingNaiveBrier,rollingForecastMean,rollingRealizedPositiveRate
20,20,2025-03-05,2025-04-11,0.29781152807060957,0.2720032836331022,0.47271567874341563,0.55
21,20,2025-03-06,2025-04-14,0.32504371237435625,0.26968328363310223,0.45464457399090735,0.55
22,20,2025-03-07,2025-04-23,0.3159538346582138,0.261551652996869,0.4582915732137895,0.5
23,20,2025-03-10,2025-04-24,0.3213560756371009,0.25842174129198736,0.45296539045180767,0.5
24,20,2025-03-11,2025-04-25,0.3255064504296849,0.2568166421109148,0.4490880094332257,0.5
25,20,2025-03-12,2025-04-28,0.3355550738549475,0.2615052471583562,0.45263047112214194,0.55
26,20,2025-03-13,2025-04-29,0.3346988199490745,0.25794410699981346,0.4472724843379733,0.5
27,20,2025-03-14,2025-04-30,0.34589258938379897,0.2614763648103451,0.4603108597405815,0.55
28,20,2025-03-17,2025-05-02,0.33957739998665687,0.2621400516311031,0.4540674348027899,0.55
29,20,2025-03-26,2025-05-05,0.3407921170888687,0.26378592071585577,0.4555255133450878,0.55
30,20,2025-03-27,2025-05-06,0.3437627996771535,0.268558175455873,0.4545685677428657,0.6
31,20,2025-03-28,2025-05-07,0.3537350214266786,0.2662491476780952,0.4432005384948544,0.6
32,20,2025-03-31,2025-05-08,0.3534098372852779,0.26287623055146325,0.44350543119119423,0.6
33,20,2025-04-01,2025-05-09,0.3486389810975284,0.2670120159790578,0.4385509420090995,0.65
34,20,2025-04-02,2025-05-12,0.3483642557302558,0.2701499572521558,0.43883672660492756,0.7
35,20,2025-04-07,2025-05-13,0.3574057911948854,0.266508428326536,0.42782515780180186,0.7
36,20,2025-04-08,2025-05-14,0.37003416416789775,0.26270464426634166,0.4049769429508696,0.65
37,20,2025-04-09,2025-05-15,0.3439242483419121,0.25848501195769064,0.42457668236100526,0.65
38,20,2025-04-10,2025-05-16,0.3550443856442832,0.26137903861164813,0.447964054877479,0.65
39,20,2025-04-11,2025-05-19,0.33177201934401,0.26265108542056775,0.41587105475380204,0.7
40,20,2025-04-14,2025-05-28,0.29832327057724284,0.2606944007058656,0.4400534472758261,0.65
41,20,2025-04-23,2025-05-29,0.26636840658957206,0.2568103190732125,0.4625964187366624,0.65
42,20,2025-04-24,2025-06-02,0.2702968902468114,0.25901402384203714,0.4665912264283354,0.65
43,20,2025-04-25,2025-06-03,0.26816619029416017,0.2577210719280916,0.4706610911169688,0.6
44,20,2025-04-28,2025-06-04,0.2633772896537342,0.25491121170947284,0.47519014505067264,0.6
45,20,2025-04-29,2025-06-05,0.25849538698670815,0.25299077275199683,0.47982766281161277,0.6
46,20,2025-04-30,2025-06-06,0.25976146614276774,0.2539861079218775,0.4847406328911896,0.65
47,20,2025-05-02,2025-06-09,0.2570093987816866,0.2524280686743225,0.4875310021977479,0.65
48,20,2025-05-05,2025-06-10,0.25912451220525007,0.2527541806671611,0.4909303057616083,0.7
49,20,2025-05-06,2025-06-11,0.26498427071779795,0.2549163107664997,0.4968996447772486,0.7
50,20,2025-05-07,2025-06-12,0.26666325678539793,0.2552451566113246,0.5022871570878239,0.65
51,20,2025-05-08,2025-06-13,0.2630427816050005,0.2523041843891024,0.5057865928215175,0.65
52,20,2025-05-09,2025-06-16,0.26765506322058785,0.25013566323474506,0.5017452738696273,0.65
53,20,2025-05-12,2025-06-25,0.2702758401886767,0.25086759060572617,0.5048276246649446,0.6
54,20,2025-05-13,2025-06-26,0.26802530517312845,0.24900695387618182,0.5072194663866081,0.6
55,20,2025-05-14,2025-06-27,0.26524591798676445,0.24784482235690744,0.5100415095153665,0.6
56,20,2025-05-15,2025-06-30,0.262547533492045,0.24602991275227198,0.5124707617287539,0.65
57,20,2025-05-16,2025-07-01,0.2624687043747691,0.2450926677420637,0.512554758176732,0.65
58,20,2025-05-19,2025-07-02,0.26106922496195906,0.2427861767588788,0.5169271683321551,0.7
59,20,2025-05-28,2025-07-03,0.2544956852078692,0.2458866907855882,0.5296015796063728,0.65
60,20,2025-05-29,2025-07-04,0.25660483087308034,0.24781811564691006,0.5315688912964661,0.65
61,20,2025-06-02,2025-07-07,0.260382776419248,0.25084318493388413,0.5335362868161344,0.6
62,20,2025-06-03,2025-07-08,0.2610597183478625,0.2524856340112133,0.5341654865833118,0.6
63,20,2025-06-04,2025-07-09,0.2584163811983676,0.2502042760740386,0.534740006224296,0.65
64,20,2025-06-05,2025-07-10,0.260952531163529,0.2519246135377874,0.5355741505309081,0.6
65,20,2025-06-06,2025-07-11,0.2637481663633663,0.25357128624036773,0.536325734787775,0.55
66,20,2025-06-09,2025-07-14,0.26538721061900306,0.2526212339165758,0.5346251856922827,0.55
67,20,2025-06-10,2025-07-23,0.2655096934664532,0.25201502523119207,0.5344939200508042,0.55
68,20,2025-06-11,2025-07-24,0.26816420180358486,0.2542919493483548,0.5359437245001671,0.5
69,20,2025-06-12,2025-07-25,0.26813029977747566,0.25455449267828995,0.5359129160544073,0.5
70,20,2025-06-13,2025-07-28,0.26623364268617994,0.2542166528576555,0.5341944539377542,0.5
71,20,2025-06-16,2025-07-29,0.26612107538901064,0.2544554028576555,0.5343114361535322,0.5
72,20,2025-06-25,2025-07-30,0.25892617145652236,0.25463263608030545,0.5409116380791482,0.5
73,20,2025-06-26,2025-07-31,0.25725492690493407,0.25408086534482954,0.5393642925978568,0.5
74,20,2025-06-27,2025-08-01,0.26082705061234657,0.25678457562480733,0.5377126704435916,0.45
75,20,2025-06-30,2025-08-04,0.2634265907158885,0.25892673672988054,0.5367836204889218,0.4
76,20,2025-07-01,2025-08-05,0.26732907566112546,0.26107856216593733,0.5355217142716667,0.35
77,20,2025-07-02,2025-08-06,0.2676489968949621,0.26229465638214455,0.5351826647516728,0.35
78,20,2025-07-03,2025-08-07,0.2703656519772469,0.26445996511065467,0.532167647870116,0.3
79,20,2025-07-04,2025-08-08,0.26502083663300785,0.26162525578394197,0.5298449871281694,0.35
80,20,2025-07-07,2025-08-11,0.2620517340032571,0.2591997510248584,0.5270311092603915,0.35
81,20,2025-07-08,2025-08-12,0.25772329266768956,0.25642835014739696,0.525640075313359,0.4
82,20,2025-07-09,2025-08-13,0.25580790791327046,0.2546575484805454,0.5238194523909386,0.4
83,20,2025-07-10,2025-08-14,0.25596134180884605,0.25579237430950647,0.5236559289020345,0.4
84,20,2025-07-11,2025-08-15,0.25286179395495745,0.2541918969386381,0.5234117342201609,0.45
85,20,2025-07-14,2025-08-18,0.253634646845083,0.2529876680649282,0.5241244543589497,0.45
86,20,2025-07-23,2025-08-27,0.2551208791793659,0.2547035817970964,0.5254640733388155,0.4
87,20,2025-07-24,2025-08-28,0.2556498364878926,0.25553171004137487,0.5249054469867922,0.4
88,20,2025-07-25,2025-08-29,0.2542979688785093,0.25442442572189056,0.5236240090874447,0.4
89,20,2025-07-28,2025-09-01,0.2521663164873243,0.25242682010869744,0.5206459748648152,0.45
90,20,2025-07-29,2025-09-02,0.24996150286449498,0.2513432760841267,0.5184977906384397,0.45
91,20,2025-07-30,2025-09-03,0.2523512400045667,0.2527434149730156,0.5188660683409818,0.4
92,20,2025-07-31,2025-09-04,0.25395465002911205,0.2536824262369527,0.5183898743574701,0.35
93,20,2025-08-01,2025-09-05,0.2517308280600276,0.2526828107044652,0.5181466768652782,0.4
94,20,2025-08-04,2025-09-08,0.2500603387563911,0.25164384060958983,0.517761880001121,0.45
95,20,2025-08-05,2025-09-09,0.24853982157830953,0.250663811023791,0.517556469437003,0.5
96,20,2025-08-06,2025-09-10,0.2469708823837838,0.24974012122787265,0.5163467248400351,0.55
97,20,2025-08-07,2025-09-11,0.24759295094721323,0.24981369336996603,0.5157009426724523,0.55
98,20,2025-08-08,2025-09-12,0.25020200919956326,0.250176482906795,0.5181920666611645,0.55
99,20,2025-08-11,2025-09-15,0.2495739221657167,0.24986611620690646,0.5188668438136023,0.55
100,20,2025-08-12,2025-09-24,0.25072505833238845,0.2504167713975071,0.5199938328597037,0.55
101,20,2025-08-13,2025-09-25,0.2537929453549677,0.251648249709405,0.5202272196276831,0.5
102,20,2025-08-14,2025-09-26,0.25248579552251477,0.2520010846021379,0.518905809761395,0.5
103,20,2025-08-15,2025-09-30,0.2533048262142512,0.25206760893053315,0.5180514569980248,0.5
104,20,2025-08-18,2025-10-01,0.25413828960753176,0.25247654551389676,0.5160788637192579,0.45
105,20,2025-08-27,2025-10-02,0.25018835807721745,0.2516637519412081,0.5150152634431523,0.5
106,20,2025-08-28,2025-10-03,0.24914855636329775,0.251044502329814,0.5132321904947688,0.55
107,20,2025-08-29,2025-10-07,0.25046474097407845,0.2518421713440868,0.5124717914615609,0.5
108,20,2025-09-01,2025-10-08,0.24798087751820322,0.2510861316591532,0.5135434209339043,0.55
109,20,2025-09-02,2025-10-09,0.2491530865132121,0.25187121388998823,0.5156347758815216,0.5
110,20,2025-09-03,2025-10-13,0.2495373960383323,0.25220563817566044,0.5160225158846684,0.5
111,20,2025-09-04,2025-10-22,0.24882390203271607,0.25196343299231955,0.5153371916862043,0.5
112,20,2025-09-05,2025-10-23,0.2486363046913544,0.25193390136080046,0.5151531231776295,0.5
113,20,2025-09-08,2025-10-27,0.2506271002783844,0.25193390136080046,0.5151732571595788,0.45
114,20,2025-09-09,2025-10-28,0.2508199349316628,0.25190525955216586,0.5149761820027663,0.45
115,20,2025-09-10,2025-10-29,0.25180563707912124,0.25156044859537574,0.5146592857387773,0.4
116,20,2025-09-11,2025-10-30,0.2526209893390381,0.25193265691880024,0.5138517725292568,0.4
117,20,2025-09-12,2025-10-31,0.2537026381216564,0.25198621281013506,0.513745470612352,0.35
118,20,2025-09-15,2025-11-03,0.2508118932181133,0.25121919705054935,0.5109703422757919,0.35
119,20,2025-09-24,2025-11-04,0.2512264838634518,0.251652684869555,0.507283490600009,0.3
120,20,2025-09-25,2025-11-05,0.24885312741125185,0.2503733314154087,0.5049013768563738,0.3
121,20,2025-09-26,2025-11-06,0.24685368181763104,0.2502678218822068,0.5035616250848148,0.35
122,20,2025-09-30,2025-11-07,0.24788222319542214,0.2488746382059015,0.5046072178552834,0.35
123,20,2025-10-01,2025-11-10,0.24894609292108244,0.24991710772608444,0.5035402357803105,0.35
124,20,2025-10-02,2025-11-11,0.24790405123789208,0.24892478724977352,0.5024503530306327,0.35
125,20,2025-10-03,2025-11-12,0.24950656841598937,0.24865421946955735,0.5012869863328812,0.3
126,20,2025-10-07,2025-11-13,0.24903743112525747,0.24965817768066859,0.5017532064363727,0.3
127,20,2025-10-08,2025-11-14,0.24858087077865562,0.24834477999736973,0.50129774511684,0.3
128,20,2025-10-09,2025-11-17,0.2486635670113113,0.24969508766974585,0.5012087843874176,0.3
129,20,2025-10-13,2025-11-26,0.24811138322296977,0.2501286679140008,0.4985162498566257,0.35
130,20,2025-10-22,2025-11-27,0.24762314291138868,0.250381801472371,0.4990645317302408,0.4
131,20,2025-10-23,2025-11-28,0.2460147788946055,0.24958668026682299,0.497448201237924,0.4
132,20,2025-10-27,2025-12-01,0.2457948956564474,0.24987892518092703,0.49689116526626037,0.45
133,20,2025-10-28,2025-12-02,0.2452017020938277,0.2505038299210581,0.4954576980958692,0.5
134,20,2025-10-29,2025-12-03,0.24516982293188488,0.2507927504267542,0.4954901690442734,0.5
135,20,2025-10-30,2025-12-04,0.24421365565133757,0.25144429844481736,0.49577675537039456,0.55
136,20,2025-10-31,2025-12-05,0.24341641675886747,0.2514232644097308,0.4965660444436547,0.55
137,20,2025-11-03,2025-12-08,0.24290307380436438,0.25176338450731006,0.49605747270224687,0.55
138,20,2025-11-04,2025-12-09,0.24142941137107796,0.2517836216784266,0.49829212209852547,0.6
139,20,2025-11-05,2025-12-10,0.24425840693016174,0.2521191768281709,0.501143249766346,0.6
140,20,2025-11-06,2025-12-11,0.24847385373792777,0.2524699738592229,0.49961847782841806,0.65
141,20,2025-11-07,2025-12-12,0.2505803429039399,0.2517944183036673,0.5010584815589058,0.6
142,20,2025-11-10,2025-12-15,0.24739710798284326,0.25246275598552387,0.5042268794470441,0.65
143,20,2025-11-11,2025-12-24,0.24595406955185747,0.25165211372358337,0.5056856017229256,0.65
144,20,2025-11-12,2025-12-26,0.24674627110488245,0.25231166660582643,0.5081372170882474,0.7
145,20,2025-11-13,2025-12-29,0.24652336218354942,0.253241591924814,0.5079154416592383,0.7
146,20,2025-11-14,2025-12-30,0.24529539601394512,0.25199723506864796,0.5091792273213357,0.7
147,20,2025-11-17,2025-12-31,0.2447229085370041,0.25265780564972773,0.5100972337736865,0.75
148,20,2025-11-26,2026-01-02,0.24846000963035866,0.25142881141526074,0.5063812409854178,0.75
149,20,2025-11-27,2026-01-05,0.25107559698395926,0.25007480141307353,0.5039844919559662,0.75
150,20,2025-11-28,2026-01-06,0.25053904378927416,0.24998435398054414,0.5023883097739485,0.7
151,20,2025-12-01,2026-01-07,0.2537366172220576,0.25144876370276636,0.5055075025580266,0.7
152,20,2025-12-02,2026-01-08,0.25459308812699827,0.2516787315987885,0.5066838616996191,0.65
153,20,2025-12-03,2026-01-09,0.25616662201336626,0.25051041422733267,0.5051812347658126,0.65
154,20,2025-12-04,2026-01-12,0.25511005785649715,0.2496395805164155,0.5062828633490747,0.65
155,20,2025-12-05,2026-01-13,0.2579309201479167,0.24879527256667364,0.503543679072654,0.65
156,20,2025-12-08,2026-01-14,0.2568518160755122,0.24797675335503402,0.5046537719572852,0.65
157,20,2025-12-09,2026-01-15,0.2560090444787935,0.24718330902620989,0.5055514428888015,0.7
158,20,2025-12-10,2026-01-16,0.25688717877888323,0.24641424805636203,0.5046203060707374,0.7
159,20,2025-12-11,2026-01-19,0.2545969570158546,0.2453730529454521,0.5044392667144519,0.75
160,20,2025-12-12,2026-01-28,0.25355793180491815,0.24687095979225454,0.5091043829037953,0.7
161,20,2025-12-15,2026-01-29,0.2522722720049122,0.2482213753047199,0.5078742607088804,0.7
162,20,2025-12-24,2026-01-30,0.2558674390202053,0.24957291129777853,0.5051126133228061,0.65
163,20,2025-12-26,2026-02-02,0.25573270494463185,0.2507803703687372,0.5029755527018162,0.6
164,20,2025-12-29,2026-02-03,0.25667443527126105,0.25184764052988917,0.5023113930567197,0.55
165,20,2025-12-30,2026-02-04,0.2567545831012607,0.2507973934959096,0.5021976529892866,0.6
166,20,2025-12-31,2026-02-05,0.25787306734814147,0.2505894840915167,0.5010439291142618,0.6
167,20,2026-01-02,2026-02-06,0.2574733208579024,0.2516489808393852,0.49912704484234505,0.55
168,20,2026-01-05,2026-02-09,0.25398566465813116,0.25119657627930253,0.5025767320380011,0.55
169,20,2026-01-06,2026-02-10,0.24725546987866637,0.25100596436080386,0.509271083465929,0.55
170,20,2026-01-07,2026-03-03,0.24433566568661058,0.25131788720965376,0.5059958779077048,0.55
171,20,2026-01-08,2026-03-04,0.23805333038575696,0.25149066498743156,0.49942505688147204,0.55
172,20,2026-01-09,2026-03-05,0.23368558199132308,0.25167632575375537,0.49481835315960315,0.55
173,20,2026-01-12,2026-03-06,0.23362377310005972,0.2514881924582102,0.4948757914328543,0.55
174,20,2026-01-13,2026-03-09,0.2292965701995979,0.2525180160534804,0.4865352684012202,0.5
175,20,2026-01-14,2026-03-10,0.2219793942514477,0.25380169420838516,0.4828692484378239,0.45
176,20,2026-01-15,2026-03-11,0.21757352399864108,0.2550854312792181,0.47515356365663197,0.4
177,20,2026-01-16,2026-03-12,0.2206329854456664,0.255398151694384,0.47216756653822517,0.4
178,20,2026-01-19,2026-03-13,0.22788577387566614,0.2559567717159137,0.46553954147617804,0.4
179,20,2026-01-28,2026-03-16,0.22661493391324533,0.25652182037711946,0.4669050502106454,0.4
180,20,2026-01-29,2026-03-25,0.22545254046308175,0.25446732323200105,0.46429501488632474,0.45
181,20,2026-01-30,2026-03-26,0.22822919004665856,0.2524128260868826,0.46067838051447574,0.5
182,20,2026-02-02,2026-03-27,0.22957315934574665,0.25039143510863276,0.45835049943035955,0.55
183,20,2026-02-03,2026-03-30,0.23361676921625255,0.2484024707554624,0.45671293378727146,0.6
184,20,2026-02-04,2026-03-31,0.231039784345878,0.24855794663847766,0.45400501144382266,0.6
185,20,2026-02-05,2026-04-01,0.23204548879650405,0.24817825653869724,0.45302242324881414,0.6
186,20,2026-02-06,2026-04-02,0.2261469916138198,0.24987947926192772,0.4457458102308107,0.55
187,20,2026-02-09,2026-04-07,0.22684961612321644,0.2479718437009846,0.4473524263092762,0.6
188,20,2026-02-10,2026-04-08,0.22683631198031512,0.24990275434887188,0.44443893709248083,0.55
189,20,2026-03-03,2026-04-09,0.22774291368712918,0.2495283651948422,0.4434223386273343,0.55
190,20,2026-03-04,2026-04-10,0.23317870338523092,0.24955687335772453,0.44919613160436195,0.55
191,20,2026-03-05,2026-04-13,0.23026535270053947,0.24742633616764187,0.4618641007502035,0.6
192,20,2026-03-06,2026-04-22,0.2346833702656576,0.24769201821280892,0.46651908318704194,0.6
193,20,2026-03-09,2026-04-23,0.24538030485089737,0.24732280121459158,0.45793796208433796,0.6
194,20,2026-03-10,2026-04-24,0.2565553142713686,0.24571084611613064,0.4598521607685378,0.65
195,20,2026-03-11,2026-04-27,0.261808641543029,0.24610572258693958,0.46577351021105007,0.65
196,20,2026-03-12,2026-04-28,0.26758897526164815,0.24674062920484044,0.4723887219261506,0.65
197,20,2026-03-13,2026-04-29,0.26501934319407544,0.2483520211426196,0.4741212936817411,0.6
198,20,2026-03-16,2026-04-30,0.2593969768045746,0.24774017418665806,0.47910986246022114,0.6
199,20,2026-03-25,2026-05-04,0.2650433160358261,0.24735451700447547,0.47354508505986675,0.6
200,20,2026-03-26,2026-05-05,0.26263247845018944,0.24709537329817619,0.476002732898012,0.6
201,20,2026-03-27,2026-05-06,0.26126643110686987,0.24673612789869312,0.47724542336634185,0.6
202,20,2026-03-30,2026-05-07,0.26092426540279523,0.24877057509401143,0.4805364503346783,0.55
203,20,2026-03-31,2026-05-08,0.2582519515625288,0.24843651027390926,0.48305590946259314,0.55
204,20,2026-04-01,2026-05-11,0.26193790298534275,0.2485659729117074,0.4868432304577569,0.55
205,20,2026-04-02,2026-05-12,0.26096725746658417,0.2510218266423618,0.4880544240118232,0.5
206,20,2026-04-07,2026-05-13,0.26723673570291123,0.2511510120070175,0.49532854802765464,0.5
207,20,2026-04-08,2026-05-14,0.2680470239054163,0.25124474880582226,0.4945171359704272,0.5
208,20,2026-04-09,2026-05-15,0.273222571459551,0.24925503947819921,0.4924725297284562,0.55
209,20,2026-04-10,2026-05-18,0.26996871451987375,0.24934717345175775,0.4963735154896625,0.55
210,20,2026-04-13,2026-05-27,0.26883783414762874,0.2495799152888754,0.49528096604434946,0.55
211,20,2026-04-22,2026-05-28,0.28094313387462494,0.24947170247895806,0.48225281399363723,0.55
212,20,2026-04-23,2026-05-29,0.28006822403134746,0.24720517553191734,0.4809965804528159,0.6
213,20,2026-04-24,2026-06-01,0.26831333581486383,0.24709700464100842,0.4905806100538867,0.6
214,20,2026-04-27,2026-06-02,0.26260817911883216,0.24678393971108453,0.49581772044259514,0.6
215,20,2026-04-28,2026-06-03,0.26439354275783683,0.24711853377550586,0.4975345040783014,0.6
216,20,2026-04-29,2026-06-04,0.2663421625802215,0.24744390273185635,0.4994019854308441,0.6
217,20,2026-04-30,2026-06-05,0.2665523425904581,0.2449309556410423,0.49994051795080063,0.65
218,20,2026-05-04,2026-06-08,0.2645956064699438,0.24725291145120412,0.49932325413400347,0.6
219,20,2026-05-05,2026-06-09,0.2610106538638517,0.24674325956800242,0.5027110491033155,0.6
220,20,2026-05-06,2026-06-10,0.26455247446696745,0.2464353360545169,0.49917792939948075,0.6
221,20,2026-05-07,2026-06-11,0.26170803658475594,0.248937863086653,0.5001059304012487,0.55
222,20,2026-05-08,2026-06-12,0.261972496557895,0.2492577082778948,0.5003543967992718,0.55
223,20,2026-05-11,2026-06-15,0.25423284398559814,0.24916706075363648,0.5097705116561614,0.55
224,20,2026-05-12,2026-06-25,0.2539086652265782,0.24937487091892988,0.5094596273140698,0.55
225,20,2026-05-13,2026-06-26,0.251423824414245,0.24947587435893806,0.5068525932894158,0.55
226,20,2026-05-14,2026-06-29,0.24915863872504462,0.24958527094335584,0.5044934870659599,0.55
227,20,2026-05-15,2026-06-30,0.24723190666209827,0.2518214905341366,0.5032601873874264,0.5
228,20,2026-05-18,2026-07-01,0.24352335811886244,0.2538457702412713,0.5068146050081082,0.45
229,20,2026-05-27,2026-07-02,0.25029018130489766,0.25392390943022297,0.49934195100052226,0.45
230,20,2026-05-28,2026-07-03,0.24955662063075545,0.2535264789916487,0.49860731796727015,0.45
231,20,2026-05-29,2026-07-06,0.24497125822023413,0.25572525857744755,0.5039510895471662,0.4
232,20,2026-06-01,2026-07-07,0.24834309036033306,0.25599309048983215,0.5008028462763332,0.4
233,20,2026-06-02,2026-07-08,0.24713519661587244,0.2579770374169524,0.5013493792761594,0.35
234,20,2026-06-03,2026-07-09,0.24734285663691796,0.25843783535604586,0.5011393732803261,0.35
235,20,2026-06-04,2026-07-13,0.2392094751691208,0.2562161602173732,0.5065444230848578,0.4
236,20,2026-06-05,2026-07-22,0.23671924865344862,0.2555962084659677,0.5041327305666305,0.4
237,20,2026-06-08,2026-07-23,0.23780055737707084,0.25605630425491754,0.5030671810112595,0.4
238,20,2026-06-09,2026-07-24,0.2390387629632625,0.25387739486541644,0.5043936887100093,0.45
239,20,2026-06-10,2026-07-27,0.2387966177126622,0.25619908985477535,0.5036700147805583,0.4
240,20,2026-06-11,2026-07-28,0.24013510571760616,0.25646883601791925,0.5024504538242387,0.4
241,20,2026-06-12,2026-07-29,0.2506943717570726,0.25412085686839936,0.4951078813370573,0.45
242,20,2026-06-15,2026-07-30,0.24499772688379678,0.25361754572622425,0.4891071410924822,0.45
243,20,2026-06-25,2026-07-31,0.2536637286577128,0.25388924277650404,0.47879016913935024,0.45
244,20,2026-06-26,2026-08-03,0.2526056264983208,0.2535009350656751,0.47774843350622914,0.45
245,20,2026-06-29,2026-08-04,0.25343308696701633,0.25101409242748984,0.481798601300175,0.5
246,20,2026-06-30,2026-08-05,0.2582288220068862,0.25072709511876246,0.4865555874336044,0.5
247,20,2026-07-01,2026-08-06,0.2571570862137755,0.24846442726631385,0.49093906918860764,0.55
248,20,2026-07-02,2026-08-07,0.25588230734650874,0.24639842114098087,0.49215357729978393,0.6
249,20,2026-07-03,2026-08-10,0.2531577998817873,0.24629278849880135,0.4948766224774398,0.6
250,20,2026-07-06,2026-08-11,0.25169398975247104,0.24427123303984088,0.497220031348116,0.65
251,20,2026-07-07,2026-08-12,0.24936058569718994,0.24207245345404207,0.4984091267937024,0.7
252,20,2026-07-08,2026-08-13,0.248059456964582,0.24428979758429883,0.5039367757258548,0.65
253,20,2026-07-09,2026-08-14,0.2450567927154464,0.24213658418143894,0.5078421409541342,0.7
254,20,2026-07-13,2026-08-17,0.2570150778827019,0.24433766495037842,0.517513687354349,0.65
255,20,2026-07-22,2026-08-26,0.2623289224669985,0.24380259885248182,0.5111616419088482,0.65
256,20,2026-07-23,2026-08-27,0.2613761975835477,0.2415639194472017,0.5129328557793318,0.7
257,20,2026-07-24,2026-08-28,0.26147260746322426,0.24392382584098973,0.5148307749511589,0.65
258,20,2026-07-27,2026-08-31,0.2598805147296026,0.24331534100030397,0.5164789989790594,0.65
259,20,2026-07-28,2026-09-01,0.26298507112501535,0.24379257066183602,0.5194632931624332,0.65
260,20,2026-07-29,2026-09-02,0.2601373891042963,0.2463078141815798,0.5228938227563952,0.6
261,20,2026-07-30,2026-09-03,0.2511679921911708,0.24863395361647425,0.5318347749843123,0.55
262,20,2026-07-31,2026-09-04,0.254623267947684,0.24634315179319902,0.5365539458982047,0.6
263,20,2026-08-03,2026-09-07,0.25474393610368534,0.24864912780598666,0.5389847573451857,0.55
264,20,2026-08-04,2026-09-08,0.2553296464595318,0.24893413217680027,0.5395666767861372,0.55
265,20,2026-08-05,2026-09-09,0.25848680622248443,0.2512238678448079,0.539573625575443,0.5
266,20,2026-08-06,2026-09-10,0.2572800683204775,0.251329837393788,0.5384572661438485,0.5
267,20,2026-08-07,2026-09-11,0.25885368436303113,0.25140019510525213,0.5367522553427634,0.5
268,20,2026-08-10,2026-09-14,0.2532478503794485,0.25146448350515943,0.5436610688994132,0.5
269,20,2026-08-11,2026-09-23,0.25577171226481704,0.253630915487207,0.5434970426658706,0.45
270,20,2026-08-12,2026-09-24,0.25906798087911675,0.2558792373960839,0.5429505392009797,0.4
271,20,2026-08-13,2026-09-29,0.2608768105464679,0.2561179873960839,0.5410777890491769,0.4
272,20,2026-08-14,2026-09-30,0.25955683280567826,0.25385092178708407,0.5379643468253535,0.45
